MSZoning,LotFrontage,LotArea,LotShape,Neighborhood,HouseStyle,OverallQual,YearBuilt,YearRemodAdd,RoofStyle,RoofMatl,Exterior1st,Exterior2nd,MasVnrArea,ExterQual,ExterCond,Foundation,BsmtQual,BsmtExposure,BsmtFinSF1,BsmtUnfSF,TotalBsmtSF,HeatingQC,CentralAir,Electrical,1stFlrSF,2ndFlrSF,GrLivArea,BsmtFullBath,FullBath,HalfBath,BedroomAbvGr,KitchenAbvGr,KitchenQual,TotRmsAbvGrd,Functional,Fireplaces,GarageType,GarageYrBlt,GarageFinish,GarageCars,GarageArea,GarageQual,GarageCond,PavedDrive,WoodDeckSF,OpenPorchSF,EnclosedPorch,ScreenPorch,PoolQC,Fence,SaleCondition,SQR_ROOM,TOTAL_ROOMS,TOTAL_AREA,TOTAL_VOL
0.0,-0.25,-0.25407608695652173,0.0,-0.7,1.0,0.5,0.6521739130434783,0.24324324324324326,0.0,0.0,0.0,0.0,1.1933028919330289,-1.0,0.0,1.0,0.0,0.0,0.45279045279045277,-0.5598290598290598,-0.26965174129353237,0.0,0.0,0.0,-0.4536082474226804,1.1730769230769231,0.38006952491309387,1.0,0.0,1.0,0.0,0.0,-1.0,1.0,0.0,-1.0,0.0,0.5897435897435898,0.0,0.0,0.2815734989648033,0.0,0.0,0.0,0.0,0.5294117647058824,0.0,0.0,0.0,0.0,0.0,-0.22326454033771095,1.0,0.08748114630467571,1.3469403274327407
0.0,0.5,0.030014822134387352,0.0,1.2,0.0,0.0,0.06521739130434782,-0.4864864864864865,0.0,0.0,-1.0,-1.0,0.0,0.0,0.0,0.0,0.0,-2.0,0.8346788346788346,-0.33076923076923076,0.5383084577114428,0.0,0.0,0.0,0.3436426116838488,0.0,-0.3120896098879876,0.0,0.0,0.0,0.0,0.0,0.0,0.0,0.0,0.0,0.0,-0.10256410256410256,0.0,0.0,-0.08281573498964803,0.0,0.0,0.0,1.7738095238095237,-0.36764705882352944,0.0,0.0,0.0,0.0,0.0,-0.2830936001667706,0.0,0.04524886877828054,0.0
0.0,-0.1,0.4376235177865613,-1.0,-0.7,1.0,0.5,0.6086956521739131,0.21621621621621623,0.0,0.0,0.0,0.0,0.9863013698630136,-1.0,0.0,1.0,0.0,-1.0,0.14391014391014392,-0.07435897435897436,-0.14228855721393036,0.0,0.0,0.0,-0.32793323514973,1.1895604395604396,0.4974893781382773,1.0,0.0,1.0,0.0,0.0,-1.0,0.0,0.0,0.0,0.0,0.5384615384615384,0.0,0.0,0.5300207039337475,0.0,0.0,0.0,0.0,0.25,0.0,0.0,0.0,0.0,0.0,1.2461955388784653,0.3333333333333333,0.22825540472599296,1.1377581920083129
0.0,-0.5,0.017663043478260868,-1.0,-0.6,1.0,0.5,-1.2608695652173914,-0.6486486486486487,0.0,0.0,0.25,0.4,0.0,0.0,0.0,-1.0,1.0,0.0,-0.23517023517023516,0.10683760683760683,-0.46865671641791046,0.5,0.0,0.0,-0.24742268041237114,1.0384615384615385,0.39088451139436076,1.0,-1.0,0.0,0.0,0.0,-1.0,0.5,0.0,0.0,1.0,0.46153846153846156,0.5,1.0,0.6708074534161491,0.0,0.0,0.0,0.0,0.14705882352941177,272.0,0.0,0.0,0.0,-4.0,0.32895559724827983,0.0,-0.006033182503770739,0.0
0.0,0.7,1.1812005928853755,-1.0,0.3,1.0,1.0,0.5869565217391305,0.16216216216216217,0.0,0.0,0.0,0.0,2.13089802130898,-1.0,0.0,1.0,0.0,-3.0,0.3811863811863812,0.021367521367521368,0.3054726368159204,0.0,0.0,0.0,0.11389297987236131,1.4464285714285714,1.134028582464272,1.0,0.0,1.0,1.0,0.0,-1.0,1.5,0.0,0.0,0.0,0.5128205128205128,0.0,1.0,1.474120082815735,0.0,0.0,0.0,1.1428571428571428,0.8676470588235294,0.0,0.0,0.0,0.0,0.0,0.3103328469182127,1.3333333333333333,0.8687782805429864,2.726943361406227
0.0,0.75,1.1453804347826086,-1.0,-0.1,-0.6666666666666666,-0.5,0.43478260869565216,0.02702702702702703,0.0,0.0,0.0,0.0,0.0,0.0,0.0,4.0,0.0,0.0,0.4892944892944893,-0.7068376068376069,-0.3890547263681592,0.0,0.0,0.0,-0.5714285714285714,0.7774725274725275,-0.15758980301274622,1.0,-1.0,1.0,-2.0,0.0,0.0,-0.5,0.0,-1.0,0.0,0.3333333333333333,0.5,0.0,0.0,0.0,0.0,0.0,0.23809523809523808,0.07352941176470588,0.0,0.0,0.0,-2.0,0.0,0.803752345215759,-0.3333333333333333,-0.32277526395173456,0.0
0.0,0.25,0.1495800395256917,0.0,0.9,0.0,1.0,0.6739130434782609,0.2972972972972973,0.0,0.0,0.0,0.0,1.1324200913242009,-1.0,0.0,1.0,-1.0,-3.0,1.3836433836433837,-0.2743589743589744,1.382089552238806,0.0,0.0,0.0,1.191948944526264,0.0,0.3553495558130552,1.0,0.0,0.0,0.0,0.0,-1.0,0.5,0.0,0.0,0.0,0.6153846153846154,0.0,0.0,0.6459627329192547,0.0,0.0,0.0,1.5178571428571428,0.47058823529411764,0.0,0.0,0.0,0.0,0.0,0.27141963727329566,0.3333333333333333,0.905982905982906,1.2722248567126404
0.0,0.5,0.22319664031620554,-1.0,0.2,1.0,0.5,0.0,-0.5675675675675675,0.0,0.0,-1.5,-1.4,1.461187214611872,0.0,0.0,0.0,0.0,-1.0,0.6676026676026676,-0.44700854700854703,0.2298507462686567,0.0,0.0,0.0,0.039273441335297005,1.3502747252747254,0.9671687910390112,1.0,0.0,1.0,0.0,0.0,0.0,0.5,0.0,1.0,0.0,-0.1794871794871795,0.0,0.0,0.016563146997929608,0.0,0.0,0.0,1.3988095238095237,2.6323529411764706,228.0,0.0,0.0,0.0,0.0,1.2620387742338952,0.6666666666666666,0.7219708396178984,1.8233859922827949
1.0,-0.95,-0.8296689723320159,0.0,0.5,-0.6666666666666666,0.5,-0.9130434782608695,-1.1891891891891893,0.0,0.0,-2.25,0.4,0.0,0.0,0.0,-1.0,1.0,0.0,-0.5384345384345385,0.8111111111111111,-0.07860696517412935,0.5,0.0,-3.0,-0.12763868433971526,1.032967032967033,0.47894940131324837,0.0,0.0,0.0,-1.0,1.0,0.0,1.0,-4.0,1.0,1.0,-1.2564102564102564,0.5,0.0,-0.049689440993788817,-4.0,0.0,0.0,0.5357142857142857,-0.36764705882352944,205.0,0.0,0.0,0.0,-4.0,-0.08317698561600996,0.3333333333333333,0.24836601307189543,0.0
0.0,-1.0,-0.5085227272727273,0.0,-0.9,-0.3333333333333333,-0.5,-0.7391304347826086,-1.1891891891891893,0.0,0.0,-1.0,-1.0,0.0,0.0,0.0,-1.0,1.0,0.0,0.6563706563706564,-0.5769230769230769,-0.0009950248756218905,0.0,0.0,0.0,-0.019636720667648502,0.0,-0.5979142526071842,1.0,-1.0,0.0,-1.0,1.0,0.0,-0.5,0.0,1.0,0.0,-1.0512820512820513,0.0,-1.0,-1.1387163561076605,-3.0,0.0,0.0,0.0,-0.3088235294117647,0.0,0.0,0.0,0.0,0.0,-0.19437148217636002,-0.6666666666666666,-0.4132730015082956,0.0
0.0,0.0,0.42527173913043476,0.0,0.7,0.0,-0.5,-0.17391304347826086,-0.7837837837837838,2.0,0.0,-1.5,-1.4,0.0,0.0,0.0,0.0,1.0,0.0,0.7335907335907336,-0.5871794871794872,0.09651741293532339,0.0,0.0,0.0,-0.09229258713794797,0.0,-0.6550791811510236,1.0,-1.0,0.0,0.0,0.0,0.0,-0.5,0.0,-1.0,1.0,-0.38461538461538464,0.5,-1.0,-0.39751552795031053,0.0,0.0,0.0,0.0,-0.36764705882352944,0.0,0.0,0.0,0.0,0.0,-0.32395247029393354,-0.6666666666666666,-0.40120663650075417,0.0
0.0,0.75,0.6041254940711462,-1.0,0.4,1.0,1.5,0.6956521739130435,0.32432432432432434,2.0,0.0,0.5,0.4,1.7412480974124809,-3.0,0.0,1.0,-1.0,0.0,0.8627588627588627,-0.5136752136752136,0.36517412935323385,0.0,0.0,0.0,0.18654884634266078,1.5686813186813187,1.3286983391270761,1.0,1.0,0.0,1.0,0.0,-3.0,2.5,0.0,1.0,0.5,0.6410256410256411,-1.0,1.0,1.060041407867495,0.0,0.0,0.0,0.875,-0.058823529411764705,0.0,0.0,0.0,0.0,1.0,-0.2666439251805103,2.0,1.0256410256410255,2.291280844454108
0.0,0.05,0.8620306324110671,-0.6666666666666666,0.7,0.0,-0.5,-0.2391304347826087,-0.8648648648648649,2.0,0.0,-1.5,-0.6,0.0,0.0,0.0,0.0,1.0,0.0,0.4963144963144963,-0.5170940170940171,-0.1582089552238806,1.0,0.0,0.0,-0.3436426116838488,0.0,-0.8528389339513326,1.0,-1.0,0.0,-1.0,0.0,0.0,-1.0,0.0,-1.0,1.0,-0.46153846153846156,0.5,-1.0,-0.5300207039337475,0.0,0.0,0.0,0.8333333333333334,-0.36764705882352944,0.0,176.0,0.0,0.0,0.0,0.026266416510318934,-1.0,-0.6586224233283057,0.0
0.0,1.05,0.2898962450592885,-1.0,-0.7,0.0,0.5,0.717391304347826,0.35135135135135137,0.0,0.0,0.0,0.0,1.8630136986301369,-1.0,0.0,1.0,0.0,-3.0,-0.5384345384345385,1.7376068376068377,1.0,0.0,0.0,0.0,0.7992145311732941,0.0,0.046349942062572425,0.0,0.0,0.0,0.0,0.0,-1.0,0.5,0.0,0.0,0.0,0.6666666666666666,0.0,1.0,1.4906832298136645,0.0,0.0,0.0,0.9523809523809523,0.11764705882352941,0.0,0.0,0.0,0.0,1.0,-0.22889305816135092,0.0,0.5118149824032177,1.9655810412801369
0.0,0.15,0.35610177865612647,-1.0,0.0,0.0,0.0,-0.2826086956521739,-0.918918918918919,2.0,0.0,-1.0,-1.0,1.2907153729071537,0.0,0.0,0.0,1.0,0.0,0.4906984906984907,0.07264957264957266,0.5203980099502488,1.0,0.0,0.0,0.32596956308296515,0.0,-0.3259945925067594,1.0,-1.0,1.0,-1.0,0.0,0.0,-0.5,0.0,0.0,0.0,-0.5128205128205128,0.0,-1.0,-0.5300207039337475,0.0,0.0,0.0,0.0,2.764705882352941,176.0,0.0,0.0,-3.0,0.0,0.4220137585991241,-0.3333333333333333,0.027149321266968326,1.2471124814092247
1.0,-0.95,-0.8296689723320159,0.0,-0.9,-0.3333333333333333,0.5,-0.9565217391304348,0.1891891891891892,0.0,0.0,0.25,0.2,0.0,0.0,0.0,-1.0,1.0,0.0,-0.5384345384345385,0.6059829059829059,-0.3174129353233831,0.0,0.0,-4.0,-0.4575355915562101,0.0,-0.9424488219389726,0.0,-1.0,0.0,-1.0,0.0,0.0,-0.5,0.0,-1.0,1.0,0.28205128205128205,0.5,0.0,0.39751552795031053,0.0,0.0,0.0,0.2857142857142857,1.2794117647058822,0.0,0.0,0.0,-4.0,0.0,-0.9753595997498429,-1.0,-0.7973856209150327,0.0
0.0,0.15,0.4354001976284585,-1.0,0.0,0.0,0.0,-0.06521739130434782,-0.6486486486486487,0.0,0.0,0.25,0.2,1.095890410958904,0.0,0.0,0.0,1.0,0.0,0.2730782730782731,-0.08803418803418804,0.024875621890547265,0.0,0.0,0.0,-0.16298478154148258,0.0,-0.7106991116261104,1.0,-1.0,0.0,-1.0,0.0,0.0,-0.5,0.0,0.0,0.0,-0.2564102564102564,-1.0,0.0,0.0,0.0,0.0,0.0,0.0,-0.36764705882352944,0.0,0.0,0.0,0.0,0.0,-0.45003126954346423,-0.6666666666666666,-0.473604826546003,0.9478368536313705
0.0,0.1,0.32423418972332013,0.0,0.7,0.0,-1.0,-0.13043478260869565,-0.7297297297297297,0.0,0.0,-1.0,-1.0,0.0,0.0,0.0,2.0,0.5,1.0,-0.5384345384345385,-0.8162393162393162,-1.973134328358209,1.0,0.0,0.0,0.4104074619538537,0.0,-0.25955967555040554,0.0,0.0,0.0,-1.0,1.0,0.0,0.0,0.0,-1.0,0.75,-0.3333333333333333,0.5,0.0,0.14906832298136646,0.0,0.0,0.0,0.0,-0.36764705882352944,0.0,0.0,0.0,0.0,0.0,-0.18386491557223253,-0.3333333333333333,-1.1895424836601307,0.0
0.0,-0.2,1.0416254940711462,0.0,0.8,0.0,-0.5,0.6739130434782609,0.2702702702702703,0.0,0.0,0.0,0.0,0.0,0.0,0.0,1.0,1.0,0.0,0.36855036855036855,-0.01623931623931624,0.24378109452736318,0.0,0.0,0.0,0.053019145802650956,0.0,-0.540749324063345,1.0,-1.0,1.0,0.0,0.0,-1.0,0.0,0.0,-1.0,1.0,0.6153846153846154,0.5,0.0,0.39751552795031053,0.0,0.0,0.0,0.0,1.1323529411764706,0.0,0.0,0.0,0.0,0.0,-0.7150302272253489,0.0,-0.2523881347410759,0.0
0.0,0.0,-0.4739377470355731,0.0,0.0,0.0,-0.5,-0.32608695652173914,-0.7837837837837838,2.0,0.0,-2.25,-0.6,0.0,0.0,0.0,0.0,1.0,0.0,0.1691821691821692,0.0811965811965812,0.07462686567164178,1.0,0.0,0.0,0.4948453608247423,0.0,-0.19312475859405176,0.0,-1.0,0.0,0.0,0.0,0.0,0.0,-4.0,-1.0,0.0,-0.5641025641025641,0.5,-1.0,-0.7701863354037267,0.0,0.0,0.0,0.0,-0.36764705882352944,0.0,0.0,0.0,-2.0,-4.0,-0.058369814467375575,-0.6666666666666666,-0.11161387631975868,0.0
0.0,1.55,1.1700839920948616,-1.0,0.4,1.0,1.0,0.6956521739130435,0.32432432432432434,0.0,0.0,0.0,0.0,2.313546423135464,-1.0,0.0,1.0,-1.0,-3.0,-0.5384345384345385,1.1632478632478633,0.33134328358208953,0.0,0.0,0.0,0.13942071674030437,1.6730769230769231,1.4090382387022016,0.0,1.0,1.0,1.0,0.0,-1.0,1.5,0.0,0.0,0.5,0.6410256410256411,0.0,1.0,1.544513457556936,0.0,0.0,0.0,1.4285714285714286,1.8970588235294117,0.0,0.0,0.0,0.0,1.0,0.6566604127579734,1.3333333333333333,1.060834590246355,3.0782298418135334
1.0,-0.65,-0.501358695652174,0.0,-0.3,-0.3333333333333333,0.5,-0.9347826086956522,-1.1891891891891893,0.0,0.0,0.25,0.2,0.0,0.0,0.0,1.0,1.0,0.0,-0.5384345384345385,0.2726495726495726,-0.7054726368159204,0.0,0.0,-3.0,0.041237113402061855,0.0,-0.5500193124758594,0.0,-1.0,0.0,0.0,0.0,-1.0,0.0,0.0,0.0,0.0,-1.2820512820512822,0.5,-1.0,-0.8281573498964804,0.0,0.0,-2.0,0.0,-0.36764705882352944,205.0,0.0,0.0,-4.0,0.0,-0.7325411715655615,-0.6666666666666666,-0.7380593262946205,0.0
0.0,0.25,0.06509387351778656,0.0,-0.7,0.0,1.0,0.6304347826086957,0.21621621621621623,2.0,0.0,0.0,0.0,1.7108066971080669,-1.0,0.0,1.0,0.0,0.0,-0.5384345384345385,2.2213675213675215,1.56318407960199,0.0,0.0,0.0,1.390279823269514,0.0,0.511394360757049,0.0,0.0,0.0,0.0,0.0,-1.0,0.5,0.0,0.0,0.0,0.5641025641025641,0.0,0.0,0.2236024844720497,0.0,0.0,0.0,1.0178571428571428,1.9705882352941178,0.0,0.0,0.0,0.0,0.0,0.5240775484677923,0.0,1.0990447461035697,1.9784850625253685
1.0,-1.3,-1.298048418972332,0.0,-0.2,0.0,-0.5,0.06521739130434782,-0.4864864864864865,0.0,0.0,-1.75,-1.6,0.0,0.0,0.0,1.0,0.0,0.0,0.640926640926641,-0.47435897435897434,0.09651741293532339,1.0,0.0,0.0,-0.053019145802650956,0.0,-0.6241792197759752,1.0,-1.0,0.0,0.0,0.0,0.0,0.0,0.0,0.0,0.0,-0.10256410256410256,0.5,0.0,0.38095238095238093,0.0,0.0,0.0,0.5952380952380952,1.25,0.0,0.0,0.0,0.0,0.0,-0.8726287262872625,-0.3333333333333333,-0.38109602815485166,0.0
0.0,0.05,-0.30447134387351776,-1.0,0.7,0.0,-0.5,-0.10869565217391304,0.1891891891891892,0.0,0.0,-0.75,-0.6,0.0,0.0,-2.0,0.0,1.0,-1.0,-0.27448227448227447,-0.4675213675213675,0.136318407960199,0.0,0.0,0.0,-0.053019145802650956,0.0,-0.6241792197759752,1.0,-1.0,0.0,0.0,0.0,-1.0,0.0,0.0,0.0,0.0,-0.3076923076923077,0.5,-1.0,-0.8695652173913043,0.0,0.0,0.0,2.4166666666666665,0.9558823529411765,0.0,0.0,0.0,-2.0,0.0,-0.8726287262872625,-0.3333333333333333,-0.3609854198089492,0.0
0.0,2.0,1.1737895256916997,0.0,0.4,0.0,1.0,0.7391304347826086,0.35135135135135137,0.0,0.0,0.0,0.0,3.896499238964992,-1.0,0.0,1.0,0.0,0.0,-0.5384345384345385,1.8606837606837607,1.1432835820895522,0.0,0.0,0.0,1.0073637702503682,0.0,0.21011973735032832,0.0,0.0,0.0,0.0,0.0,-1.0,0.5,0.0,0.0,0.0,0.6923076923076923,0.0,1.0,1.6977225672877847,0.0,0.0,0.0,0.0,0.45588235294117646,0.0,0.0,0.0,0.0,0.0,0.036272670419012075,0.0,0.6907993966817496,4.254359587996109
0.0,-0.5,-0.5628705533596838,0.0,0.0,0.0,-0.5,-0.4782608695652174,0.16216216216216217,0.0,0.0,0.25,0.2,0.0,0.0,0.0,0.0,1.0,-1.0,-0.2098982098982099,-0.5085470085470085,-0.18208955223880596,1.0,0.0,0.0,-0.36720667648502703,0.0,-0.8713789107763615,0.0,-1.0,0.0,0.0,0.0,-1.0,-0.5,0.0,-1.0,1.0,0.6410256410256411,0.5,0.0,0.39751552795031053,0.0,0.0,0.0,1.3214285714285714,0.10294117647058823,0.0,0.0,0.0,0.0,0.0,-0.814258911819887,-0.6666666666666666,-0.6827551533433887,0.0
0.0,1.4,0.49394762845849804,0.0,0.4,0.0,1.0,0.7391304347826086,0.3783783783783784,0.0,0.0,0.0,0.0,1.21765601217656,-1.0,0.0,1.0,-1.0,0.0,1.1716391716391716,0.01452991452991453,1.4179104477611941,0.0,0.0,0.0,1.2115856651939125,0.0,0.3707995365005794,1.0,0.0,0.0,0.0,0.0,-1.0,0.5,0.0,0.0,0.0,0.717948717948718,0.0,1.0,1.2091097308488612,0.0,0.0,0.0,0.0,0.36764705882352944,0.0,0.0,0.0,0.0,0.0,0.2964352720450278,0.3333333333333333,0.9341377576671694,1.3720155078861724
0.0,-1.15,1.6903409090909092,-1.0,0.0,0.0,-0.5,-0.34782608695652173,0.08108108108108109,0.0,0.0,-1.0,-1.0,0.0,0.0,0.0,0.0,1.0,-2.0,1.2544752544752544,-0.4623931623931624,0.9800995024875622,1.0,0.0,0.0,1.0073637702503682,0.0,0.21011973735032832,1.0,-1.0,0.0,-1.0,0.0,0.0,0.0,0.0,1.0,0.0,-0.5897435897435898,0.0,-1.0,-0.6666666666666666,0.0,0.0,0.0,1.7142857142857142,3.426470588235294,0.0,0.0,0.0,0.0,0.0,0.703356264331874,-0.3333333333333333,0.6083459024635495,0.0
1.0,-0.5,-0.7792737154150198,-1.0,-0.9,0.0,-1.0,-1.0,-1.1891891891891893,0.0,0.0,-1.0,-1.0,0.0,0.0,0.0,-1.0,1.0,0.0,-0.5384345384345385,0.07264957264957266,-0.9383084577114428,0.25,-1.0,0.0,-1.1134020618556701,0.0,-1.4584781769022788,0.0,-1.0,0.0,-2.0,0.0,-2.0,-1.0,0.0,-1.0,1.0,-1.5384615384615385,0.5,-1.0,-0.9937888198757764,-4.0,0.0,0.0,0.2916666666666667,-0.36764705882352944,87.0,0.0,0.0,0.0,0.0,-1.6898061288305182,-1.3333333333333333,-1.4469582704876822,0.0
-3.0,-1.0,-0.24172430830039526,0.0,-0.3,1.0,-1.0,-1.1521739130434783,-1.1891891891891893,1.0,0.0,-2.25,-2.0,0.0,0.0,-3.0,-1.0,1.0,0.0,-0.5384345384345385,0.2931623931623932,-0.681592039800995,1.0,-1.0,0.0,-0.8600883652430045,0.9175824175824175,-0.22711471610660486,0.0,-1.0,0.0,0.0,0.0,0.0,0.0,0.0,-1.0,1.0,-1.5384615384615385,0.5,-1.0,-0.9523809523809523,0.0,-4.0,-2.0,0.0,0.4264705882352941,172.0,0.0,0.0,-2.0,0.0,-0.12257661038148836,-0.6666666666666666,-0.5158371040723982,0.0
0.0,0.05,-0.23085474308300397,-1.0,0.7,0.0,-0.5,-0.15217391304347827,0.32432432432432434,0.0,0.0,-1.5,-1.4,0.0,0.0,0.0,0.0,1.0,0.0,-0.5384345384345385,1.282905982905983,0.47064676616915424,0.5,0.0,0.0,0.2768777614138439,0.0,-0.3646195442255697,0.0,-1.0,1.0,0.0,0.0,-1.0,0.0,0.0,-1.0,0.0,-0.358974358974359,0.5,-1.0,-0.865424430641822,0.0,0.0,0.0,0.0,0.5882352941176471,0.0,0.0,0.0,-2.0,0.0,-0.3823222847613091,-0.3333333333333333,-0.023127199597787834,0.0
0.0,0.75,0.3879693675889328,0.0,-0.7,0.0,1.0,0.7391304347826086,0.35135135135135137,0.0,0.0,0.0,0.0,0.0,-1.0,0.0,1.0,-1.0,-3.0,-0.5384345384345385,1.2931623931623932,0.48258706467661694,0.0,0.0,0.0,0.28865979381443296,0.0,-0.3553495558130552,0.0,0.0,0.0,0.0,0.0,-1.0,0.5,0.0,-1.0,0.0,0.6923076923076923,0.0,0.0,0.016563146997929608,0.0,0.0,0.0,0.0,0.07352941176470588,0.0,0.0,0.0,0.0,0.0,-0.8792995622263912,0.0,-0.011060834590246356,0.0
0.0,0.0,0.2651926877470356,-1.0,0.0,0.0,-0.5,-0.30434782608695654,-0.9459459459459459,2.0,0.0,-2.25,-2.0,0.0,0.0,0.0,0.0,1.0,0.0,0.8908388908388908,-0.16666666666666666,0.808955223880597,0.5,0.0,0.0,1.2037309769268532,0.0,0.3646195442255697,0.0,-1.0,1.0,1.0,0.0,-1.0,0.0,0.0,0.0,0.0,-0.5384615384615384,0.0,0.0,-0.13664596273291926,0.0,0.0,0.0,0.0,0.19117647058823528,0.0,0.0,0.0,0.0,0.0,0.9952053366687504,0.0,0.6224233283056813,0.0
0.0,-0.5,-0.5349555335968379,0.0,0.4,0.0,1.5,0.6956521739130435,0.2972972972972973,2.0,0.0,-1.0,-1.0,1.4977168949771689,-3.0,0.0,1.0,-1.0,0.0,1.0803790803790805,-0.1188034188034188,1.1333333333333333,0.0,0.0,0.0,0.930780559646539,0.0,0.14986481266898416,1.0,0.0,0.0,-1.0,0.0,-3.0,0.0,0.0,0.0,0.0,0.6410256410256411,-1.0,0.0,0.3146997929606625,0.0,0.0,0.0,1.2083333333333333,0.3235294117647059,0.0,0.0,0.0,0.0,0.0,0.589535126120492,0.0,0.6465560583207642,1.6152166694261243
0.0,1.9,0.9731966403162056,0.0,0.4,1.0,1.0,0.6739130434782609,0.2972972972972973,0.0,0.0,0.0,0.0,0.8036529680365296,-1.0,0.0,1.0,-1.0,-3.0,-0.5384345384345385,1.093162393162393,0.24975124378109453,0.0,0.0,0.0,0.08836524300441827,1.8131868131868132,1.5264580919273851,0.0,1.0,1.0,1.0,0.0,-1.0,1.5,0.0,0.0,0.5,0.6153846153846154,-1.0,1.0,0.8737060041407867,0.0,0.0,0.0,0.6726190476190477,0.10294117647058823,0.0,0.0,0.0,0.0,0.0,0.804530609408658,1.3333333333333333,1.0960281548516844,1.0862465084050368
0.0,2.1,0.34103260869565216,0.0,-0.7,0.0,-0.5,0.45652173913043476,0.02702702702702703,0.0,0.0,0.0,0.0,0.0,0.0,0.0,1.0,0.0,0.0,-0.5384345384345385,1.058974358974359,0.2099502487562189,0.0,0.0,0.0,0.019636720667648502,0.0,-0.567014291232136,0.0,-1.0,1.0,0.0,0.0,0.0,0.0,0.0,-1.0,0.0,0.38461538461538464,0.5,0.0,0.7950310559006211,0.0,0.0,0.0,2.3333333333333335,0.5735294117647058,0.0,0.0,0.0,0.0,0.0,-0.7646445695226177,-0.3333333333333333,-0.2865761689291101,0.0
0.0,0.2,-0.2338191699604743,0.0,0.0,0.0,-0.5,-0.41304347826086957,-0.10810810810810811,2.0,0.0,0.25,0.2,3.95738203957382,0.0,0.0,0.0,1.0,0.0,1.1646191646191646,-0.6726495726495727,0.6079601990049751,0.5,0.0,0.0,0.41237113402061853,0.0,-0.25801467748165313,0.0,-1.0,0.0,0.0,0.0,0.0,-0.5,0.0,0.0,0.0,-0.6666666666666666,-1.0,0.0,0.07453416149068323,0.0,0.0,0.0,0.0,-0.36764705882352944,0.0,0.0,0.0,0.0,0.0,0.5761100687929949,-0.6666666666666666,0.11563599798893917,3.890250561174833
0.0,-0.1,-0.3845108695652174,0.0,0.0,0.0,-0.5,-0.43478260869565216,0.35135135135135137,0.0,0.0,0.0,0.0,0.0,0.0,-2.0,0.0,1.0,0.0,0.4878904878904879,-0.258974358974359,0.13034825870646766,1.0,0.0,0.0,-0.05891016200294551,0.0,-0.6288142139822325,1.0,-1.0,0.0,0.0,0.0,-1.0,-0.5,0.0,-1.0,1.0,-0.6923076923076923,0.5,-1.0,-0.968944099378882,0.0,0.0,0.0,0.0,0.39705882352941174,0.0,0.0,0.0,0.0,-4.0,-0.2644152595372105,-0.6666666666666666,-0.36701860231271993,0.0
0.0,-0.25,-0.8494318181818182,0.0,-0.5,0.0,-1.0,-0.391304347826087,-1.054054054054054,0.0,0.0,-3.0,-0.6,0.0,0.0,0.0,1.0,0.5,1.0,-0.5384345384345385,-0.8162393162393162,-1.973134328358209,1.0,-1.0,-2.0,0.12763868433971526,0.0,-0.4820393974507532,0.0,0.0,0.0,-1.0,1.0,-2.0,0.0,0.0,-1.0,1.25,0.0,-0.5,-2.0,-1.9875776397515528,-2.0,-2.0,-2.0,0.0,-0.36764705882352944,0.0,0.0,0.0,0.0,-3.0,-0.6041275797373354,-0.3333333333333333,-1.3343388637506284,0.0
0.0,0.7,-0.20269268774703558,0.0,0.0,0.0,0.0,-0.17391304347826086,-0.7837837837837838,0.0,0.0,0.25,0.2,0.6149162861491628,0.0,0.0,0.0,1.0,0.0,0.36433836433836436,-0.05555555555555555,0.19203980099502488,0.0,0.0,0.0,0.4653902798232695,0.0,-0.21629972962533797,0.0,0.0,0.0,0.0,0.0,0.0,0.0,0.0,0.0,0.0,-0.38461538461538464,0.0,0.0,-0.16563146997929606,0.0,0.0,0.0,0.0,1.661764705882353,0.0,0.0,0.0,-3.0,-4.0,-0.10214717531790714,-0.3333333333333333,-0.06737053795877325,0.6107445436175883
0.0,2.25,1.8346096837944663,0.0,1.1,0.0,-0.5,-0.30434782608695654,-0.9459459459459459,0.0,0.0,0.0,0.0,0.0,0.0,-2.0,0.0,1.0,-2.0,0.8192348192348192,-0.16153846153846155,0.7134328358208956,0.5,0.0,0.0,0.4732449680903289,0.0,-0.21011973735032832,0.0,-1.0,1.0,-1.0,0.0,0.0,-0.5,0.0,1.0,0.0,-0.5384615384615384,0.0,-1.0,-0.7122153209109731,0.0,0.0,-1.0,0.0,1.161764705882353,0.0,0.0,0.0,0.0,0.0,0.684677923702314,-0.3333333333333333,0.20010055304172952,0.0
0.0,-0.175,-0.0737401185770751,-1.0,0.8,1.3333333333333333,-0.5,0.21739130434782608,-0.2972972972972973,0.0,0.0,-1.5,-1.4,0.0,0.0,0.0,0.0,0.0,-3.0,0.5103545103545104,-0.8162393162393162,-0.30149253731343284,0.5,0.0,0.0,-0.39862542955326463,0.0,-0.8960988798764001,1.0,-1.0,0.0,-1.0,0.0,-1.0,-0.5,0.0,-1.0,0.0,0.07692307692307693,0.0,0.0,0.09937888198757763,0.0,-3.0,0.0,1.4285714285714286,-0.36764705882352944,0.0,0.0,0.0,-2.0,0.0,-0.8702939337085671,-0.6666666666666666,-0.759175465057818,0.0
0.0,0.0,-0.06879940711462451,-1.0,-0.7,0.0,-0.5,0.043478260869565216,-0.3783783783783784,2.0,0.0,0.0,0.0,0.0,0.0,0.0,0.0,0.0,-3.0,-0.14531414531414533,-0.5307692307692308,-0.10646766169154229,1.0,0.0,0.0,-0.2925871379479627,0.0,-0.8126689841637698,1.0,-1.0,0.0,0.0,0.0,0.0,-0.5,0.0,-1.0,1.0,-0.07692307692307693,0.5,-1.0,-0.7122153209109731,0.0,0.0,0.0,0.8630952380952381,-0.36764705882352944,0.0,0.0,0.0,-2.0,0.0,-0.6811757348342712,-0.6666666666666666,-0.6063348416289592,0.0
0.0,0.0,-0.37882905138339923,0.0,0.0,0.0,-0.5,-0.30434782608695654,-0.9459459459459459,0.0,0.0,-2.25,0.2,0.0,0.0,0.0,0.0,1.0,0.0,-0.28711828711828713,-0.021367521367521368,0.3154228855721393,0.0,0.0,-4.0,0.12371134020618557,0.0,-0.485129393588258,1.0,-1.0,0.0,0.0,0.0,0.0,0.0,0.0,-1.0,0.0,-0.5384615384615384,0.0,-1.0,-0.7453416149068323,0.0,0.0,0.0,0.0,-0.36764705882352944,0.0,0.0,0.0,0.0,0.0,-0.6099645611840732,-0.3333333333333333,-0.17998994469582705,0.0
0.0,-0.45,-0.44972826086956524,0.0,0.4,0.0,1.5,0.6956521739130435,0.2972972972972973,2.0,0.0,-1.0,-1.0,2.5083713850837137,-3.0,0.0,1.0,-1.0,0.0,0.10179010179010178,1.399145299145299,1.5134328358208955,0.0,0.0,0.0,1.3058419243986255,0.0,0.44495944380069524,1.0,0.0,0.0,-1.0,0.0,-3.0,0.0,0.0,0.0,0.0,0.6410256410256411,0.0,0.0,0.39751552795031053,0.0,0.0,0.0,1.1666666666666667,0.8382352941176471,0.0,0.0,0.0,0.0,0.0,1.1469668542839269,0.0,1.0306686777275011,2.865883263929226
0.0,-1.1,0.8259634387351779,-1.0,-0.1,-0.6666666666666666,0.5,0.6521739130434783,0.24324324324324326,0.0,0.0,0.0,0.0,0.0,-1.0,0.0,1.0,-1.0,0.0,1.3583713583713584,-0.6743589743589744,0.8805970149253731,0.0,0.0,0.0,0.8463426607756505,0.8667582417582418,1.0583236770954036,1.0,-1.0,1.0,-2.0,0.0,-1.0,0.0,0.0,0.0,0.0,0.5897435897435898,0.0,0.0,0.7867494824016563,0.0,0.0,0.0,1.0,0.2647058823529412,0.0,198.0,0.0,0.0,-4.0,2.305607671461329,0.0,1.110105580693816,0.0
-2.0,0.7,0.3995800395256917,0.0,0.9,0.0,1.0,0.717391304347826,0.32432432432432434,0.0,0.0,0.0,0.0,0.0,-1.0,0.0,1.0,0.0,-3.0,-0.5047385047385048,1.9735042735042736,1.3223880597014925,0.0,0.0,0.0,1.1173294059891998,0.0,0.2966396292004635,0.0,0.0,0.0,0.0,0.0,-1.0,0.5,0.0,-1.0,0.0,0.6666666666666666,0.0,1.0,1.4327122153209109,0.0,0.0,0.0,0.0,1.7794117647058822,0.0,0.0,0.0,0.0,0.0,0.17636022514071306,0.0,0.8376068376068376,0.0
1.0,-1.85,-1.240736166007905,0.0,0.5,1.0,-1.0,-1.1521739130434783,0.3783783783783784,0.0,0.0,-1.0,-1.0,0.0,0.0,0.0,-1.0,1.0,0.0,-0.5384345384345385,0.44188034188034186,-0.5084577114427861,0.5,0.0,0.0,-0.6892488954344624,0.9835164835164835,-0.01853997682502897,0.0,0.0,0.0,-1.0,2.0,0.0,1.0,0.0,-1.0,1.25,0.0,-0.5,-2.0,-1.9875776397515528,-2.0,-2.0,-2.0,0.0,-0.36764705882352944,102.0,0.0,0.0,0.0,1.0,-0.787992495309568,0.3333333333333333,-0.29260935143288086,0.0
0.0,-0.2,-0.4289772727272727,0.0,0.7,0.0,-0.5,-0.15217391304347827,-0.7567567567567568,0.0,0.0,-1.5,-1.4,0.0,0.0,0.0,0.0,1.0,0.0,0.5328185328185329,-0.488034188034188,-0.07263681592039802,0.0,0.0,0.0,-0.25920471281296026,0.0,-0.7864040169949787,1.0,-1.0,0.0,0.0,0.0,0.0,0.0,0.0,-1.0,0.0,-0.358974358974359,0.5,-1.0,-0.38923395445134573,0.0,0.0,0.0,0.0,-0.36764705882352944,0.0,0.0,0.0,-2.0,0.0,-1.1790702522409835,-0.3333333333333333,-0.572146807440925,0.0
0.0,-0.25,1.0846096837944663,-0.6666666666666666,-0.4,1.0,0.0,0.5217391304347826,0.08108108108108109,0.0,0.0,0.0,0.0,0.0,0.0,0.0,1.0,0.0,-3.0,-0.2829062829062829,0.2299145299145299,-0.39303482587064675,0.5,0.0,0.0,-0.5753559155621011,0.9285714285714286,0.009269988412514484,0.0,0.0,0.0,0.0,0.0,0.0,0.0,0.0,-1.0,0.0,0.4358974358974359,-1.0,0.0,-0.38095238095238093,0.0,0.0,0.0,0.0,0.7352941176470589,0.0,0.0,0.0,0.0,0.0,0.32395247029393354,0.0,-0.2161890397184515,0.0
1.0,-0.9,-0.8000247035573123,0.0,-0.9,-0.6666666666666666,0.0,-0.8478260869565217,-1.1891891891891893,0.0,0.0,0.25,0.2,0.0,0.0,0.0,1.0,1.0,0.0,-0.5384345384345385,0.5786324786324787,-0.3492537313432836,1.0,0.0,0.0,-0.5321551300932744,0.0,-0.44495944380069524,0.0,-1.0,0.0,0.0,0.0,0.0,0.0,0.0,0.0,1.0,0.1282051282051282,0.5,0.0,0.19875776397515527,0.0,0.0,0.0,0.6666666666666666,-0.36764705882352944,0.0,0.0,0.0,-2.0,0.0,-0.534083802376485,-0.6666666666666666,-0.48969331322272497,0.0
1.0,2.0,-0.24864130434782608,-0.6666666666666666,-0.3,0.0,-0.5,-0.21739130434782608,-0.8378378378378378,0.0,0.0,0.25,0.2,0.0,-2.0,0.0,0.0,0.0,-2.0,-0.39241839241839244,-0.8162393162393162,-0.3492537313432836,1.0,-1.0,0.0,-0.5321551300932744,0.0,-1.0011587485515643,1.0,-1.0,0.0,-1.0,0.0,0.0,-0.5,0.0,-1.0,0.75,-0.4358974358974359,0.5,0.0,0.14906832298136646,0.0,0.0,0.0,0.6309523809523809,-0.36764705882352944,0.0,0.0,0.0,0.0,0.0,-1.1084427767354592,-0.6666666666666666,-0.8516842634489693,0.0
0.0,-0.1,10.077198616600791,-1.0,1.2,0.0,1.5,0.17391304347826086,-0.1891891891891892,0.0,6.0,0.5,0.4,0.0,-1.0,0.0,0.0,-1.0,-2.0,2.0028080028080026,-0.7615384615384615,1.6925373134328359,0.5,0.0,0.0,1.482572410407462,0.0,0.5840092699884125,2.0,-2.0,1.0,-3.0,0.0,-1.0,-0.5,0.0,0.0,0.0,0.02564102564102564,-1.0,1.0,1.7142857142857142,0.0,0.0,0.0,5.101190476190476,0.6911764705882353,0.0,0.0,0.0,0.0,0.0,2.4848030018761706,-0.3333333333333333,1.2116641528406233,0.0
0.0,-0.5,-0.5791749011857708,0.0,0.0,1.6666666666666667,-0.5,-0.391304347826087,-1.054054054054054,0.0,0.0,-1.0,-1.0,0.0,0.0,0.0,0.0,1.0,0.0,0.000702000702000702,-0.8162393162393162,-1.208955223880597,1.0,0.0,0.0,0.5360824742268041,0.0,-0.16067979915025107,0.0,-1.0,0.0,0.0,0.0,0.0,0.0,-4.0,0.0,1.0,-0.46153846153846156,0.5,0.0,0.38095238095238093,0.0,0.0,0.0,0.0,0.36764705882352944,0.0,0.0,0.0,-2.0,0.0,0.0029184907233686047,-0.6666666666666666,-0.7390648567119156,0.0
0.0,1.5,0.1720602766798419,-1.0,0.0,0.0,0.0,-0.1956521739130435,-0.8108108108108109,0.0,0.0,-1.5,-0.6,1.6560121765601217,0.0,0.0,0.0,1.0,0.0,0.14952614952614954,0.782051282051282,0.8626865671641791,0.5,0.0,0.0,0.6637211585665194,0.0,-0.06025492468134415,0.0,0.0,0.0,0.0,0.0,0.0,0.5,0.0,0.0,0.0,-0.41025641025641024,0.0,0.0,0.39751552795031053,0.0,0.0,0.0,0.0,-0.36764705882352944,0.0,0.0,0.0,0.0,0.0,-0.4015009380863035,0.0,0.3730517848164907,1.7063596212409815
-2.0,-2.3,-1.6881175889328064,0.0,0.9,1.0,1.0,0.5652173913043478,0.16216216216216217,0.0,0.0,-1.0,-1.0,2.776255707762557,-1.0,0.0,1.0,0.0,0.0,0.3727623727623728,-0.2675213675213675,-0.042786069651741296,0.0,0.0,0.0,-0.20422189494354442,1.0384615384615385,0.4248744689069139,1.0,0.0,1.0,0.0,0.0,-1.0,0.5,0.0,-1.0,0.0,0.48717948717948717,-1.0,0.0,0.0,0.0,0.0,0.0,0.6845238095238095,-0.36764705882352944,0.0,0.0,0.0,0.0,-4.0,0.3839899937460909,0.6666666666666666,0.23127199597787834,3.160158481809873
0.0,0.95,0.5352025691699605,-1.0,-0.7,1.0,0.5,0.6739130434782609,0.2702702702702703,0.0,0.0,0.0,0.0,0.0,-1.0,0.0,1.0,0.0,0.0,-0.5384345384345385,0.6538461538461539,-0.26169154228855723,0.0,0.0,0.0,-0.44575355915562104,1.1813186813186813,0.395519505600618,0.0,0.0,1.0,0.0,0.0,-1.0,0.5,0.0,-1.0,0.0,0.6153846153846154,0.0,0.0,0.35196687370600416,0.0,0.0,0.0,0.0,0.6617647058823529,0.0,0.0,0.0,0.0,0.0,0.33646028767979985,0.3333333333333333,0.10155857214680744,0.0
0.0,-0.2,1.0384140316205535,-0.6666666666666666,1.0,1.0,2.0,0.717391304347826,0.32432432432432434,2.0,0.0,0.0,0.0,6.277016742770168,-3.0,0.0,1.0,-1.0,-2.0,-0.5384345384345385,1.5940170940170941,0.8328358208955224,0.0,0.0,0.0,0.6656848306332842,2.0865384615384617,2.2881421398223254,0.0,1.0,1.0,0.0,0.0,-1.0,2.0,0.0,0.0,0.5,0.6666666666666666,-1.0,1.0,0.6666666666666666,0.0,0.0,0.0,1.1428571428571428,-0.36764705882352944,37.0,0.0,0.0,0.0,1.0,1.1907442151344583,1.6666666666666667,1.886375062845651,9.298128507733301
0.0,-0.5,-0.5628705533596838,0.0,-0.7,0.0,-0.5,-0.021739130434782608,-0.5945945945945946,0.0,0.0,-1.5,-1.4,0.0,0.0,0.0,0.0,1.0,-3.0,0.3488943488943489,-0.5632478632478632,-0.4208955223880597,0.0,0.0,0.0,-0.602847324496809,0.0,-1.0567786790266511,0.0,-1.0,0.0,-1.0,0.0,0.0,-1.0,0.0,-1.0,1.0,-0.1794871794871795,0.5,-1.0,-0.5300207039337475,0.0,0.0,0.0,1.1666666666666667,-0.36764705882352944,0.0,0.0,0.0,-2.0,0.0,-0.5515947467166976,-1.3333333333333333,-0.9240824534942182,0.0
0.0,-0.35,0.8877223320158103,0.0,0.8,0.0,0.0,0.6739130434782609,0.2702702702702703,0.0,0.0,0.0,0.0,0.0,0.0,0.0,1.0,0.0,0.0,0.7827307827307828,-0.44529914529914527,0.33134328358208953,0.0,0.0,0.0,0.13942071674030437,0.0,-0.4727694090382387,1.0,-1.0,1.0,0.0,0.0,-1.0,-0.5,0.0,-1.0,1.0,0.6666666666666666,0.5,0.0,0.39751552795031053,0.0,0.0,0.0,0.0,0.36764705882352944,0.0,0.0,0.0,0.0,1.0,0.08930581613508427,-0.3333333333333333,-0.16390145801910508,0.0
1.0,-0.5,-0.5628705533596838,0.0,-0.3,0.6666666666666666,-0.5,-1.1521739130434783,0.05405405405405406,0.0,0.0,-1.0,-1.0,0.0,0.0,0.0,-1.0,1.0,0.0,-0.5384345384345385,0.08974358974358974,-0.918407960199005,1.0,-1.0,0.0,-0.9936180657830143,0.728021978021978,-0.5453843182696022,0.0,-1.0,0.0,0.0,0.0,-2.0,0.0,0.0,-1.0,1.0,-1.1538461538461537,0.5,-1.0,-0.7950310559006211,0.0,0.0,-2.0,0.0,-0.36764705882352944,144.0,0.0,0.0,0.0,0.0,-0.7237856993954552,-0.6666666666666666,-0.8426344896933132,0.0
0.0,-1.3,-0.7501235177865613,-1.0,0.4,0.0,1.0,0.717391304347826,0.32432432432432434,0.0,0.0,0.0,0.0,1.0837138508371384,-1.0,0.0,1.0,0.0,-1.0,-0.5047385047385048,1.4846153846153847,0.7532338308457711,0.0,0.0,0.0,0.5557191948944527,0.0,-0.14522981846272692,0.0,0.0,0.0,-1.0,0.0,-1.0,0.0,0.0,0.0,0.0,0.6666666666666666,0.0,0.0,0.016563146997929608,0.0,0.0,0.0,0.7142857142857143,0.35294117647058826,0.0,0.0,0.0,0.0,0.0,0.03210339795705664,-0.3333333333333333,0.26244343891402716,1.0949001499214999
1.0,-1.0,0.2029397233201581,-1.0,0.5,1.0,0.5,-1.1304347826086956,-1.1891891891891893,0.0,0.0,-0.25,-0.2,0.0,0.0,0.0,-1.0,1.0,0.0,-0.5384345384345385,0.1683760683760684,-0.826865671641791,0.5,0.0,0.0,-0.3632793323514973,1.10989010989011,0.38006952491309387,0.0,0.0,0.0,0.0,0.0,0.0,1.5,0.0,-1.0,1.0,0.2564102564102564,0.5,0.0,0.0,0.0,0.0,0.0,0.07142857142857142,-0.20588235294117646,64.0,0.0,0.0,-4.0,0.0,-0.6391494684177608,0.6666666666666666,-0.19406737053795878,0.0
0.0,0.0,-0.02556818181818182,0.0,-0.7,1.0,0.5,0.5217391304347826,0.10810810810810811,0.0,0.0,0.0,0.0,3.4885844748858448,0.0,0.0,1.0,0.0,0.0,0.4991224991224991,-0.2726495726495726,0.13034825870646766,0.0,0.0,0.0,-0.05891016200294551,1.342032967032967,0.880648899188876,1.0,0.0,1.0,0.0,0.0,-1.0,1.0,0.0,-1.0,0.0,0.46153846153846156,0.0,0.0,0.6832298136645962,0.0,0.0,0.0,3.4285714285714284,0.16176470588235295,0.0,0.0,0.0,-4.0,0.0,0.4859287054409003,1.0,0.6153846153846154,4.294615879696264
0.0,0.3,0.027791501976284584,0.0,0.4,1.0,1.0,0.6739130434782609,0.2972972972972973,0.0,0.0,0.0,0.0,2.0943683409436833,-1.0,0.0,1.0,-1.0,-3.0,-0.5384345384345385,1.1376068376068376,0.30149253731343284,0.0,0.0,0.0,0.10996563573883161,1.8269230769230769,1.5589030513711857,0.0,0.0,1.0,1.0,0.0,-1.0,1.5,0.0,0.0,0.5,0.6153846153846154,0.0,1.0,1.5403726708074534,0.0,0.0,0.0,1.1428571428571428,1.8529411764705883,0.0,0.0,0.0,0.0,0.0,0.8453894795358204,1.0,1.143288084464555,2.842920597786033
0.0,0.15,2.574481225296443,0.0,0.0,0.0,0.5,-0.06521739130434782,-0.13513513513513514,0.0,0.0,-0.75,-0.6,1.7473363774733637,0.0,0.0,0.0,0.0,-2.0,0.742014742014742,0.9529914529914529,1.9014925373134328,1.0,0.0,0.0,2.1993127147766325,0.0,1.1479335650830436,1.0,0.0,0.0,0.0,0.0,0.0,0.5,-4.0,0.0,0.0,-0.2564102564102564,0.0,0.0,0.39751552795031053,0.0,0.0,0.0,1.7916666666666667,-0.36764705882352944,0.0,0.0,0.0,0.0,0.0,1.5547217010631635,0.3333333333333333,1.6842634489693313,2.2406668691655005
0.0,0.1,0.2931077075098814,-1.0,-0.7,0.0,0.5,0.6521739130434783,0.24324324324324326,0.0,0.0,0.0,0.0,1.0167427701674276,-1.0,0.0,1.0,0.0,-3.0,0.8838188838188838,-0.0641025641025641,0.918407960199005,0.0,0.0,0.0,0.7697594501718213,0.0,0.023174971031286212,1.0,0.0,0.0,0.0,0.0,-1.0,0.5,0.0,-1.0,0.0,0.5897435897435898,0.0,0.0,0.32298136645962733,0.0,0.0,0.0,0.8571428571428571,0.058823529411764705,0.0,0.0,0.0,0.0,0.0,-0.2664165103189493,0.3333333333333333,0.4555052790346908,1.0673203439517471
1.0,-1.15,-1.2031867588932805,0.0,0.5,0.0,-1.0,-0.6086956521739131,-1.1891891891891893,0.0,0.0,-1.0,-1.0,0.0,0.0,-2.0,0.0,1.0,0.0,-0.5384345384345385,0.46068376068376066,-0.48656716417910445,1.0,0.0,0.0,-0.667648502700049,0.0,-1.1077636152954808,0.0,-1.0,0.0,-1.0,0.0,0.0,-1.0,0.0,-1.0,0.0,-0.8974358974358975,0.5,-1.0,-1.0766045548654244,0.0,0.0,0.0,0.0,-0.36764705882352944,0.0,0.0,0.0,0.0,0.0,-0.6960600375234518,-1.3333333333333333,-0.9904474610356964,0.0
0.0,0.55,1.5104990118577075,0.0,-0.8,-0.6666666666666666,0.5,-0.43478260869565216,-1.1081081081081081,0.0,0.0,-2.25,-2.6,0.0,-1.0,0.0,0.0,1.0,0.0,0.30817830817830816,0.382051282051282,0.6218905472636815,1.0,0.0,0.0,0.4261168384879725,1.3502747252747254,1.2715334105832368,0.0,0.0,0.0,0.0,0.0,0.0,0.5,0.0,0.0,0.0,-0.6923076923076923,-1.0,0.0,0.7743271221532091,0.0,0.0,0.0,0.0,-0.058823529411764705,114.0,0.0,0.0,0.0,0.0,1.7548467792370224,0.0,1.118149824032177,0.0
0.0,1.25,1.0307559288537549,-1.0,0.0,0.0,0.5,0.0,-0.5675675675675675,0.0,0.0,-0.75,-0.6,6.788432267884323,0.0,-2.0,0.0,0.0,-2.0,2.1010881010881013,-0.2299145299145299,2.4507462686567165,0.0,0.0,0.0,2.23073146784487,0.0,1.1726535341830824,1.0,0.0,0.0,0.0,0.0,0.0,1.0,0.0,1.0,0.0,-0.1794871794871795,-1.0,0.0,0.14906832298136646,0.0,0.0,0.0,1.7857142857142858,-0.36764705882352944,0.0,0.0,0.0,0.0,0.0,0.8996247654784235,0.6666666666666666,1.9778783308195074,8.736527093680532
0.0,-0.05,-0.4643033596837945,0.0,-0.1,0.0,-1.0,0.1956521739130435,0.32432432432432434,0.0,0.0,-1.5,-0.6,0.0,0.0,0.0,0.0,1.0,0.0,0.2548262548262548,-0.33760683760683763,-0.2915422885572139,1.0,0.0,0.0,-0.47520864015709374,0.0,-0.9563538045577443,1.0,-1.0,0.0,-1.0,0.0,0.0,-1.0,0.0,-1.0,1.0,0.1794871794871795,0.5,0.0,-0.4968944099378882,0.0,0.0,0.0,0.0,-0.36764705882352944,0.0,0.0,0.0,0.0,0.0,-0.2670419011882425,-1.0,-0.7933634992458521,0.0
0.0,0.2,0.1636610671936759,-1.0,-0.4,1.0,0.5,0.5434782608695652,0.10810810810810811,0.0,0.0,0.0,0.0,0.243531202435312,0.0,0.0,1.0,0.0,0.0,-0.5384345384345385,0.6059829059829059,-0.3174129353233831,0.5,0.0,0.0,-0.39666175748649973,1.1442307692307692,0.39242950946311317,0.0,0.0,1.0,0.0,0.0,0.0,0.5,0.0,0.0,0.0,0.46153846153846156,-1.0,0.0,-0.2194616977225673,0.0,0.0,0.0,0.0,1.0147058823529411,0.0,291.0,0.0,0.0,0.0,0.331457160725453,0.3333333333333333,0.07139265962795374,0.2755280384821381
0.0,0.75,0.17823616600790515,0.0,0.0,0.0,-0.5,-0.41304347826086957,0.24324324324324326,0.0,0.0,0.25,0.2,0.6331811263318112,0.0,0.0,0.0,1.0,0.0,-0.08915408915408915,-0.12564102564102564,0.1880597014925373,0.5,0.0,0.0,-0.0019636720667648502,0.0,-0.5840092699884125,1.0,-1.0,0.0,0.0,0.0,0.0,0.0,0.0,-1.0,0.0,0.23076923076923078,0.5,0.0,0.041407867494824016,0.0,0.0,0.0,0.0,-0.36764705882352944,0.0,0.0,0.0,-3.0,0.0,-0.7967479674796744,-0.3333333333333333,-0.30869783810960283,0.5695639342941895
1.0,-0.5,-0.9111907114624506,0.0,0.5,1.0,-1.5,-1.2608695652173914,-1.1891891891891893,1.0,0.0,0.0,0.0,0.0,-1.0,-2.0,0.0,-0.5,0.0,-0.5384345384345385,0.6196581196581197,-0.30149253731343284,0.5,-1.0,0.0,-0.485027000490918,1.0508241758241759,0.21784472769409038,0.0,0.0,0.0,0.0,1.0,0.0,1.0,0.0,-1.0,1.0,-1.6666666666666667,0.5,-1.0,-0.41821946169772256,0.0,0.0,0.0,0.0,-0.36764705882352944,202.0,0.0,0.0,0.0,0.0,-0.4530956848030016,0.3333333333333333,-0.03418803418803419,0.0
1.0,-2.45,-1.9472579051383399,0.0,-0.2,1.6666666666666667,-1.0,0.0,-0.5675675675675675,0.0,0.0,-1.75,-1.6,0.0,0.0,0.0,0.0,0.0,-2.0,0.11021411021411022,-0.8162393162393162,-1.0537313432835822,1.0,0.0,0.0,-1.101620029455081,0.6346153846153846,-0.7354190807261491,1.0,-1.0,0.0,-1.0,0.0,0.0,-0.5,0.0,-1.0,0.5,-0.1794871794871795,0.5,-1.0,-0.7577639751552795,0.0,0.0,0.0,0.7142857142857143,1.1176470588235294,0.0,0.0,0.0,-3.0,0.0,-0.5060662914321449,-0.6666666666666666,-1.0346907993966818,0.0
0.0,0.15,-0.2479001976284585,-1.0,0.0,0.0,-1.0,-0.3695652173913043,-1.027027027027027,0.0,0.0,0.0,0.0,0.0,0.0,0.0,0.0,1.0,0.0,-0.21832221832221832,0.42136752136752137,-0.07860696517412935,0.0,0.0,-4.0,-0.2650957290132548,0.0,-0.791039011201236,0.0,-1.0,0.0,-1.0,0.0,0.0,-1.0,0.0,-1.0,1.0,-0.6153846153846154,0.5,-1.0,-0.8157349896480331,0.0,0.0,0.0,0.0,-0.36764705882352944,0.0,0.0,0.0,0.0,0.0,0.20137585991244517,-1.3333333333333333,-0.5781799899446959,0.0
1.0,-1.0,-0.20837450592885376,0.0,-0.9,-0.6666666666666666,-0.5,-0.5434782608695652,0.1891891891891892,0.0,0.0,0.25,0.2,0.0,0.0,0.0,0.0,1.0,0.0,-0.06669006669006669,-0.31196581196581197,-0.6358208955223881,1.0,0.0,0.0,-0.029455081001472753,0.2925824175824176,-0.27655465430668214,1.0,-1.0,0.0,-1.0,0.0,0.0,0.0,-4.0,-1.0,1.0,-0.8205128205128205,0.5,-1.0,-0.9937888198757764,0.0,0.0,0.0,0.0,-0.36764705882352944,0.0,0.0,0.0,-2.0,0.0,-0.2159683135292892,-0.3333333333333333,-0.5248868778280543,0.0
0.0,0.1,0.3210227272727273,0.0,0.7,0.0,-1.0,-0.10869565217391304,-0.7027027027027027,2.0,0.0,-1.5,-1.4,0.0,0.0,0.0,0.0,1.0,0.0,-0.5384345384345385,2.205982905982906,1.545273631840796,1.0,-1.0,0.0,1.337260677466863,0.0,0.4696794129007339,0.0,0.0,0.0,1.0,1.0,0.0,1.0,0.0,-1.0,1.25,0.0,-0.5,-2.0,-1.9875776397515528,-2.0,-2.0,0.0,0.0,-0.36764705882352944,0.0,0.0,0.0,0.0,0.0,-0.09631019387116943,0.3333333333333333,1.0628456510809452,0.0
1.0,-0.5,0.23752470355731226,0.0,0.5,1.0,-0.5,-1.3695652173913044,-0.35135135135135137,0.0,0.0,0.25,0.2,0.0,0.0,0.0,1.0,1.0,0.0,-0.5384345384345385,-0.0641025641025641,-1.0975124378109453,0.5,0.0,0.0,-0.7952871870397643,0.7527472527472527,-0.36152954808806487,0.0,-1.0,1.0,-1.0,0.0,0.0,-0.5,0.0,-1.0,1.0,-0.358974358974359,0.5,0.0,-0.16563146997929606,0.0,0.0,0.0,0.44047619047619047,-0.36764705882352944,128.0,0.0,0.0,-2.0,0.0,0.34146341463414615,-0.6666666666666666,-0.8134741075917546,0.0
0.0,1.5,0.8699357707509882,0.0,0.0,1.0,0.0,-0.10869565217391304,-0.7027027027027027,0.0,0.0,0.0,0.0,3.506849315068493,0.0,-2.0,0.0,0.0,0.0,0.09055809055809055,-0.05042735042735043,-0.1900497512437811,1.0,0.0,0.0,0.18654884634266078,1.3186813186813187,1.0475086906141367,0.0,0.0,1.0,1.0,0.0,-1.0,1.0,0.0,0.0,0.0,-0.3076923076923077,-1.0,-1.0,0.12008281573498965,0.0,0.0,0.0,0.0,0.6911764705882353,0.0,252.0,0.0,0.0,0.0,0.7223264540337707,0.6666666666666666,0.5620915032679739,4.430231758251034
1.0,-1.9,-1.229866600790514,0.0,-0.1,0.0,0.0,0.5434782608695652,0.10810810810810811,2.0,0.0,0.0,0.0,2.6971080669710807,0.0,-2.0,1.0,-1.0,0.0,1.1477711477711479,-0.7547008547008547,0.48855721393034823,0.0,0.0,0.0,0.49091801669121254,0.0,-0.19621475473155658,1.0,0.0,0.0,-1.0,0.0,0.0,-0.5,0.0,-1.0,0.0,0.46153846153846156,-1.0,0.0,-0.3105590062111801,0.0,0.0,0.0,0.0,2.5588235294117645,0.0,0.0,0.0,0.0,0.0,0.7161976235146958,-0.3333333333333333,0.0955253896430367,2.691929359979333
0.0,0.4,0.17971837944664032,0.0,0.9,0.0,1.0,0.7391304347826086,0.35135135135135137,0.0,0.0,0.0,0.0,2.8493150684931505,0.0,0.0,1.0,0.0,0.0,-0.49210249210249213,1.7991452991452992,1.137313432835821,0.0,0.0,0.0,0.9347079037800687,0.0,0.15295480880648898,0.0,0.0,0.0,0.0,0.0,-1.0,0.0,0.0,0.0,0.0,0.6923076923076923,0.0,1.0,1.1511387163561078,0.0,0.0,0.0,0.8571428571428571,1.088235294117647,0.0,0.0,0.0,0.0,0.0,0.5953721075672291,-0.3333333333333333,0.6505781799899447,3.0748191091933545
0.0,0.5,-0.14488636363636365,-1.0,0.0,0.0,-0.5,-0.2826086956521739,-0.918918918918919,0.0,0.0,-1.0,-1.0,0.4018264840182648,0.0,0.0,0.0,1.0,0.0,-0.5384345384345385,1.0042735042735043,0.14626865671641792,0.5,0.0,0.0,-0.043200785468826705,0.0,-0.6164542294322132,0.0,-1.0,1.0,0.0,0.0,0.0,0.0,0.0,-1.0,1.0,-0.15384615384615385,0.5,0.0,-0.07867494824016563,0.0,0.0,0.0,0.44047619047619047,-0.36764705882352944,0.0,0.0,0.0,0.0,0.0,-0.8580362726704185,-0.3333333333333333,-0.35093011563599796,0.3579422541744238
0.0,-0.25,-0.23431324110671936,-1.0,-0.4,1.6666666666666667,0.5,0.4782608695652174,0.05405405405405406,0.0,0.0,-1.5,-1.4,0.1339421613394216,0.0,0.0,1.0,0.0,0.0,-0.5384345384345385,-0.15982905982905982,-1.208955223880597,0.5,0.0,0.0,-0.5557191948944527,0.9203296703296703,0.01544998068752414,0.0,0.0,1.0,0.0,0.0,0.0,0.5,0.0,0.0,0.5,0.38461538461538464,-1.0,0.0,-0.33126293995859213,0.0,0.0,0.0,0.7142857142857143,0.6911764705882353,0.0,0.0,0.0,0.0,0.0,-0.2789243277048151,0.3333333333333333,-0.6244343891402715,0.14036720488073193
0.0,2.55,1.6256175889328064,0.0,0.3,1.0,1.0,0.391304347826087,-0.05405405405405406,2.0,0.0,-1.5,-1.4,1.7290715372907153,-1.0,0.0,0.0,0.0,0.0,-0.5384345384345385,1.3854700854700854,0.5900497512437811,0.0,0.0,0.0,0.42022582228767796,1.532967032967033,1.4723831595210506,0.0,0.0,1.0,1.0,0.0,-1.0,1.5,0.0,0.0,0.0,0.28205128205128205,0.5,0.0,-0.07453416149068323,0.0,0.0,0.0,0.7559523809523809,0.8382352941176471,0.0,0.0,0.0,0.0,0.0,0.7364324925300528,1.0,1.232780291603821,2.320336087839113
0.0,2.6,0.6009140316205533,-0.6666666666666666,-0.4,1.0,0.0,0.6956521739130435,0.2972972972972973,0.0,0.0,0.0,0.0,0.0,-1.0,0.0,1.0,0.0,-3.0,-0.5384345384345385,0.352991452991453,-0.6119402985074627,0.0,0.0,0.0,-0.7913598429062346,1.2032967032967032,0.14831981460023175,0.0,0.0,1.0,0.0,0.0,-1.0,0.0,0.0,0.0,0.5,0.6410256410256411,-1.0,0.0,-0.33126293995859213,0.0,0.0,0.0,0.5952380952380952,0.19117647058823528,0.0,0.0,0.0,0.0,0.0,0.5866166353971228,0.0,-0.23629964806435394,0.0
-2.0,-1.5,-1.3654891304347827,0.0,0.9,1.0,0.0,0.782608695652174,0.40540540540540543,0.0,0.0,0.0,0.0,0.4627092846270928,-1.0,0.0,1.0,0.0,-3.0,-0.5384345384345385,0.2299145299145299,-0.755223880597015,0.0,0.0,0.0,-0.9327442317133039,0.8406593406593407,-0.3707995365005794,0.0,0.0,1.0,-1.0,0.0,-1.0,-1.0,0.0,-1.0,1.0,0.7435897435897436,0.0,0.0,0.19875776397515527,0.0,0.0,0.0,0.0,3.073529411764706,0.0,0.0,0.0,0.0,1.0,1.3921200750469036,-0.6666666666666666,-0.6465560583207642,0.44187408367369163
-3.0,1.75,-0.24913537549407114,-1.0,-0.3,-0.6666666666666666,-1.5,-1.2608695652173914,-0.32432432432432434,2.0,0.0,-0.75,-0.6,0.0,-2.0,-3.0,0.0,1.0,0.0,-0.5384345384345385,0.9153846153846154,0.042786069651741296,1.0,-1.0,0.0,-0.14531173294059893,0.0,0.09578988026264967,0.0,-1.0,0.0,-1.0,0.0,-2.0,0.0,0.0,-1.0,1.25,0.0,-0.5,-2.0,-1.9875776397515528,-2.0,-2.0,-2.0,0.0,-0.36764705882352944,156.0,0.0,0.0,-2.0,-4.0,0.48738795080258485,-0.6666666666666666,0.06033182503770739,0.0
0.0,-0.5,-0.347949604743083,0.0,-0.7,0.0,-1.0,0.45652173913043476,0.02702702702702703,0.0,0.0,0.0,0.0,0.0,0.0,0.0,1.0,0.0,0.0,0.28711828711828713,-0.12905982905982907,-0.0029850746268656717,0.0,0.0,0.0,-0.19047619047619047,0.0,-0.7323290845886443,1.0,-1.0,0.0,0.0,0.0,0.0,-0.5,0.0,-1.0,1.25,0.0,-0.5,-2.0,-1.9875776397515528,-2.0,-2.0,0.0,0.0,-0.36764705882352944,0.0,0.0,0.0,0.0,0.0,-0.49906191369605973,-0.6666666666666666,-0.5017596782302665,0.0
0.0,-0.5,-0.5628705533596838,0.0,0.0,0.0,-1.0,-0.5,-1.1891891891891893,0.0,0.0,-2.25,0.2,0.0,0.0,0.0,2.0,0.5,1.0,-0.5384345384345385,-0.8162393162393162,-1.973134328358209,1.0,0.0,-4.0,-0.09229258713794797,0.0,-0.6550791811510236,0.0,-1.0,0.0,-1.0,0.0,0.0,-1.0,0.0,-1.0,1.0,-0.7692307692307693,0.5,0.0,-0.2484472049689441,0.0,0.0,0.0,0.0,0.058823529411764705,0.0,0.0,0.0,0.0,0.0,0.5866166353971228,-1.3333333333333333,-1.4469582704876822,0.0
0.0,0.75,-0.24172430830039526,0.0,0.0,0.0,-0.5,-0.2608695652173913,-0.8918918918918919,2.0,0.0,-1.5,-1.4,1.2359208523592085,0.0,0.0,0.0,1.0,0.0,0.303966303966304,0.2692307692307692,0.4845771144278607,1.0,0.0,0.0,0.29062346588119786,0.0,-0.3538045577443028,0.0,-1.0,0.0,-1.0,0.0,0.0,0.0,0.0,-1.0,0.0,-0.48717948717948717,0.5,0.0,0.0,0.0,0.0,0.0,0.0,-0.36764705882352944,0.0,0.0,0.0,-3.0,-4.0,-0.3618928496977274,-0.6666666666666666,-0.00904977375565611,1.1855605677590084
0.0,0.5,0.9588685770750988,-1.0,-0.6,0.0,-0.5,-1.1304347826086956,0.32432432432432434,0.0,0.0,0.25,0.2,0.0,0.0,-2.0,-1.0,0.0,0.0,0.4626184626184626,-0.5376068376068376,-0.2298507462686567,0.0,0.0,0.0,-0.24153166421207659,0.0,-0.772499034376207,1.0,-1.0,0.0,-1.0,0.0,0.0,-0.5,0.0,-1.0,1.0,-1.5128205128205128,0.5,0.0,-0.19875776397515527,0.0,0.0,0.0,0.0,-0.36764705882352944,44.0,0.0,0.0,0.0,0.0,-0.5901188242651652,-0.6666666666666666,-0.6425339366515838,0.0
-3.0,-0.5,-0.5628705533596838,0.0,0.5,0.6666666666666666,0.0,-1.3695652173913044,0.10810810810810811,2.0,0.0,-1.0,-1.0,0.0,0.0,0.0,-1.0,1.0,-1.0,0.9301509301509302,-0.5290598290598291,0.4427860696517413,0.0,-1.0,0.0,0.3397152675503191,1.4162087912087913,1.2777134028582464,0.0,0.0,0.0,1.0,1.0,0.0,1.5,0.0,0.0,1.0,-2.051282051282051,0.5,0.0,0.10766045548654245,0.0,0.0,0.0,0.0,-0.36764705882352944,0.0,99.0,0.0,0.0,0.0,0.49127927176707614,1.0,1.0316742081447965,0.0
0.0,-0.05,-0.034955533596837944,-1.0,-0.7,1.0,0.0,0.5217391304347826,0.08108108108108109,0.0,0.0,0.0,0.0,0.0,0.0,-2.0,1.0,0.0,0.0,0.37135837135837135,-0.5153846153846153,-0.3333333333333333,0.0,0.0,0.0,-0.35738831615120276,1.210164835164835,0.4974893781382773,1.0,0.0,1.0,0.0,0.0,-1.0,0.5,0.0,-1.0,0.0,0.4358974358974359,0.0,0.0,0.84472049689441,0.0,0.0,0.0,0.0,2.014705882352941,0.0,0.0,0.0,0.0,0.0,0.5015634771732329,0.6666666666666666,0.13172448466566114,0.0
0.0,-0.25,0.07077569169960474,-0.6666666666666666,-0.4,1.0,0.0,0.43478260869565216,-0.02702702702702703,0.0,0.0,0.0,0.0,0.4140030441400304,-3.0,-2.0,1.0,0.0,0.0,-0.10319410319410319,-0.18376068376068377,-0.6199004975124378,0.5,0.0,0.0,-0.7992145311732941,1.085164835164835,0.009269988412514484,0.0,0.0,1.0,0.0,0.0,0.0,0.0,0.0,0.0,0.5,0.3333333333333333,-1.0,0.0,-0.2484472049689441,0.0,0.0,0.0,1.380952380952381,0.5588235294117647,0.0,0.0,0.0,0.0,0.0,0.32395247029393354,0.0,-0.3308195072900955,0.43327318277496646
0.0,0.4,0.19404644268774704,-1.0,-0.7,0.0,0.5,0.5652173913043478,0.13513513513513514,0.0,0.0,0.0,0.0,1.1141552511415524,-1.0,0.0,1.0,0.0,-3.0,1.093015093015093,-0.08803418803418804,1.1870646766169155,0.0,0.0,0.0,0.9837997054491899,0.0,0.19157976052529935,0.0,0.0,0.0,0.0,0.0,-1.0,0.0,0.0,-1.0,0.0,0.48717948717948717,0.0,0.0,-0.033126293995859216,0.0,0.0,0.0,0.9404761904761905,0.058823529411764705,0.0,0.0,0.0,0.0,0.0,0.6683343756514488,-0.3333333333333333,0.7008547008547008,1.2119105555420702
0.0,0.15,0.356348814229249,0.0,-0.5,0.0,-1.0,-0.17391304347826086,-0.7837837837837838,2.0,0.0,-1.5,-1.4,0.2922374429223744,0.0,0.0,0.0,1.0,0.0,0.19164619164619165,-0.0641025641025641,-0.0626865671641791,1.0,0.0,-3.0,-0.249386352479136,0.0,-0.7786790266512167,1.0,-1.0,0.0,0.0,0.0,0.0,0.0,0.0,-1.0,0.0,-0.38461538461538464,-1.0,-1.0,-0.19875776397515527,0.0,0.0,-1.0,0.7142857142857143,-0.36764705882352944,0.0,0.0,0.0,0.0,0.0,-1.1644777986241395,-0.3333333333333333,-0.5620915032679739,0.24715595749630165
0.0,0.75,0.2832262845849802,0.0,-0.5,0.0,-0.5,-1.1521739130434783,-1.1891891891891893,0.0,0.0,0.25,0.2,0.0,0.0,0.0,-1.0,1.0,0.0,-0.3868023868023868,-0.21794871794871795,-1.061691542288557,0.25,-1.0,0.0,-0.4948453608247423,0.0,-0.9718037852452684,0.0,-1.0,0.0,-1.0,0.0,0.0,-0.5,0.0,-1.0,0.25,-1.5384615384615385,0.5,-1.0,-0.4720496894409938,-4.0,0.0,0.0,0.0,-0.36764705882352944,77.0,0.0,0.0,0.0,-4.0,-1.041901188242651,-1.0,-1.192559074912016,0.0
0.0,0.35,-0.03915513833992095,-1.0,0.0,0.0,-1.0,-0.30434782608695654,-0.9459459459459459,0.0,0.0,-0.75,-0.6,0.0,0.0,0.0,0.0,1.0,0.0,0.26044226044226043,-0.16495726495726495,-0.08258706467661692,0.25,0.0,0.0,0.2709867452135493,0.0,-0.369254538431827,1.0,-1.0,1.0,0.0,0.0,0.0,0.0,0.0,-1.0,1.25,0.0,-0.5,-2.0,-1.9875776397515528,-2.0,-2.0,0.0,2.0952380952380953,-0.36764705882352944,0.0,0.0,0.0,0.0,0.0,-0.3910777569314154,0.0,-0.30568124685771747,0.0
0.0,0.5,0.2777915019762846,-1.0,0.2,0.0,0.0,0.08695652173913043,0.1891891891891892,0.0,0.0,-0.75,-0.6,0.1704718417047184,0.0,0.0,1.0,1.0,-1.0,1.1463671463671463,-0.11538461538461539,1.2308457711442786,0.5,0.0,0.0,1.0270004909180166,0.0,0.22556971803785245,1.0,0.0,0.0,0.0,0.0,-1.0,0.0,0.0,1.0,0.0,-0.07692307692307693,0.0,0.0,0.0,0.0,0.0,0.0,1.0,0.6323529411764706,0.0,0.0,0.0,0.0,0.0,0.7325411715655611,0.0,0.7450980392156863,0.186708976699539
0.0,0.35,-0.06731719367588933,0.0,0.8,1.0,0.0,0.2608695652173913,-0.24324324324324326,0.0,0.0,-1.5,-1.4,2.045662100456621,-1.0,0.0,0.0,0.0,0.0,-0.5384345384345385,0.45042735042735044,-0.49850746268656715,1.0,0.0,0.0,-0.21600392734413354,1.0370879120879122,0.41405948242564694,0.0,0.0,1.0,0.0,0.0,-1.0,0.5,0.0,0.0,0.0,0.1282051282051282,-1.0,0.0,-0.016563146997929608,0.0,0.0,0.0,1.1428571428571428,0.3088235294117647,0.0,0.0,0.0,0.0,0.0,0.3664790494058783,0.3333333333333333,-0.006033182503770739,2.32384656913732
0.0,-0.3,-0.6078310276679841,0.0,0.8,0.0,-0.5,0.13043478260869565,-0.40540540540540543,0.0,0.0,-1.5,-1.4,0.0,0.0,-3.0,2.0,0.5,1.0,-0.5384345384345385,-0.8162393162393162,-1.973134328358209,1.0,0.0,0.0,0.8797250859106529,0.0,0.1096948628814214,0.0,0.0,0.0,1.0,1.0,0.0,1.0,0.0,-1.0,0.0,-0.02564102564102564,0.5,0.0,-0.2898550724637681,0.0,0.0,0.0,0.0,-0.36764705882352944,0.0,0.0,0.0,0.0,-2.0,-0.606316447779862,0.3333333333333333,-0.9492207139265962,0.0
0.0,1.2,0.22813735177865613,-1.0,-0.7,0.0,0.5,0.782608695652174,0.40540540540540543,0.0,0.0,0.0,0.0,0.0,0.0,0.0,1.0,0.0,0.0,-0.5384345384345385,1.2794871794871794,0.4666666666666667,0.0,0.0,0.0,0.27295041728031416,0.0,-0.36770954036307457,0.0,0.0,0.0,0.0,0.0,-1.0,0.0,0.0,-1.0,0.0,0.7435897435897436,0.0,1.0,1.0766045548654244,0.0,0.0,0.0,0.0,0.16176470588235295,0.0,0.0,0.0,0.0,0.0,-0.3881592662080463,-0.3333333333333333,-0.027149321266968326,0.0
1.0,-0.5,-0.42502470355731226,0.0,-0.3,-0.6666666666666666,0.5,-0.9130434782608695,-1.1891891891891893,0.0,0.0,-0.25,-0.2,3.65296803652968,0.0,-3.0,1.0,1.0,0.0,-0.22393822393822393,0.5786324786324787,0.09651741293532339,0.0,0.0,-3.0,0.27295041728031416,0.8131868131868132,0.5469293163383546,0.0,-1.0,1.0,1.0,0.0,0.0,0.5,0.0,1.0,1.0,-0.7435897435897436,0.5,-1.0,-0.9937888198757764,0.0,0.0,0.0,0.0,-0.36764705882352944,0.0,184.0,0.0,0.0,0.0,0.5816135084427766,0.0,0.38109602815485166,4.25150230797981
-2.0,0.25,-0.02556818181818182,0.0,0.9,1.0,1.0,0.6521739130434783,0.2702702702702703,2.0,0.0,0.0,0.0,4.675799086757991,-1.0,0.0,1.0,-1.0,0.0,-0.5384345384345385,0.9837606837606837,0.12238805970149254,0.0,0.0,0.0,-0.06676485027000491,1.289835164835165,0.8157589803012746,0.0,0.0,1.0,0.0,0.0,-1.0,1.5,0.0,0.0,0.0,0.5897435897435898,0.0,0.0,0.6956521739130435,0.0,0.0,0.0,0.8333333333333334,0.29411764705882354,0.0,0.0,0.0,0.0,0.0,-0.09047321242443172,1.0,0.5691302161890397,5.696395260471777
1.0,-0.5,0.3264575098814229,0.0,0.5,0.0,-1.0,-1.9130434782608696,0.02702702702702703,3.0,0.0,0.0,0.0,0.0,0.0,0.0,-1.0,-0.5,0.0,-0.5384345384345385,0.2794871794871795,-0.6975124378109453,0.5,0.0,0.0,-0.07854688267059401,0.0,-0.6442641946697567,0.0,-1.0,0.0,-1.0,0.0,0.0,0.0,0.0,-1.0,1.0,-0.6666666666666666,0.5,-1.0,-0.8571428571428571,-4.0,-4.0,-2.0,0.0,-0.36764705882352944,0.0,0.0,0.0,0.0,0.0,-0.9105691056910564,-0.6666666666666666,-0.7953745600804424,0.0
1.0,-1.0,-0.8593132411067194,0.0,0.5,0.0,-0.5,-0.5434782608695652,-1.1891891891891893,0.0,0.0,0.0,0.0,0.0,0.0,0.0,0.0,1.0,0.0,-0.39241839241839244,0.06581196581196581,-0.40298507462686567,0.0,0.0,0.0,-0.5851742758959254,0.0,-1.0428736964078795,0.0,-1.0,0.0,-1.0,0.0,0.0,-0.5,0.0,-1.0,1.0,-0.8205128205128205,0.5,-1.0,-0.9523809523809523,0.0,0.0,0.0,0.0,-0.36764705882352944,0.0,0.0,0.0,0.0,1.0,-1.203001876172607,-1.0,-0.905982905982906,0.0
1.0,0.75,-0.24172430830039526,0.0,-0.3,-0.6666666666666666,-0.5,-1.173913043478261,0.2972972972972973,0.0,0.0,-1.75,-1.6,0.0,0.0,0.0,0.0,1.0,0.0,-0.5384345384345385,0.5393162393162393,-0.39502487562189054,1.0,-1.0,-3.0,-0.17673048600883653,0.7142857142857143,0.08188489764387795,0.0,0.0,0.0,0.0,0.0,-2.0,0.5,0.0,-1.0,1.25,0.0,-0.5,-2.0,-1.9875776397515528,-2.0,-2.0,-2.0,0.0,-0.36764705882352944,144.0,0.0,0.0,0.0,0.0,-0.17135709818636624,0.0,-0.16993464052287582,0.0
0.0,1.75,0.5613883399209486,-1.0,0.2,0.0,0.0,0.08695652173913043,-0.4594594594594595,2.0,0.0,-0.75,-0.6,2.922374429223744,0.0,0.0,0.0,0.0,0.0,0.4513864513864514,1.1307692307692307,1.6965174129353233,0.0,0.0,0.0,1.4864997545409917,0.0,0.5870992661259173,0.0,0.0,0.0,0.0,0.0,0.0,0.5,0.0,0.0,0.0,-0.07692307692307693,0.0,0.0,0.2732919254658385,0.0,0.0,0.0,0.0,1.4264705882352942,0.0,0.0,0.0,-2.0,0.0,0.6466541588492807,0.0,1.2156862745098038,3.4254365316242414
0.0,0.25,0.011487154150197628,0.0,-0.5,-0.6666666666666666,0.0,-0.41304347826086957,-0.5945945945945946,0.0,0.0,0.25,0.2,0.0,0.0,0.0,0.0,1.0,0.0,0.08494208494208494,0.12393162393162394,0.004975124378109453,0.5,0.0,0.0,0.2533136966126657,0.8777472527472527,0.6040942448821939,0.0,0.0,0.0,1.0,0.0,0.0,0.5,0.0,-1.0,0.0,-0.6666666666666666,0.5,-1.0,-0.6418219461697723,0.0,0.0,0.0,1.0833333333333333,-0.36764705882352944,0.0,0.0,0.0,0.0,0.0,0.674171357098186,0.0,0.3720462543991956,0.0
0.0,-0.25,-0.4270009881422925,-1.0,-0.4,1.6666666666666667,0.5,0.5869565217391305,0.16216216216216217,0.0,0.0,0.0,0.0,0.0,0.0,0.0,1.0,0.0,0.0,-0.18743418743418744,-0.5871794871794872,-1.208955223880597,0.0,0.0,0.0,-0.6146293568973982,0.9010989010989011,-0.05252993433758208,0.0,0.0,1.0,0.0,0.0,0.0,0.5,0.0,0.0,0.5,0.5128205128205128,-1.0,0.0,-0.33126293995859213,0.0,0.0,0.0,1.0714285714285714,-0.36764705882352944,0.0,0.0,0.0,0.0,0.0,-0.3889931207004377,0.3333333333333333,-0.6686777275012569,0.0
0.0,0.35,0.12018280632411067,0.0,-0.7,1.0,0.5,0.7391304347826086,0.35135135135135137,0.0,0.0,0.0,0.0,1.339421613394216,-1.0,0.0,1.0,-1.0,-3.0,0.8431028431028431,-0.33760683760683763,0.5422885572139303,0.0,0.0,0.0,0.38291605301914583,1.9423076923076923,1.9034376207029742,1.0,0.0,1.0,1.0,0.0,-3.0,2.0,0.0,0.0,0.5,0.6923076923076923,-1.0,1.0,1.2919254658385093,0.0,0.0,0.0,0.7142857142857143,2.338235294117647,0.0,168.0,0.0,0.0,1.0,0.7547217010631645,1.6666666666666667,1.4891905480140775,1.8983524805108103
0.0,0.2,2.846220355731225,0.0,-0.6,0.0,0.0,-0.43478260869565216,-1.1081081081081081,2.0,0.0,0.25,0.2,1.1202435312024352,0.0,-2.0,0.0,0.0,-1.0,-0.4892944892944893,0.7307692307692307,1.626865671641791,1.0,0.0,0.0,2.3014236622484043,0.0,1.2282734646581692,1.0,0.0,0.0,0.0,0.0,-1.0,0.5,0.0,1.0,0.25,-0.6923076923076923,0.5,0.0,-0.12422360248447205,0.0,0.0,0.0,0.9880952380952381,1.3970588235294117,192.0,0.0,0.0,-2.0,-4.0,1.6848030018761717,0.3333333333333333,1.5977878330819508,1.4533498422347682
0.0,-0.45,-0.5482954545454546,-1.0,-0.6,1.0,0.0,-0.6086956521739131,0.21621621621621623,1.0,0.0,0.25,0.2,0.0,0.0,0.0,0.0,1.0,0.0,0.5482625482625483,-0.6384615384615384,0.07263681592039802,0.0,0.0,0.0,0.6853215513009328,1.2142857142857142,1.3225183468520665,1.0,0.0,1.0,0.0,0.0,-1.0,1.5,0.0,0.0,1.0,-0.8974358974358975,0.5,-1.0,-1.2422360248447204,0.0,0.0,0.0,1.3333333333333333,-0.36764705882352944,0.0,0.0,0.0,-2.0,0.0,0.5477034257522058,1.3333333333333333,0.873805932629462,0.0
-2.0,-1.8,-1.5436017786561265,0.0,0.9,1.0,0.0,0.5652173913043478,0.13513513513513514,0.0,0.0,-1.0,-1.0,6.873668188736682,0.0,0.0,1.0,0.0,0.0,0.04984204984204984,-0.2863247863247863,-0.5223880597014925,0.5,0.0,0.0,-0.7029945999018163,1.0013736263736264,-0.009269988412514484,0.0,0.0,1.0,-1.0,0.0,0.0,-0.5,0.0,0.0,1.0,0.48717948717948717,0.5,0.0,-0.16563146997929606,0.0,0.0,0.0,0.0,0.10294117647058823,0.0,0.0,0.0,0.0,0.0,1.1399624765478422,-0.3333333333333333,-0.293614881850176,7.164187329276402
0.0,0.05,0.5280385375494071,0.0,0.7,0.0,-0.5,-0.2391304347826087,-0.8648648648648649,0.0,0.0,0.25,0.2,0.7062404870624048,0.0,0.0,0.0,1.0,0.0,-0.29975429975429974,-0.3854700854700855,0.2,1.0,0.0,0.0,0.009818360333824251,0.0,-0.574739281575898,0.0,-1.0,0.0,0.0,0.0,0.0,0.0,0.0,0.0,0.0,-0.46153846153846156,0.5,-1.0,-0.7950310559006211,0.0,0.0,0.0,0.0,-0.07352941176470588,144.0,0.0,0.0,0.0,0.0,-0.7792370231394617,-0.3333333333333333,-0.29663147310206134,0.6370353575324403
0.0,0.2,-0.2328310276679842,0.0,-0.5,0.0,-0.5,0.717391304347826,0.35135135135135137,0.0,0.0,0.0,0.0,0.0,0.0,0.0,1.0,0.0,0.0,-0.5384345384345385,1.106837606837607,0.2656716417910448,0.5,0.0,0.0,0.07461953853706431,0.0,-0.5237543453070683,0.0,-1.0,1.0,-1.0,0.0,0.0,-0.5,0.0,-1.0,0.0,0.6923076923076923,0.5,0.0,-0.2070393374741201,0.0,0.0,0.0,0.47619047619047616,0.5735294117647058,0.0,0.0,0.0,0.0,1.0,-0.026266416510318934,-0.6666666666666666,-0.2302664655605832,0.0
0.0,1.0,0.7157855731225297,0.0,0.8,1.0,0.5,0.3695652173913043,-0.10810810810810811,2.0,0.0,-0.75,-0.6,0.0,0.0,0.0,1.0,0.0,-1.0,1.5254475254475255,-0.46923076923076923,1.3562189054726368,0.5,0.0,0.0,1.2017673048600883,2.092032967032967,2.7161066048667437,1.0,1.0,0.0,2.0,0.0,-1.0,2.5,0.0,1.0,0.0,0.2564102564102564,0.5,1.0,0.4720496894409938,0.0,0.0,0.0,2.1845238095238093,-0.36764705882352944,0.0,0.0,0.0,0.0,0.0,1.1628858945932115,2.0,2.4293614881850174,0.0
0.0,-0.25,-0.2513586956521739,0.0,-0.7,1.0,0.0,0.6956521739130435,0.32432432432432434,0.0,0.0,0.0,0.0,0.0,-1.0,0.0,1.0,0.0,0.0,-0.5384345384345385,0.4282051282051282,-0.5243781094527363,0.0,0.0,0.0,-0.7049582719685813,1.0,-0.012359984550019312,0.0,0.0,1.0,0.0,0.0,-1.0,1.0,0.0,0.0,0.0,0.6410256410256411,-1.0,0.0,-0.37267080745341613,0.0,0.0,0.0,0.0,-0.014705882352941176,0.0,0.0,0.0,0.0,1.0,-0.7792370231394617,0.6666666666666666,-0.29663147310206134,0.0
0.0,0.5,2.9581274703557314,-1.0,-0.8,1.6666666666666667,0.0,-0.08695652173913043,-0.6756756756756757,-1.0,2.0,-0.75,-0.6,0.0,0.0,0.0,0.0,1.0,-2.0,0.7785187785187785,-0.8162393162393162,-0.10646766169154229,0.0,0.0,0.0,-0.19440353460972018,0.0,-0.7354190807261491,1.0,-1.0,0.0,-2.0,0.0,0.0,-1.0,0.0,1.0,0.0,-0.28205128205128205,0.5,0.0,0.2484472049689441,0.0,0.0,0.0,0.0,1.5441176470588236,0.0,0.0,0.0,0.0,0.0,0.35897435897435875,-1.0,-0.5560583207642031,0.0
1.0,-1.0,-0.8444911067193676,0.0,-0.3,-0.6666666666666666,-1.0,-0.7391304347826086,-1.1891891891891893,0.0,0.0,-3.0,-2.6,0.0,0.0,0.0,1.0,1.0,0.0,-0.5384345384345385,0.43504273504273505,-0.5164179104477612,0.5,0.0,0.0,-0.6185567010309279,0.48214285714285715,-0.5268443414445731,0.0,-1.0,0.0,0.0,0.0,0.0,-1.0,0.0,-1.0,1.0,-0.02564102564102564,0.5,-1.0,-0.8944099378881988,0.0,0.0,-1.0,0.0,-0.36764705882352944,140.0,0.0,0.0,-2.0,0.0,0.9499687304565348,-1.3333333333333333,-0.6274509803921569,0.0
0.0,0.25,-0.00358201581027668,0.0,0.0,0.0,0.0,-0.32608695652173914,-0.972972972972973,2.0,0.0,-1.0,-1.0,0.821917808219178,0.0,-2.0,0.0,1.0,0.0,0.26184626184626186,0.05555555555555555,0.1761194029850746,0.5,0.0,0.0,-0.013745704467353952,0.0,-0.593279258400927,0.0,-1.0,0.0,0.0,0.0,0.0,-0.5,0.0,-1.0,0.0,-0.5641025641025641,0.5,-1.0,-0.7950310559006211,0.0,0.0,0.0,0.0,-0.36764705882352944,0.0,130.0,0.0,0.0,0.0,-0.18386491557223253,-1.0,-0.3207642031171443,0.7372926009405941
0.0,-0.75,-0.3919219367588933,0.0,0.8,0.0,0.0,0.43478260869565216,-0.02702702702702703,0.0,0.0,-0.75,-0.6,0.0,-1.0,0.0,1.0,0.0,0.0,-0.11723411723411724,0.7205128205128205,0.4129353233830846,0.0,0.0,0.0,0.21993127147766323,0.0,-0.4094244882193897,0.0,0.0,0.0,-1.0,0.0,-1.0,-0.5,0.0,-1.0,0.0,0.3333333333333333,0.0,0.0,0.2070393374741201,0.0,0.0,0.0,0.0,0.5588235294117647,0.0,0.0,0.0,0.0,0.0,0.2328955597248281,-0.6666666666666666,-0.08144796380090498,0.0
0.0,-1.1,1.8687005928853755,-1.0,0.2,0.0,0.0,0.13043478260869565,0.10810810810810811,0.0,0.0,-1.5,-1.4,0.0,0.0,-2.0,0.0,0.0,0.0,-0.5384345384345385,1.511965811965812,0.7373134328358208,1.0,0.0,0.0,0.9798723613156602,0.0,0.18848976438779452,0.0,0.0,0.0,0.0,0.0,0.0,0.5,0.0,0.0,0.0,-0.02564102564102564,0.5,0.0,-0.18633540372670807,0.0,0.0,0.0,1.1428571428571428,-0.36764705882352944,0.0,0.0,0.0,0.0,0.0,0.0012507817385868291,0.0,0.47159376571141276,0.0
1.0,-0.5,-0.6666254940711462,0.0,-0.3,-0.6666666666666666,0.0,-0.8260869565217391,-0.32432432432432434,0.0,0.0,0.25,0.2,0.0,0.0,-3.0,0.0,1.0,-3.0,0.14952614952614954,-0.7649572649572649,-0.9383084577114428,0.5,-1.0,0.0,-1.1134020618556701,0.0,-1.096948628814214,1.0,-1.0,0.0,-1.0,0.0,0.0,-0.5,0.0,-1.0,1.25,0.0,-0.5,-2.0,-1.9875776397515528,-2.0,-2.0,-2.0,0.31547619047619047,-0.36764705882352944,0.0,0.0,0.0,0.0,0.0,-1.3255784865540954,-0.6666666666666666,-1.2116641528406233,0.0
0.0,-2.3,-1.124135375494071,-1.0,0.1,0.0,0.0,0.06521739130434782,-0.4864864864864865,0.0,0.0,-0.75,-0.6,0.0,0.0,0.0,0.0,0.0,0.0,-0.36995436995437,0.8213675213675213,0.17213930348258707,1.0,0.0,0.0,-0.2533136966126657,0.0,-0.7817690227887215,0.0,0.0,0.0,-1.0,0.0,0.0,-0.5,0.0,0.0,0.0,-0.07692307692307693,0.0,0.0,-0.16563146997929606,0.0,0.0,0.0,0.0,2.6470588235294117,0.0,0.0,0.0,0.0,0.0,-0.6111319574734206,-0.6666666666666666,-0.4454499748617396,0.0
1.0,-0.75,-1.257534584980237,-1.0,0.5,-0.3333333333333333,-0.5,-0.9347826086956522,-1.1891891891891893,0.0,0.0,0.5,0.2,0.0,0.0,-2.0,-1.0,1.0,0.0,-0.3755703755703756,0.13418803418803418,-0.6358208955223881,0.0,0.0,0.0,-0.485027000490918,0.0,-0.9640787949015064,0.0,-1.0,0.0,0.0,0.0,0.0,-0.5,0.0,0.0,1.25,0.0,-0.5,-2.0,-1.9875776397515528,-2.0,-2.0,-2.0,0.0,-0.36764705882352944,0.0,0.0,0.0,0.0,0.0,-1.0243902439024384,-1.0,-0.9723479135243841,0.0
0.0,-0.05,-0.4665266798418972,0.0,0.0,1.0,0.0,-0.15217391304347827,-0.7567567567567568,0.0,0.0,0.0,0.0,1.6194824961948249,0.0,0.0,0.0,1.0,0.0,0.18041418041418042,-0.5632478632478632,-0.6597014925373135,1.0,0.0,0.0,-0.8384879725085911,0.945054945054945,-0.17921977597528002,0.0,-1.0,1.0,0.0,0.0,0.0,0.0,0.0,0.0,0.0,-0.358974358974359,0.0,0.0,-0.11180124223602485,0.0,0.0,0.0,1.119047619047619,1.2205882352941178,0.0,0.0,0.0,0.0,0.0,-0.03210339795705664,-0.3333333333333333,-0.473604826546003,1.6230085663895375
0.0,-0.05,-0.12487648221343874,0.0,0.0,0.0,-0.5,-0.32608695652173914,-0.08108108108108109,0.0,0.0,-0.75,-0.6,0.517503805175038,0.0,0.0,0.0,1.0,0.0,0.2576342576342576,-0.11025641025641025,0.03283582089552239,1.0,0.0,-4.0,-0.06676485027000491,0.0,-0.6349942062572422,0.0,-1.0,1.0,0.0,0.0,-3.0,0.0,0.0,-1.0,-0.25,0.46153846153846156,0.0,0.0,1.1180124223602483,0.0,0.0,0.0,0.0,0.8088235294117647,0.0,0.0,0.0,-1.0,-4.0,-0.8930581613508438,0.0,-0.4203117144293615,0.45838177358078486
0.0,0.9,1.1663784584980237,0.0,0.0,1.0,0.5,-0.15217391304347827,-0.7567567567567568,0.0,0.0,-1.0,-1.0,1.8812785388127853,0.0,0.0,0.0,1.0,0.0,0.08634608634608634,0.002564102564102564,-0.13432835820895522,0.0,0.0,0.0,0.2533136966126657,1.2925824175824177,1.070683661645423,0.0,0.0,1.0,1.0,0.0,-1.0,1.0,0.0,1.0,0.0,-0.358974358974359,-1.0,0.0,0.028985507246376812,0.0,0.0,0.0,0.625,0.6029411764705882,0.0,0.0,0.0,-4.0,0.0,0.7551594746716693,0.6666666666666666,0.6053293112116641,2.384941777788244
0.0,-0.25,0.6782361660079052,-1.0,-0.4,1.0,0.0,0.5869565217391305,0.16216216216216217,0.0,0.0,0.0,0.0,0.243531202435312,-1.0,0.0,1.0,0.0,0.0,0.43734643734643736,-0.30854700854700856,0.0009950248756218905,0.0,0.0,0.0,-0.12763868433971526,1.4175824175824177,0.9115488605639243,1.0,0.0,1.0,0.0,0.0,-1.0,0.5,0.0,0.0,0.5,0.5128205128205128,0.0,0.0,-0.37267080745341613,0.0,0.0,0.0,0.14285714285714285,0.3382352941176471,0.0,0.0,0.0,0.0,0.0,1.1719824890556594,0.6666666666666666,0.5701357466063348,0.30126899611546254
0.0,0.25,-0.5164278656126482,0.0,0.0,0.0,-0.5,-0.30434782608695654,0.21621621621621623,0.0,0.0,-1.0,-1.0,0.0,0.0,0.0,0.0,1.0,0.0,0.030186030186030187,0.30854700854700856,0.14228855721393036,0.5,0.0,0.0,0.47128129602356406,0.0,-0.21166473541908074,1.0,-1.0,0.0,0.0,0.0,-1.0,0.5,0.0,-1.0,1.0,-0.15384615384615385,0.5,0.0,0.5962732919254659,0.0,0.0,0.0,0.0,-0.36764705882352944,0.0,0.0,0.0,0.0,0.0,-0.6466541588492802,0.0,-0.08949220713926596,0.0
0.0,0.75,-0.6485918972332015,-1.0,1.1,0.0,1.0,0.6086956521739131,0.21621621621621623,0.0,0.0,0.0,0.0,0.8280060882800608,-1.0,0.0,1.0,-1.0,0.0,0.8725868725868726,-0.3683760683760684,0.5482587064676617,0.0,0.0,0.0,0.4104074619538537,0.0,-0.25955967555040554,1.0,0.0,0.0,-1.0,0.0,-1.0,0.0,0.0,-1.0,0.0,0.5384615384615384,-1.0,0.0,-0.037267080745341616,0.0,0.0,0.0,1.1428571428571428,0.0,0.0,0.0,0.0,0.0,0.0,-0.18386491557223253,0.0,0.08446455505279035,0.8136462712042557
0.0,0.4,0.21158596837944665,-1.0,0.7,0.0,-0.5,-0.10869565217391304,-0.02702702702702703,0.0,0.0,-0.75,-0.6,0.0,0.0,0.0,0.0,1.0,0.0,0.26184626184626186,0.7068376068376069,0.9343283582089552,0.5,0.0,0.0,1.244968090328915,0.0,0.3970645036693704,0.0,0.0,1.0,0.0,0.0,0.0,0.5,-4.0,0.0,0.0,-0.3076923076923077,0.0,0.0,-0.16563146997929606,0.0,0.0,0.0,0.0,1.0441176470588236,180.0,0.0,0.0,-2.0,0.0,0.33896185115697297,0.3333333333333333,0.7068878833584716,0.0
0.0,0.5,0.22764328063241107,0.0,0.2,0.0,0.5,-0.06521739130434782,-0.6486486486486487,2.0,0.0,-0.75,-0.6,1.7534246575342465,0.0,0.0,1.0,1.0,0.0,-0.5384345384345385,1.412820512820513,0.6218905472636815,0.5,0.0,0.0,1.168384879725086,0.0,0.33680957898802627,0.0,0.0,0.0,0.0,0.0,0.0,0.5,0.0,0.0,0.0,-0.2564102564102564,0.5,0.0,0.2070393374741201,0.0,0.0,0.0,0.5833333333333334,-0.36764705882352944,0.0,0.0,0.0,-2.0,0.0,0.24140087554721673,0.0,0.5098039215686274,1.9629069505664305
0.0,0.15,0.21652667984189725,-1.0,0.0,0.0,-0.5,-0.13043478260869565,-0.7297297297297297,0.0,0.0,-1.0,-1.0,1.1933028919330289,0.0,0.0,0.0,1.0,0.0,0.43734643734643736,0.07094017094017094,0.4427860696517413,1.0,0.0,0.0,0.249386352479136,0.0,-0.3862495171881035,0.0,0.0,0.0,0.0,0.0,0.0,-0.5,0.0,0.0,0.0,-0.3333333333333333,0.0,-1.0,-0.6708074534161491,0.0,0.0,0.0,0.0,1.2647058823529411,0.0,0.0,0.0,0.0,0.0,0.28542839274546594,-0.6666666666666666,-0.05128205128205128,1.13490535201542
0.0,0.6,0.3931571146245059,0.0,-0.1,0.0,0.5,0.32608695652173914,-0.13513513513513514,0.0,0.0,0.0,0.0,0.426179604261796,0.0,0.0,0.0,1.0,0.0,-0.5384345384345385,2.443589743589744,1.8218905472636815,0.5,0.0,0.0,1.7123220422189493,0.0,0.764774044032445,0.0,1.0,0.0,2.0,1.0,0.0,1.5,0.0,-1.0,-0.25,0.23076923076923078,0.5,1.0,1.184265010351967,0.0,0.0,0.0,0.0,-0.36764705882352944,0.0,0.0,0.0,0.0,-1.0,-0.154680008338545,1.0,1.3946706887883358,0.5148841078942659
0.0,0.15,-0.10190217391304347,-1.0,-0.7,1.0,1.0,0.5652173913043478,0.16216216216216217,0.0,0.0,0.0,0.0,1.948249619482496,-1.0,0.0,1.0,0.0,-1.0,0.3994383994383994,-0.24188034188034188,0.024875621890547265,0.0,0.0,0.0,-0.16298478154148258,1.164835164835165,0.5994592506759366,0.0,0.0,1.0,0.0,0.0,-1.0,0.5,0.0,1.0,0.0,0.48717948717948717,-1.0,1.0,0.7453416149068323,0.0,0.0,0.0,1.3333333333333333,1.1911764705882353,0.0,0.0,0.0,-4.0,0.0,0.666666666666666,0.3333333333333333,0.3790849673202614,2.288572625341524
0.0,-0.25,1.4692440711462451,-1.0,-0.7,1.0,0.0,0.5217391304347826,0.08108108108108109,0.0,0.0,0.0,0.0,0.0,0.0,0.0,1.0,0.0,0.0,0.6142506142506142,-0.6333333333333333,-0.1263681592039801,0.0,0.0,0.0,-0.3122238586156112,1.1483516483516483,0.46349942062572425,1.0,0.0,1.0,0.0,0.0,-1.0,0.5,0.0,-1.0,0.0,0.4358974358974359,0.0,0.0,-0.041407867494824016,0.0,0.0,0.0,1.6428571428571428,1.088235294117647,0.0,0.0,0.0,-2.0,0.0,0.4465290806754219,0.6666666666666666,0.21417797888386123,0.0
0.0,0.0,0.252346837944664,0.0,0.0,0.0,-1.0,-0.043478260869565216,-0.6216216216216216,0.0,0.0,-1.5,-1.4,0.0,0.0,0.0,0.0,1.0,0.0,0.0680940680940681,-0.07777777777777778,-0.2537313432835821,1.0,0.0,0.0,-0.4378988708885616,0.0,-0.9269988412514485,0.0,-1.0,0.0,0.0,0.0,0.0,-0.5,0.0,0.0,1.25,0.0,-0.5,-2.0,-1.9875776397515528,-2.0,-2.0,0.0,0.0,-0.36764705882352944,0.0,0.0,0.0,0.0,0.0,-0.9403377110694177,-1.0,-0.7551533433886375,0.0
0.0,0.4,0.5352025691699605,0.0,-0.7,0.0,0.5,0.6956521739130435,0.2972972972972973,0.0,0.0,0.0,0.0,0.0,-1.0,0.0,1.0,0.0,-3.0,1.2867672867672868,-0.07435897435897436,1.4776119402985075,0.0,0.0,0.0,1.270495827196858,0.0,0.4171494785631518,1.0,0.0,0.0,0.0,0.0,-1.0,0.5,0.0,-1.0,0.0,0.6410256410256411,-1.0,0.0,0.7453416149068323,0.0,0.0,0.0,0.9523809523809523,-0.014705882352941176,0.0,0.0,0.0,0.0,0.0,0.37148217636022507,0.3333333333333333,0.9944695827048768,0.0
0.0,0.05,-0.23678359683794467,0.0,0.0,-0.6666666666666666,-0.5,-0.45652173913043476,-1.135135135135135,0.0,0.0,-2.25,0.2,0.0,0.0,-3.0,0.0,1.0,0.0,0.1733941733941734,-0.12735042735042734,-0.16218905472636816,0.25,0.0,0.0,-0.3475699558173785,0.6524725274725275,-0.12205484743144071,0.0,0.0,0.0,1.0,0.0,0.0,0.0,0.0,-1.0,1.0,0.5128205128205128,0.5,0.0,0.9937888198757764,0.0,0.0,0.0,0.0,-0.36764705882352944,0.0,0.0,0.0,-2.0,0.0,0.0758807588075882,-0.3333333333333333,-0.18501759678230267,0.0
0.0,0.4,0.21158596837944665,-1.0,-0.7,0.0,0.5,0.5652173913043478,0.13513513513513514,0.0,0.0,0.0,0.0,1.1141552511415524,-1.0,0.0,1.0,0.0,-2.0,0.4148824148824149,0.5700854700854701,0.9920398009950249,0.0,0.0,0.0,0.812960235640648,0.0,0.05716492854383932,1.0,0.0,0.0,0.0,0.0,-1.0,0.0,0.0,-1.0,0.0,0.48717948717948717,0.0,0.0,0.40165631469979296,0.0,0.0,0.0,0.8571428571428571,0.058823529411764705,0.0,0.0,0.0,0.0,0.0,0.4144256827183652,0.0,0.514831573655103,1.1782451620655072
1.0,0.0,-0.09350296442687747,0.0,0.7,0.0,-0.5,-0.21739130434782608,-0.8378378378378378,0.0,0.0,-1.5,-1.4,2.045662100456621,0.0,0.0,0.0,1.0,0.0,1.3316953316953317,-0.13931623931623932,1.4656716417910447,1.0,0.0,0.0,1.258713794796269,0.0,0.4078794901506373,1.0,0.0,0.0,3.0,1.0,0.0,2.0,0.0,-1.0,1.0,-0.4358974358974359,0.5,0.0,0.09937888198757763,0.0,0.0,0.0,0.0,-0.36764705882352944,0.0,0.0,0.0,0.0,-4.0,-0.9403377110694177,1.3333333333333333,0.9824032176973353,2.3211615924242723
1.0,-2.3,-1.7185029644268774,0.0,-0.5,1.0,0.0,0.6739130434782609,0.32432432432432434,0.0,0.0,0.0,0.0,0.30441400304414,-1.0,0.0,1.0,0.0,0.0,-0.5384345384345385,0.8418803418803419,-0.042786069651741296,0.0,0.0,0.0,-0.22974963181148747,1.01510989010989,0.37852452684434146,0.0,0.0,0.0,0.0,0.0,-1.0,0.5,-6.0,-1.0,1.0,0.6153846153846154,0.5,0.0,-0.4140786749482402,0.0,0.0,0.0,0.0,0.22058823529411764,0.0,0.0,0.0,0.0,0.0,0.30894308943089405,0.0,0.20110608345902464,0.3435067417437821
1.0,-0.95,-0.8296689723320159,0.0,-0.9,0.0,-0.5,-0.9130434782608695,-0.02702702702702703,0.0,0.0,0.25,0.2,0.0,0.0,0.0,-1.0,1.0,0.0,-0.244998244998245,0.04871794871794872,-0.5502487562189055,1.0,0.0,-4.0,-0.4162984781541483,0.0,-0.9100038624951718,1.0,-1.0,0.0,-1.0,0.0,0.0,-0.5,0.0,-1.0,1.0,-1.2564102564102564,0.5,-1.0,-1.2422360248447204,-4.0,0.0,0.0,0.2857142857142857,-0.36764705882352944,0.0,0.0,0.0,0.0,0.0,-0.9018136335209501,-0.6666666666666666,-0.8939165409753645,0.0
0.0,-0.25,0.006546442687747036,-1.0,-0.4,1.0,0.5,0.6086956521739131,0.1891891891891892,0.0,0.0,0.0,0.0,1.095890410958904,-1.0,0.0,1.0,0.0,0.0,-0.5384345384345385,0.6948717948717948,-0.21393034825870647,0.0,0.0,0.0,-0.39862542955326463,1.581043956043956,0.8821938972576284,0.0,0.0,1.0,0.0,0.0,-1.0,1.0,0.0,0.0,0.5,0.5384615384615384,-1.0,0.0,-0.19047619047619047,0.0,0.0,0.0,0.8571428571428571,0.3382352941176471,0.0,0.0,0.0,0.0,0.0,0.4881175734834269,0.6666666666666666,0.4424333836098542,1.349425588562012
0.0,-0.35,-0.4887598814229249,0.0,0.8,0.0,0.5,0.6739130434782609,0.2972972972972973,0.0,0.0,0.0,0.0,0.730593607305936,0.0,0.0,1.0,0.0,0.0,0.41628641628641627,-0.13247863247863248,0.1761194029850746,0.0,0.0,0.0,-0.013745704467353952,0.0,-0.593279258400927,1.0,-1.0,0.0,0.0,0.0,-1.0,0.0,0.0,-1.0,1.25,0.0,-0.5,-2.0,-1.9875776397515528,-2.0,-2.0,0.0,0.0,-0.36764705882352944,0.0,0.0,0.0,0.0,0.0,-0.814258911819887,-0.3333333333333333,-0.3207642031171443,0.6553712008360837
1.0,-0.9,-0.8000247035573123,0.0,-0.9,-0.6666666666666666,-0.5,-0.8043478260869565,-1.1891891891891893,0.0,0.0,-1.0,-1.0,0.0,0.0,0.0,-1.0,0.0,0.0,-0.5384345384345385,0.7153846153846154,-0.1900497512437811,0.5,0.0,-4.0,-0.3750613647520864,0.6153846153846154,-0.1853997682502897,0.0,-1.0,0.0,0.0,0.0,0.0,0.5,0.0,-1.0,1.0,-1.1282051282051282,0.5,-1.0,-0.9937888198757764,-4.0,0.0,0.0,1.1904761904761905,1.3088235294117647,0.0,0.0,0.0,0.0,0.0,-0.6041275797373354,-0.3333333333333333,-0.24032176973353445,0.0
0.0,2.5,0.21677371541501977,0.0,-0.7,0.0,-0.5,0.043478260869565216,-0.5135135135135135,0.0,0.0,-1.5,-1.4,0.0,0.0,0.0,0.0,1.0,-3.0,0.4668304668304668,-0.3837606837606838,-0.04477611940298507,1.0,0.0,0.0,-0.23171330387825234,0.0,-0.764774044032445,0.0,-1.0,1.0,0.0,0.0,0.0,-0.5,0.0,-1.0,0.0,-0.1282051282051282,0.5,0.0,-0.16563146997929606,0.0,0.0,0.0,0.0,-0.36764705882352944,0.0,0.0,0.0,-2.0,0.0,-0.5726078799249525,-0.6666666666666666,-0.5439919557566616,0.0
0.0,1.85,1.090044466403162,0.0,0.4,0.0,1.0,0.7391304347826086,0.3783783783783784,2.0,0.0,0.0,0.0,2.654490106544901,-1.0,0.0,1.0,-1.0,-2.0,1.427167427167427,-0.2863247863247863,1.4298507462686567,0.0,0.0,0.0,1.2233676975945018,0.0,0.38006952491309387,1.0,0.0,0.0,-1.0,0.0,-1.0,0.0,0.0,0.0,0.0,0.6923076923076923,0.0,1.0,1.598343685300207,0.0,0.0,0.0,0.0,1.1323529411764706,0.0,0.0,0.0,0.0,1.0,1.0243902439024384,0.0,0.9462041226747109,2.9962550140850768
0.0,0.5,1.3153409090909092,-1.0,0.2,1.0,0.0,-0.043478260869565216,-0.6216216216216216,0.0,0.0,-1.5,-1.4,1.5342465753424657,0.0,0.0,0.0,1.0,0.0,0.04563004563004563,-0.1170940170940171,-0.33134328358208953,0.5,0.0,0.0,0.019636720667648502,1.2307692307692308,0.817303978370027,0.0,0.0,1.0,1.0,0.0,0.0,1.0,0.0,0.0,0.0,-0.23076923076923078,0.0,0.0,0.062111801242236024,0.0,0.0,0.0,0.0,0.6029411764705882,0.0,0.0,0.0,-3.0,0.0,0.3961851156973106,0.6666666666666666,0.34087481146304677,1.8695987950366229
0.0,0.5,0.9934535573122529,0.0,-0.8,0.0,0.0,-0.2826086956521739,-0.5135135135135135,-1.0,0.0,-2.25,-0.6,0.0,0.0,0.0,0.0,0.0,-2.0,0.06388206388206388,-0.6572649572649573,1.2149253731343284,0.5,0.0,0.0,0.3240058910162003,0.0,-0.3275395905755118,1.0,-1.0,0.0,-2.0,0.0,0.0,-1.0,0.0,0.0,0.0,-0.5128205128205128,0.0,0.0,0.34782608695652173,0.0,0.0,0.0,2.4345238095238093,-0.36764705882352944,0.0,0.0,0.0,0.0,0.0,1.5146966854283919,-1.0,0.3770739064856712,0.0
1.0,0.7,0.45985671936758893,0.0,0.5,0.0,0.0,-1.0869565217391304,-1.1891891891891893,0.0,0.0,0.25,0.2,0.0,0.0,0.0,-1.0,1.0,0.0,-0.5384345384345385,1.235042735042735,0.41492537313432837,1.0,0.0,-4.0,0.22189494354442807,0.0,-0.4078794901506373,0.0,-1.0,0.0,1.0,0.0,0.0,0.5,0.0,-1.0,1.0,-1.4615384615384615,0.5,-1.0,-0.6956521739130435,-4.0,-4.0,0.0,0.0,-0.36764705882352944,228.0,0.0,0.0,0.0,-1.0,-0.9643527204502811,-0.3333333333333333,-0.07943690296631473,0.0
0.0,-0.5,0.030014822134387352,0.0,-0.5,-0.6666666666666666,0.0,-1.065217391304348,-1.1891891891891893,0.0,0.0,0.25,0.2,0.0,0.0,0.0,-1.0,1.0,0.0,-0.5384345384345385,0.16153846153846155,-0.8348258706467662,0.25,-1.0,-3.0,-1.0112911143838978,0.7197802197802198,-0.5685592893008884,0.0,-1.0,0.0,-1.0,0.0,0.0,-0.5,0.0,-1.0,1.25,0.0,-0.5,-2.0,-1.9875776397515528,-2.0,-2.0,-2.0,0.0,-0.25,128.0,0.0,0.0,0.0,0.0,-0.12782989368355235,-1.0,-0.8154851684263449,0.0
0.0,-0.5,-0.5628705533596838,0.0,0.0,0.0,-0.5,-0.5,-1.1891891891891893,2.0,0.0,0.25,0.2,0.0,0.0,0.0,0.0,0.5,1.0,-0.5384345384345385,-0.8162393162393162,-1.973134328358209,1.0,0.0,-3.0,-0.09229258713794797,0.0,-0.6550791811510236,0.0,-1.0,0.0,-1.0,0.0,0.0,-0.5,0.0,-1.0,1.0,-0.7692307692307693,0.5,0.0,0.6004140786749482,0.0,0.0,0.0,0.0,-0.36764705882352944,0.0,0.0,0.0,0.0,0.0,-0.32395247029393354,-1.0,-1.4469582704876822,0.0
0.0,1.1,0.623641304347826,0.0,1.1,1.0,1.0,0.782608695652174,0.43243243243243246,0.0,0.0,0.0,0.0,0.5114155251141552,-1.0,0.0,1.0,-1.0,0.0,-0.5384345384345385,0.5068376068376068,-0.43283582089552236,0.0,0.0,0.0,-0.6146293568973982,1.64010989010989,0.7786790266512167,0.0,0.0,1.0,1.0,0.0,-3.0,1.0,0.0,0.0,0.5,0.7435897435897436,-1.0,1.0,0.8281573498964804,0.0,0.0,0.0,0.0,0.7352941176470589,0.0,0.0,0.0,0.0,1.0,0.34146341463414615,0.6666666666666666,0.2644544997486174,0.6192785854770869
-2.0,1.5,0.7592638339920948,0.0,0.9,1.0,0.5,0.6739130434782609,0.2972972972972973,0.0,0.0,0.0,0.0,0.0,-1.0,0.0,1.0,0.0,0.0,-0.22674622674622674,0.4982905982905983,-0.0009950248756218905,0.0,0.0,0.0,-0.18851251840942562,1.3131868131868132,0.746234067207416,0.0,0.0,1.0,0.0,0.0,-1.0,1.0,0.0,0.0,0.0,0.6153846153846154,0.0,0.0,0.8198757763975155,0.0,0.0,0.0,0.0,1.6323529411764706,0.0,0.0,0.0,-3.0,0.0,0.295497185741088,0.6666666666666666,0.46153846153846156,0.0
0.0,3.2,2.4455286561264824,-1.0,-0.4,1.0,0.5,0.6956521739130435,0.32432432432432434,0.0,0.0,0.0,0.0,2.776255707762557,-1.0,0.0,1.0,0.0,-1.0,-0.4584064584064584,1.4658119658119657,0.7970149253731343,0.0,0.0,0.0,0.5989199803632793,1.4697802197802199,1.5419080726149093,1.0,0.0,1.0,1.0,0.0,-1.0,1.5,0.0,0.0,0.0,0.6666666666666666,0.0,0.0,0.39751552795031053,0.0,0.0,0.0,1.4226190476190477,1.5735294117647058,0.0,0.0,0.0,0.0,1.0,0.823987214231116,1.3333333333333333,1.3826043237807943,3.760132044516945
0.0,-0.1,0.4055088932806324,-1.0,1.2,0.0,0.0,0.2391304347826087,-0.2702702702702703,0.0,0.0,-0.75,-0.6,0.0,0.0,0.0,1.0,0.0,0.0,0.3882063882063882,0.16153846153846155,0.4786069651741294,1.0,0.0,0.0,0.2847324496809033,0.0,-0.35843955195056004,0.0,0.0,0.0,0.0,0.0,0.0,0.0,0.0,-1.0,0.0,0.10256410256410256,0.5,0.0,0.14906832298136646,0.0,0.0,0.0,0.0,-0.36764705882352944,0.0,0.0,0.0,0.0,0.0,-0.3706483218678337,-0.3333333333333333,-0.015082956259426848,0.0
0.0,2.0,1.0398962450592886,-1.0,0.4,1.0,1.5,0.6521739130434783,0.2702702702702703,0.0,0.0,0.0,0.0,4.042617960426179,-1.0,0.0,1.0,-1.0,-3.0,0.888030888030888,0.13418803418803418,1.155223880597015,0.0,0.0,0.0,0.9523809523809523,1.5054945054945055,1.8601776747779066,1.0,0.0,1.0,0.0,0.0,-3.0,2.0,0.0,1.0,0.5,0.5897435897435898,-1.0,1.0,1.0186335403726707,0.0,0.0,0.0,2.380952380952381,-0.36764705882352944,0.0,0.0,0.0,0.0,0.0,0.7056910569105689,1.6666666666666667,1.7707390648567118,5.699742310391814
0.0,1.25,0.6678606719367589,0.0,0.4,0.0,0.5,0.6956521739130435,0.2972972972972973,0.0,0.0,0.0,0.0,1.3759512937595129,-1.0,0.0,1.0,0.0,-1.0,1.1477711477711479,-0.23504273504273504,1.0935323383084576,0.0,0.0,0.0,0.8915071183112421,0.0,0.11896485129393589,0.0,0.0,0.0,0.0,0.0,-1.0,0.5,0.0,0.0,0.0,0.6410256410256411,0.0,0.0,0.2153209109730849,0.0,0.0,0.0,0.0,0.6617647058823529,0.0,0.0,0.0,0.0,1.0,-0.11131957473420889,0.0,0.6063348416289592,1.474361521139179
0.0,-0.75,-0.9828310276679841,0.0,0.5,-0.3333333333333333,-1.0,-0.3695652173913043,-1.027027027027027,0.0,0.0,-1.0,-1.0,0.0,0.0,0.0,0.0,1.0,0.0,-0.5384345384345385,0.6914529914529914,-0.21791044776119403,0.0,0.0,0.0,-0.4025527736867943,0.0,-0.899188876013905,0.0,-1.0,0.0,-2.0,0.0,0.0,-1.0,0.0,-1.0,1.25,0.0,-0.5,-2.0,-1.9875776397515528,-2.0,-2.0,0.0,0.0,-0.36764705882352944,0.0,0.0,0.0,-2.0,0.0,-0.10506566604127573,-1.3333333333333333,-0.7189542483660131,0.0
1.0,-1.5,-1.007534584980237,0.0,0.5,0.0,0.0,-1.0217391304347827,0.2702702702702703,0.0,0.0,-1.0,-1.0,0.0,0.0,-2.0,-1.0,1.0,-1.0,-0.018954018954018954,0.5153846153846153,0.31343283582089554,0.5,0.0,-4.0,0.12174766813942071,0.6414835164835165,0.23483970645036695,0.0,0.0,0.0,0.0,0.0,-1.0,-0.5,0.0,-1.0,1.0,-1.3846153846153846,0.5,-1.0,-1.093167701863354,0.0,0.0,0.0,0.0,-0.36764705882352944,183.0,0.0,0.0,0.0,0.0,1.6933083176985604,-0.6666666666666666,0.2875816993464052,0.0
0.0,-0.4,0.15501482213438736,0.0,-0.5,-0.6666666666666666,-0.5,-0.717391304347826,0.13513513513513514,0.0,0.0,0.25,0.2,0.0,0.0,-2.0,-1.0,1.0,0.0,-0.04563004563004563,-0.6247863247863248,-0.6915422885572139,0.5,0.0,0.0,-0.5478645066273933,0.7513736263736264,-0.16840478949401314,1.0,0.0,0.0,1.0,1.0,0.0,0.0,0.0,-1.0,1.25,0.0,-0.5,-2.0,-1.9875776397515528,-2.0,-2.0,0.0,0.8333333333333334,-0.36764705882352944,0.0,0.0,0.0,0.0,0.0,-0.011673962893474917,0.0,-0.48265460030165913,0.0
0.0,0.5,0.3037302371541502,-1.0,-0.8,0.0,-0.5,-0.391304347826087,-0.02702702702702703,2.0,0.0,0.25,0.2,0.0,-1.0,0.0,0.0,1.0,0.0,-0.006318006318006318,-0.01282051282051282,1.2447761194029852,0.0,0.0,-4.0,1.5316642120765833,0.0,0.6226342217072228,1.0,-1.0,0.0,-1.0,0.0,0.0,0.5,0.0,2.0,0.0,-0.6410256410256411,-1.0,-1.0,-0.7329192546583851,0.0,0.0,0.0,2.8333333333333335,-0.36764705882352944,0.0,142.0,0.0,-3.0,0.0,0.7041901188242649,0.0,1.0105580693815988,0.0
0.0,0.8,0.26766304347826086,0.0,0.4,1.0,1.0,0.7391304347826086,0.35135135135135137,0.0,0.0,0.0,0.0,1.82648401826484,-1.0,0.0,1.0,-1.0,0.0,1.2699192699192698,-0.31367521367521367,1.1751243781094527,0.0,0.0,0.0,1.0270004909180166,0.7568681318681318,1.0768636539204326,1.0,-1.0,1.0,0.0,0.0,-3.0,1.0,0.0,0.0,0.0,0.6923076923076923,-1.0,1.0,1.279503105590062,0.0,0.0,0.0,1.0595238095238095,1.3970588235294117,0.0,0.0,0.0,0.0,1.0,0.7639149468417756,0.6666666666666666,1.2709904474610356,2.317623402218154
0.0,-0.4,-0.3049654150197628,-1.0,-0.4,1.0,0.5,0.6739130434782609,0.2702702702702703,0.0,0.0,0.0,0.0,0.0,-1.0,0.0,1.0,0.0,0.0,-0.5384345384345385,0.6196581196581197,-0.30149253731343284,0.0,0.0,0.0,-0.485027000490918,1.2087912087912087,0.395519505600618,0.0,0.0,1.0,0.0,0.0,-1.0,0.5,0.0,0.0,0.0,0.6153846153846154,-1.0,0.0,-0.16563146997929606,0.0,0.0,0.0,0.5952380952380952,0.3382352941176471,0.0,0.0,0.0,0.0,0.0,0.33646028767979985,0.3333333333333333,0.08144796380090498,0.0
0.0,0.75,1.7763092885375493,-1.0,1.1,0.0,1.0,0.17391304347826086,-0.35135135135135137,2.0,5.0,-0.75,-0.6,3.975646879756469,-1.0,0.0,0.0,0.0,0.0,-0.5384345384345385,2.065811965811966,1.382089552238806,1.0,0.0,0.0,1.217476681394207,0.0,0.37543453070683663,0.0,0.0,1.0,-1.0,0.0,0.0,0.0,0.0,0.0,0.0,0.02564102564102564,0.0,0.0,0.12836438923395446,0.0,0.0,0.0,3.4166666666666665,0.5735294117647058,0.0,0.0,0.0,0.0,0.0,1.0156347717323322,0.0,0.9190548014077425,4.483572235975951
1.0,-0.5,0.7113389328063241,-1.0,0.5,-0.6666666666666666,-0.5,-0.6956521739130435,-1.1891891891891893,0.0,0.0,-1.0,-1.0,0.0,0.0,0.0,0.0,1.0,0.0,-0.032994032994032994,-0.20085470085470086,-0.5402985074626866,1.0,0.0,0.0,-0.4575355915562101,0.0,-0.12668984163769795,0.0,-1.0,1.0,-1.0,0.0,0.0,0.5,0.0,-1.0,1.0,0.28205128205128205,0.5,0.0,0.7453416149068323,0.0,0.0,0.0,1.4107142857142858,-0.36764705882352944,0.0,0.0,0.0,0.0,0.0,-0.5090681676047529,0.0,-0.3790849673202614,0.0
0.0,3.55,5.506793478260869,-1.0,0.0,0.0,0.0,-0.2826086956521739,-0.918918918918919,2.0,0.0,-2.25,-0.6,0.6818873668188736,0.0,0.0,0.0,1.0,-2.0,0.35872235872235875,-0.062393162393162394,0.1761194029850746,0.25,0.0,0.0,1.1173294059891998,0.0,0.2966396292004635,1.0,-1.0,0.0,0.0,0.0,0.0,0.5,0.0,1.0,0.0,-0.5128205128205128,-1.0,0.0,0.19875776397515527,0.0,0.0,-1.0,1.25,0.5441176470588235,0.0,0.0,0.0,0.0,0.0,0.17636022514071306,0.0,0.2584213172448467,0.7574298530573897
0.0,-1.3,-1.0307559288537549,-1.0,1.0,1.0,0.5,0.30434782608695654,-0.1891891891891892,0.0,0.0,-1.5,-1.4,0.0,-1.0,-2.0,1.0,0.0,0.0,0.15654615654615656,-0.2111111111111111,0.14427860696517414,0.5,0.0,0.0,-0.045164457535591555,0.9656593406593407,0.4681344148319815,1.0,0.0,0.0,-1.0,0.0,-1.0,-0.5,0.0,0.0,0.0,0.1794871794871795,0.0,0.0,0.09937888198757763,-3.0,0.0,0.0,2.625,0.14705882352941177,0.0,0.0,0.0,0.0,0.0,2.2221388367729813,-0.3333333333333333,0.3539467068878834,0.0
0.0,0.5,0.17749505928853754,-1.0,0.0,0.0,0.0,-0.2608695652173913,-0.8918918918918919,0.0,0.0,0.5,0.4,2.989345509893455,0.0,0.0,0.0,1.0,0.0,-0.13408213408213407,0.3803418803418803,0.7373134328358208,1.0,0.0,0.0,0.5400098183603338,0.0,-0.15758980301274622,1.0,-1.0,1.0,0.0,0.0,0.0,0.0,0.0,0.0,0.0,-0.48717948717948717,0.5,0.0,0.09937888198757763,0.0,0.0,0.0,0.0,-0.07352941176470588,0.0,0.0,0.0,0.0,0.0,0.008755472170106311,0.0,0.2463549522373052,3.011371079748282
0.0,-1.15,0.7256669960474308,-1.0,1.1,0.0,0.0,0.2826086956521739,-0.21621621621621623,0.0,0.0,0.0,-0.6,0.8036529680365296,0.0,0.0,0.0,0.0,0.0,1.4243594243594244,-0.8162393162393162,1.2228855721393035,1.0,0.0,0.0,1.1075110456553756,0.0,0.28891463885670143,1.0,0.0,0.0,0.0,0.0,0.0,0.5,-3.0,0.0,0.0,0.15384615384615385,-1.0,0.0,0.5631469979296067,0.0,0.0,0.0,1.1428571428571428,-0.36764705882352944,0.0,0.0,0.0,0.0,0.0,0.16385240775484675,0.3333333333333333,0.7823026646556058,0.8913365124183591
0.0,0.7,0.7748270750988142,0.0,-0.5,0.0,0.0,-0.5,0.1891891891891892,0.0,0.0,0.5,0.4,0.0,0.0,0.0,0.0,1.0,-3.0,0.13127413127413126,0.4230769230769231,0.41890547263681593,1.0,0.0,0.0,2.1030927835051547,0.0,1.0722286597141752,1.0,0.0,0.0,1.0,0.0,-1.0,0.5,0.0,0.0,0.0,-0.7692307692307693,0.5,0.0,0.39751552795031053,0.0,0.0,0.0,0.0,0.058823529411764705,39.0,0.0,0.0,-2.0,0.0,1.432145090681675,0.3333333333333333,0.8858722976370035,0.0
0.0,1.35,0.13599308300395258,-1.0,-0.8,1.0,0.0,0.32608695652173914,-0.13513513513513514,0.0,0.0,-0.75,-0.6,1.6316590563165905,-1.0,0.0,1.0,0.0,0.0,0.6282906282906283,-0.2692307692307692,0.3174129353233831,1.0,0.0,0.0,0.15120274914089346,1.2307692307692308,0.9208188489764387,0.0,0.0,1.0,1.0,0.0,0.0,1.0,0.0,0.0,0.0,0.20512820512820512,0.5,0.0,0.16977225672877846,0.0,0.0,0.0,0.0,2.985294117647059,0.0,192.0,0.0,0.0,0.0,0.5428392745465913,1.0,0.7360482654600302,2.021448277400667
0.0,0.05,1.0305088932806323,0.0,0.7,-0.6666666666666666,-0.5,-0.32608695652173914,-0.972972972972973,0.0,0.0,-1.0,-1.0,0.0,-1.0,-2.0,0.0,1.0,0.0,-0.4584064584064584,0.13076923076923078,0.12039800995024875,0.0,0.0,0.0,0.3240058910162003,0.9175824175824175,0.7045191193511008,1.0,0.0,0.0,1.0,0.0,-1.0,1.0,0.0,0.0,0.0,-0.5641025641025641,0.5,0.0,-0.12008281573498965,0.0,0.0,0.0,0.0,-0.36764705882352944,0.0,0.0,0.0,0.0,0.0,0.2363977485928704,0.6666666666666666,0.49572649572649574,0.0
0.0,-0.35,1.9625741106719368,-1.0,1.0,0.0,1.5,0.7608695652173914,0.40540540540540543,2.0,0.0,0.0,0.0,4.554033485540335,-3.0,0.0,1.0,-1.0,0.0,2.1347841347841348,-0.2829059829059829,2.43681592039801,0.0,0.0,0.0,2.2523318605792833,0.0,1.1896485129393588,1.0,0.0,0.0,-2.0,0.0,-3.0,1.5,0.0,0.0,0.0,0.7435897435897436,-1.0,1.0,2.8405797101449277,0.0,0.0,0.0,0.0,0.5147058823529411,0.0,0.0,0.0,0.0,1.0,0.3803766242790632,1.0,1.9819004524886878,5.87539963038629
1.0,-0.5,-0.23678359683794467,0.0,0.5,0.0,-0.5,-1.0869565217391304,0.32432432432432434,0.0,0.0,0.25,0.2,0.0,-1.0,0.0,0.0,1.0,0.0,-0.5384345384345385,0.8384615384615385,-0.046766169154228855,1.0,0.0,0.0,-0.23367697594501718,0.0,-0.7663190421011974,0.0,-1.0,0.0,-1.0,0.0,0.0,-0.5,0.0,-1.0,1.0,-1.1538461538461537,0.5,0.0,0.0,-4.0,0.0,-2.0,0.0,-0.36764705882352944,184.0,0.0,0.0,0.0,0.0,-0.5761100687929954,-1.0,-0.5460030165912518,0.0
-2.0,0.175,-1.818552371541502,0.0,0.9,1.0,0.0,0.5869565217391305,0.16216216216216217,0.0,0.0,-1.0,-1.0,2.776255707762557,-1.0,0.0,1.0,0.0,0.0,0.07371007371007371,-0.2692307692307692,-0.46865671641791046,0.0,0.0,0.0,-0.6244477172312224,1.0384615384615385,0.09424488219389726,0.0,0.0,1.0,0.0,0.0,-1.0,-0.5,0.0,0.0,1.0,0.5128205128205128,0.5,0.0,-0.16563146997929606,0.0,0.0,0.0,0.0,-0.36764705882352944,0.0,0.0,0.0,0.0,0.0,1.374609130706691,-0.3333333333333333,-0.19909502262443438,2.959334068469074
0.0,-0.8,-0.4670207509881423,0.0,-0.6,1.0,0.5,-1.1521739130434783,-1.1891891891891893,0.0,0.0,-0.25,-0.2,0.0,0.0,0.0,-1.0,-0.5,0.0,-0.044226044226044224,-0.062393162393162394,-0.39502487562189054,0.5,0.0,0.0,-0.36524300441826213,1.2376373626373627,0.5222093472383159,0.0,-1.0,1.0,1.0,0.0,0.0,1.5,0.0,0.0,1.0,-1.5384615384615385,0.5,-1.0,-1.093167701863354,-4.0,0.0,0.0,0.0,-0.36764705882352944,40.0,0.0,0.0,0.0,0.0,-0.4601487040511427,0.6666666666666666,0.11664152840623429,0.0
0.0,-0.5,-0.10338438735177866,0.0,-0.5,0.0,-0.5,-0.34782608695652173,0.32432432432432434,2.0,0.0,0.25,0.2,0.5966514459665144,0.0,0.0,1.0,0.5,1.0,-0.5384345384345385,-0.8162393162393162,-1.973134328358209,0.0,0.0,0.0,0.49680903289150713,0.0,-0.19157976052529935,0.0,-1.0,0.0,0.0,0.0,0.0,0.5,0.0,0.0,0.0,-0.5897435897435898,0.0,-1.0,-0.9440993788819876,0.0,0.0,0.0,0.6904761904761905,-0.36764705882352944,0.0,0.0,0.0,-2.0,0.0,-0.6141338336460286,-0.3333333333333333,-1.1452991452991452,0.5961735501751556
1.0,-0.35,0.48110177865612647,0.0,0.5,-0.6666666666666666,0.5,0.6521739130434783,0.24324324324324326,0.0,0.0,0.0,0.0,0.0,0.0,0.0,1.0,0.0,0.0,-0.5384345384345385,1.511965811965812,0.7373134328358208,0.0,0.0,0.0,0.5400098183603338,0.989010989010989,0.9548088064889919,0.0,0.0,1.0,0.0,0.0,-1.0,0.0,-2.0,-1.0,1.0,0.5897435897435898,0.5,0.0,0.016563146997929608,0.0,0.0,-2.0,1.6666666666666667,3.1323529411764706,0.0,0.0,0.0,0.0,0.0,2.1100687929956212,0.0,0.9703368526897939,0.0
0.0,1.1,-0.5040760869565217,-1.0,-0.9,-0.6666666666666666,-0.5,-1.4130434782608696,-0.08108108108108109,0.0,0.0,-3.0,-0.6,0.0,0.0,0.0,1.0,-0.5,0.0,-0.5384345384345385,0.0452991452991453,-0.9701492537313433,0.5,0.0,0.0,-0.2965144820814924,0.4340659340659341,-0.3275395905755118,0.0,-1.0,0.0,0.0,0.0,0.0,-0.5,0.0,-1.0,0.0,0.15384615384615385,0.5,0.0,0.39751552795031053,0.0,0.0,0.0,0.6190476190476191,-0.36764705882352944,0.0,0.0,0.0,-2.0,0.0,0.4185115697310818,-1.0,-0.726998491704374,0.0
1.0,1.0,3.327939723320158,-0.6666666666666666,0.5,0.3333333333333333,2.0,-1.7608695652173914,-0.02702702702702703,0.0,6.0,0.25,0.2,0.0,-1.0,-2.0,-1.0,1.0,-1.0,-0.5384345384345385,1.076068376068376,0.2298507462686567,0.0,0.0,0.0,0.8463426607756505,2.0851648351648353,3.3124758594051755,0.0,0.0,1.0,1.0,0.0,-3.0,3.0,0.0,1.0,1.0,0.3333333333333333,0.5,1.0,1.4906832298136645,-5.0,0.0,0.0,0.0,3.4558823529411766,0.0,410.0,0.0,-4.0,0.0,1.2987283718991032,2.0,2.2483660130718954,0.0
0.0,0.15,0.11573616600790514,-1.0,-0.1,1.6666666666666667,0.5,0.3695652173913043,-0.08108108108108109,0.0,0.0,-1.5,-1.4,0.0,0.0,0.0,1.0,0.0,-3.0,0.3194103194103194,0.1700854700854701,0.39104477611940297,0.0,0.0,0.0,0.2552773686794305,0.0,-0.3816145229818463,1.0,0.0,0.0,0.0,0.0,-1.0,0.0,0.0,-1.0,0.0,0.2564102564102564,0.5,0.0,0.07039337474120083,0.0,0.0,0.0,1.0,0.029411764705882353,0.0,0.0,0.0,-4.0,0.0,-0.4144256827183652,0.0,-0.07440925087983911,0.0
0.0,-0.5,0.23011363636363635,0.0,0.5,-0.6666666666666666,-0.5,-1.2391304347826086,-0.1891891891891892,0.0,0.0,-1.5,-1.4,0.0,0.0,0.0,0.0,-0.5,0.0,-0.5384345384345385,0.31196581196581197,-0.6597014925373135,0.0,0.0,0.0,-0.5478645066273933,0.967032967032967,0.2966396292004635,0.0,0.0,1.0,0.0,0.0,0.0,1.0,-3.0,-1.0,1.0,-1.641025641025641,0.5,-1.0,-1.2422360248447204,-4.0,-4.0,-2.0,0.0,-0.36764705882352944,0.0,0.0,0.0,-2.0,0.0,-0.34146341463414615,0.6666666666666666,-0.16390145801910508,0.0
0.0,-0.3,-0.6078310276679841,0.0,0.8,1.3333333333333333,-0.5,0.13043478260869565,-0.40540540540540543,0.0,0.0,-0.75,-0.6,1.67427701674277,0.0,0.0,0.0,0.0,-3.0,0.9863109863109863,-0.8162393162393162,0.1880597014925373,1.0,0.0,0.0,0.2690230731467845,0.0,-0.3707995365005794,2.0,-2.0,2.0,-1.0,1.0,0.0,0.0,0.0,1.0,1.0,-0.02564102564102564,0.5,0.0,0.19875776397515527,0.0,0.0,0.0,0.7142857142857143,-0.36764705882352944,0.0,0.0,0.0,0.0,-2.0,-0.393996247654784,0.3333333333333333,-0.16993464052287582,1.5988864869771737
0.0,-1.45,-1.1253705533596838,0.0,1.0,0.0,1.0,0.6086956521739131,0.21621621621621623,0.0,0.0,-1.75,-1.6,0.0,-1.0,0.0,1.0,-1.0,-3.0,1.0803790803790805,-0.0641025641025641,1.1970149253731344,0.0,0.0,0.0,0.9936180657830143,0.0,0.1993047508690614,1.0,-1.0,1.0,-3.0,0.0,-3.0,-0.5,0.0,0.0,0.0,0.5384615384615384,-1.0,0.0,0.8364389233954451,0.0,0.0,0.0,0.0,1.3970588235294117,0.0,224.0,0.0,0.0,0.0,1.6127579737335829,-0.3333333333333333,0.7109100050276521,0.0
0.0,0.0,0.2696393280632411,0.0,-0.6,1.0,1.0,-0.8913043478260869,0.0,2.0,0.0,-2.25,-2.0,0.0,-1.0,0.0,0.0,0.0,0.0,-0.12144612144612145,0.13418803418803418,-0.27562189054726366,1.0,0.0,0.0,0.9072164948453608,1.6181318681318682,1.951332560834299,0.0,0.0,1.0,0.0,0.0,-1.0,2.0,-6.0,1.0,1.0,-1.2307692307692308,0.5,0.0,-0.16563146997929606,0.0,0.0,0.0,0.0,0.7205882352941176,0.0,0.0,0.0,0.0,0.0,0.809005628517823,1.3333333333333333,1.1070889894419307,0.0
0.0,0.15,-0.4956768774703557,-1.0,0.0,1.0,0.5,-0.021739130434782608,0.2702702702702703,0.0,0.0,-1.5,-1.4,0.8401826484018264,0.0,0.0,0.0,1.0,0.0,0.34047034047034047,-0.647008547008547,-0.5303482587064676,0.5,0.0,0.0,-0.7108492881688758,1.0357142857142858,0.023174971031286212,1.0,-1.0,1.0,1.0,0.0,-1.0,0.5,0.0,-1.0,0.0,-0.20512820512820512,-1.0,0.0,0.016563146997929608,0.0,0.0,0.0,0.0,0.10294117647058823,0.0,0.0,0.0,0.0,0.0,-0.2664165103189493,0.3333333333333333,-0.2765208647561589,0.8819772902116234
0.0,-0.1,-0.11400691699604742,-1.0,-0.7,0.0,0.5,0.5652173913043478,0.13513513513513514,0.0,0.0,0.0,0.0,0.0,-1.0,0.0,1.0,0.0,-3.0,0.2478062478062478,0.6726495726495727,0.8746268656716418,0.0,0.0,0.0,0.6755031909671085,0.0,-0.05098493626882966,1.0,0.0,0.0,0.0,0.0,-1.0,0.0,0.0,-1.0,0.0,0.48717948717948717,-1.0,0.0,0.7701863354037267,0.0,0.0,0.0,0.0,0.14705882352941177,0.0,0.0,0.0,0.0,0.0,0.21013133208255147,0.0,0.3851181498240322,0.0
1.0,-2.3,-1.7185029644268774,0.0,-0.5,1.0,0.5,0.6739130434782609,0.2702702702702703,0.0,0.0,0.0,0.0,0.30441400304414,-1.0,0.0,1.0,0.0,0.0,-0.5384345384345385,0.8418803418803419,-0.042786069651741296,0.0,0.0,0.0,-0.22974963181148747,1.01510989010989,0.37852452684434146,0.0,0.0,0.0,0.0,0.0,-1.0,0.5,-6.0,-1.0,1.0,0.6153846153846154,0.5,0.0,-0.4140786749482402,0.0,0.0,0.0,0.0,0.22058823529411764,0.0,0.0,0.0,0.0,0.0,0.30894308943089405,0.0,0.20110608345902464,0.3435067417437821
0.0,-0.5,-0.5678112648221344,-1.0,-0.7,0.0,-0.5,-0.021739130434782608,-0.5945945945945946,2.0,0.0,-1.5,-1.4,0.0,0.0,0.0,0.0,1.0,-3.0,0.009126009126009126,-0.005982905982905983,-0.2537313432835821,1.0,0.0,0.0,-0.4378988708885616,0.0,-0.9269988412514485,0.0,-1.0,0.0,0.0,0.0,0.0,-0.5,0.0,-1.0,1.0,0.23076923076923078,0.5,-1.0,-0.5300207039337475,0.0,0.0,0.0,0.0,-0.36764705882352944,0.0,0.0,0.0,0.0,0.0,-0.9403377110694177,-1.0,-0.7551533433886375,0.0
0.0,-2.3,-1.7782855731225296,0.0,0.1,1.0,0.0,0.06521739130434782,-0.4864864864864865,0.0,0.0,-0.75,-2.2,0.0,0.0,0.0,0.0,0.0,0.0,0.25623025623025625,-0.32222222222222224,-0.2716417910447761,1.0,0.0,0.0,-0.45557191948944525,0.8255494505494505,-0.012359984550019312,0.0,0.0,1.0,0.0,0.0,0.0,0.5,0.0,0.0,0.0,-0.10256410256410256,0.5,0.0,-0.16563146997929606,0.0,0.0,0.0,0.5178571428571429,-0.36764705882352944,0.0,0.0,0.0,0.0,0.0,-0.32395247029393354,0.3333333333333333,-0.1689291101055807,0.0
0.0,0.45,-0.015439723320158102,0.0,0.9,0.0,0.5,0.7391304347826086,0.35135135135135137,2.0,0.0,-1.75,-1.6,1.248097412480974,-3.0,0.0,1.0,-1.0,0.0,1.0424710424710424,0.2094017094017094,1.4616915422885572,0.0,0.0,0.0,1.2547864506627393,0.0,0.40478949401313247,1.0,0.0,0.0,0.0,0.0,-3.0,1.0,0.0,0.0,0.0,0.6923076923076923,-1.0,1.0,1.2670807453416149,0.0,0.0,0.0,1.0178571428571428,1.661764705882353,0.0,266.0,0.0,0.0,1.0,-0.1882426516572857,0.6666666666666666,0.9783810960281548,1.415365111416908
0.0,5.2,3.9378705533596836,0.0,0.0,1.0,1.0,-1.1956521739130435,-0.10810810810810811,0.0,0.0,-0.25,-0.2,0.0,-1.0,-2.0,1.0,1.0,0.0,0.9161109161109161,-0.5769230769230769,0.7333333333333333,0.5,0.0,0.0,0.5360824742268041,1.8681318681318682,2.5461568173039786,1.0,0.0,0.0,1.0,0.0,-1.0,1.0,0.0,0.0,1.0,-1.5897435897435896,0.5,0.0,1.3043478260869565,0.0,0.0,0.0,0.0,-0.1323529411764706,552.0,0.0,-3.0,-4.0,-4.0,2.8455284552845512,1.0,2.0040221216691805,0.0
1.0,1.1,-0.9778903162055336,0.0,0.5,0.3333333333333333,0.0,-1.326086956521739,-1.1891891891891893,0.0,0.0,0.25,0.2,0.0,0.0,0.0,0.0,1.0,0.0,-0.5384345384345385,0.47435897435897434,-0.47064676616915424,0.0,0.0,0.0,-0.31026018654884635,1.276098901098901,1.1819235225955969,0.0,-1.0,0.0,2.0,0.0,0.0,1.0,0.0,-1.0,1.25,0.0,-0.5,-2.0,-1.9875776397515528,-2.0,-2.0,0.0,0.0,2.5441176470588234,30.0,0.0,0.0,-2.0,-4.0,0.9127579737335829,0.0,0.5077928607340372,0.0
0.0,0.3,0.027791501976284584,0.0,0.4,0.0,1.0,0.6739130434782609,0.2972972972972973,2.0,0.0,0.0,0.0,1.5951293759512937,-1.0,0.0,1.0,-1.0,-3.0,0.9891189891189891,0.25213675213675213,1.4358208955223881,0.0,0.0,0.0,1.2292587137947963,0.0,0.3847045191193511,1.0,0.0,0.0,0.0,0.0,-3.0,0.5,0.0,0.0,0.0,0.6153846153846154,-1.0,1.0,1.556935817805383,0.0,0.0,0.0,0.0,0.014705882352941176,0.0,170.0,0.0,0.0,0.0,0.3189493433395872,0.3333333333333333,0.9522373051784816,1.8020805617572353
1.0,0.5,-0.23036067193675888,0.0,-0.5,0.0,-1.0,0.6521739130434783,0.2702702702702703,0.0,0.0,0.0,0.0,0.0,0.0,0.0,1.0,0.0,0.0,-0.5384345384345385,1.1,0.25771144278606967,0.0,0.0,0.0,0.06676485027000491,0.0,-0.529934337582078,0.0,0.0,0.0,-1.0,0.0,0.0,-0.5,0.0,-1.0,0.0,0.5897435897435898,0.0,0.0,-0.16563146997929606,0.0,0.0,0.0,0.7857142857142857,0.5735294117647058,0.0,0.0,0.0,0.0,0.0,-0.040275171982489234,-0.6666666666666666,-0.2383107088989442,0.0
0.0,0.25,0.15970849802371542,0.0,-0.1,0.0,0.0,0.08695652173913043,-0.4594594594594595,0.0,0.0,-0.75,-0.6,0.0,0.0,0.0,0.0,1.0,0.0,0.36153036153036155,-0.34444444444444444,0.40696517412935324,1.0,0.0,0.0,0.37702503681885124,0.0,-0.2858246427191966,0.0,0.0,0.0,0.0,0.0,0.0,0.0,0.0,1.0,1.0,0.0,0.5,0.0,-0.028985507246376812,0.0,0.0,0.0,1.4166666666666667,0.8529411764705882,0.0,0.0,0.0,-2.0,0.0,-0.2334792578695018,0.0,-0.004022121669180492,0.0
0.0,-1.0,-0.6122776679841897,0.0,0.5,-0.6666666666666666,0.0,-1.065217391304348,-1.1891891891891893,0.0,0.0,-1.0,-1.0,0.0,0.0,-2.0,-1.0,-0.5,0.0,0.3278343278343278,-0.8162393162393162,-0.745273631840796,0.5,0.0,0.0,-0.43593519882179677,0.6112637362637363,-0.23792970258787177,0.0,0.0,0.0,-1.0,0.0,0.0,0.0,-4.0,-1.0,0.0,-1.435897435897436,0.5,-1.0,-0.33954451345755693,0.0,0.0,0.0,0.0,-0.36764705882352944,126.0,0.0,0.0,0.0,0.0,-0.1430060454450696,-0.3333333333333333,-0.555052790346908,0.0
1.0,0.0,-1.2451828063241106,0.0,-0.7,0.0,0.0,0.6739130434782609,0.2702702702702703,0.0,0.0,0.0,0.0,1.248097412480974,-1.0,0.0,1.0,0.0,-3.0,0.391014391014391,-0.4982905982905983,-0.2855721393034826,0.0,0.0,0.0,-0.4693176239567992,0.0,-0.9517188103514871,1.0,-1.0,0.0,-2.0,0.0,-1.0,-1.5,0.0,0.0,0.0,0.6153846153846154,0.0,0.0,-0.2484472049689441,0.0,0.0,0.0,0.8869047619047619,-0.36764705882352944,0.0,0.0,0.0,0.0,0.0,0.983531373775276,-1.3333333333333333,-0.7873303167420814,0.9920784513079377
1.0,-1.0,-1.4769021739130435,0.0,0.5,-0.6666666666666666,-0.5,-0.5652173913043478,-1.1891891891891893,0.0,0.0,-3.0,-2.6,0.0,0.0,0.0,0.0,1.0,0.0,-0.10038610038610038,-0.1188034188034188,-0.5402985074626866,1.0,0.0,0.0,-0.7206676485027,0.7747252747252747,-0.27809965237543455,0.0,-1.0,1.0,-1.0,0.0,0.0,-0.5,0.0,-1.0,1.0,-0.8205128205128205,0.5,-1.0,-0.9937888198757764,0.0,0.0,0.0,0.0,0.14705882352941177,0.0,0.0,0.0,-1.0,0.0,0.5305816135084427,-0.6666666666666666,-0.47762694821518353,0.0
0.0,1.45,0.5860918972332015,0.0,-0.4,0.0,0.5,0.3695652173913043,-0.10810810810810811,0.0,0.0,-1.5,-1.4,0.0,0.0,0.0,1.0,0.0,0.0,-0.5384345384345385,1.617948717948718,0.8606965174129353,0.0,0.0,0.0,0.6971035837015218,0.0,-0.03398995751255311,0.0,0.0,0.0,0.0,0.0,0.0,-0.5,0.0,-1.0,0.0,0.2564102564102564,0.0,0.0,0.08281573498964803,0.0,0.0,0.0,0.0,0.1323529411764706,0.0,0.0,0.0,0.0,0.0,1.083927454659161,-0.6666666666666666,0.3891402714932127,0.0
0.0,-1.5,1.0361907114624507,-1.0,0.7,0.0,-0.5,-0.2391304347826087,-0.8648648648648649,0.0,0.0,-1.5,-1.4,0.0,0.0,-2.0,0.0,1.0,0.0,-0.5384345384345385,1.1324786324786325,0.2955223880597015,1.0,0.0,0.0,1.1958762886597938,0.0,0.35843955195056004,0.0,-1.0,1.0,0.0,0.0,0.0,1.0,-3.0,0.0,0.0,-0.46153846153846156,0.0,-1.0,-0.5424430641821946,0.0,0.0,0.0,0.0,0.07352941176470588,0.0,0.0,0.0,0.0,0.0,-0.25390869293308305,0.3333333333333333,0.358974358974359,0.0
0.0,0.15,0.7446887351778656,-1.0,0.0,0.0,-1.0,-0.2826086956521739,-0.918918918918919,0.0,0.0,0.25,0.2,0.0,0.0,0.0,1.0,1.0,0.0,0.04984204984204984,-0.1752136752136752,0.21592039800995025,1.0,0.0,0.0,0.025527736867943053,0.0,-0.5623792970258787,1.0,-1.0,0.0,0.0,0.0,0.0,0.0,0.0,0.0,0.0,-0.5128205128205128,0.0,-1.0,-0.6956521739130435,0.0,0.0,0.0,2.113095238095238,-0.36764705882352944,0.0,0.0,0.0,-3.0,0.0,-0.7558890973525114,-0.3333333333333333,-0.28054298642533937,0.0
0.0,-0.175,1.2068922924901186,-1.0,0.8,1.0,0.5,0.32608695652173914,-0.13513513513513514,0.0,0.0,-0.75,-0.6,0.7792998477929984,-1.0,0.0,0.0,0.0,-2.0,0.9568269568269568,-0.658974358974359,0.32935323383084575,0.0,0.0,0.0,0.18262150220913106,1.2115384615384615,0.9239088451139436,1.0,0.0,1.0,0.0,0.0,0.0,0.5,0.0,0.0,0.0,0.20512820512820512,-1.0,0.0,-0.10766045548654245,0.0,0.0,0.0,0.35714285714285715,0.4411764705882353,0.0,154.0,0.0,0.0,0.0,1.1919949968730448,0.6666666666666666,0.7440925087983912,0.9659363939876585
0.0,0.25,-0.30348320158102765,0.0,0.0,0.0,0.0,-0.1956521739130435,-0.8108108108108109,2.0,0.0,-1.5,-1.4,1.582952815829528,0.0,0.0,0.0,0.0,0.0,0.5665145665145666,-0.2948717948717949,0.2,0.0,0.0,0.0,0.009818360333824251,0.0,-0.574739281575898,1.0,-1.0,0.0,0.0,0.0,0.0,0.0,0.0,-1.0,0.0,-0.41025641025641024,0.0,0.0,0.09937888198757763,0.0,-3.0,0.0,0.0,-0.36764705882352944,0.0,0.0,0.0,-2.0,0.0,-0.7792370231394617,-0.3333333333333333,-0.29663147310206134,1.4278378703313317
0.0,-0.15,-0.9571393280632411,0.0,-0.5,0.0,-0.5,-1.0434782608695652,-1.1891891891891893,0.0,0.0,-0.25,-0.2,0.0,0.0,0.0,0.0,1.0,0.0,0.11863811863811864,-0.13931623931623932,-0.2537313432835821,1.0,-1.0,-4.0,-0.4378988708885616,0.0,-0.9269988412514485,1.0,-1.0,0.0,-1.0,0.0,0.0,-0.5,0.0,-1.0,1.25,0.0,-0.5,-2.0,-1.9875776397515528,-2.0,-2.0,0.0,0.0,-0.36764705882352944,96.0,0.0,0.0,0.0,0.0,-0.9403377110694177,-0.6666666666666666,-0.7551533433886375,0.0
0.0,0.65,0.23258399209486166,0.0,-0.5,0.0,0.0,0.782608695652174,0.40540540540540543,0.0,0.0,0.0,0.0,0.0,0.0,0.0,1.0,0.0,-1.0,-0.4878904878904879,1.194017094017094,0.4388059701492537,0.0,0.0,0.0,0.24545900834560627,0.0,-0.38933951332560834,0.0,0.0,0.0,0.0,0.0,-1.0,0.0,0.0,-1.0,0.0,0.7435897435897436,0.0,0.0,-0.08281573498964803,0.0,0.0,0.0,0.5952380952380952,-0.04411764705882353,0.0,0.0,0.0,0.0,0.0,-0.42901813633520924,-0.3333333333333333,-0.05530417295123177,0.0
-2.0,0.1,-0.20713932806324112,0.0,0.9,1.0,0.5,0.782608695652174,0.40540540540540543,0.0,0.0,0.0,0.0,0.0,0.0,0.0,1.0,0.0,0.0,0.6156546156546157,-0.6829059829059829,-0.18208955223880596,0.0,0.0,0.0,-0.30436917034855177,1.2637362637362637,0.5994592506759366,1.0,0.0,1.0,0.0,0.0,-1.0,0.5,0.0,0.0,0.0,0.7435897435897436,0.0,0.0,0.6790890269151139,0.0,0.0,0.0,1.0,1.2205882352941178,0.0,0.0,0.0,0.0,1.0,0.666666666666666,0.6666666666666666,0.27450980392156865,0.0
0.0,-1.35,1.010251976284585,-0.6666666666666666,-0.7,0.0,-0.5,0.4782608695652174,0.02702702702702703,0.0,0.0,0.0,0.0,0.0,0.0,0.0,1.0,0.0,0.0,0.4668304668304668,-0.34786324786324785,-0.0029850746268656717,0.0,0.0,0.0,-0.19047619047619047,0.0,-0.7323290845886443,0.0,-1.0,0.0,0.0,0.0,0.0,-0.5,0.0,-1.0,0.0,0.41025641025641024,0.5,0.0,0.39751552795031053,0.0,0.0,0.0,1.3333333333333333,-0.36764705882352944,0.0,0.0,0.0,0.0,0.0,-0.49906191369605973,-0.6666666666666666,-0.5017596782302665,0.0
0.0,0.0,0.3511610671936759,-1.0,-0.7,1.0,0.0,0.08695652173913043,-0.4594594594594595,0.0,0.0,-1.5,-1.4,0.9315068493150684,0.0,0.0,0.0,0.0,0.0,-0.007722007722007722,-0.2846153846153846,-0.6019900497512438,0.0,0.0,0.0,-0.7815414825724104,0.9656593406593407,-0.11123986095017381,0.0,-1.0,1.0,0.0,0.0,0.0,0.0,0.0,-1.0,0.0,-0.07692307692307693,-1.0,-1.0,-0.7494824016563147,0.0,0.0,0.0,0.0,0.16176470588235295,0.0,0.0,0.0,-2.0,0.0,0.09631019387116943,-0.3333333333333333,-0.40020110608345905,0.9486483983317996
0.0,0.1,0.13154644268774704,-1.0,0.0,0.0,-0.5,-0.34782608695652173,0.05405405405405406,0.0,0.0,-1.5,-1.4,0.3896499238964992,0.0,0.0,0.0,1.0,0.0,-0.032994032994032994,0.3974358974358974,0.1562189054726368,1.0,0.0,0.0,0.2925871379479627,0.0,-0.3522595596755504,0.0,-1.0,0.0,-1.0,0.0,-1.0,0.0,-4.0,0.0,0.0,-0.5897435897435898,0.5,-1.0,-0.13664596273291926,0.0,0.0,0.0,0.0,-0.36764705882352944,0.0,0.0,0.0,-2.0,0.0,-0.35897435897435875,-0.3333333333333333,-0.1739567621920563,0.3739240842312814
0.0,-0.25,-0.25407608695652173,0.0,-0.7,0.0,0.5,0.6739130434782609,0.2702702702702703,0.0,0.0,0.0,0.0,1.6194824961948249,-1.0,0.0,1.0,0.0,-1.0,0.7897507897507897,0.021367521367521368,0.8845771144278607,0.0,0.0,0.0,0.6853215513009328,0.0,-0.04325994592506759,1.0,0.0,0.0,0.0,0.0,-1.0,1.0,0.0,-1.0,0.0,0.6153846153846154,0.5,0.0,0.016563146997929608,0.0,0.0,0.0,0.8273809523809523,1.0735294117647058,0.0,0.0,0.0,0.0,0.0,-0.8230143839899933,0.6666666666666666,0.3951734539969834,1.6751476249751682
1.0,-0.65,0.10560770750988142,0.0,0.5,1.0,-1.0,-1.0434782608695652,-1.1891891891891893,0.0,0.0,-1.0,-1.0,0.0,0.0,0.0,0.0,1.0,0.0,-0.5384345384345385,0.3564102564102564,-0.6079601990049751,0.25,-1.0,0.0,-0.5439371624938635,0.7115384615384616,-0.21011973735032832,0.0,-1.0,0.0,0.0,0.0,0.0,1.0,0.0,-1.0,1.0,-1.0256410256410255,0.5,-1.0,-1.1180124223602483,0.0,0.0,0.0,0.0,2.161764705882353,60.0,0.0,0.0,0.0,-1.0,-1.0594121325828636,0.0,-0.4675716440422323,0.0
0.0,0.2,1.527050395256917,-1.0,-0.6,-0.6666666666666666,0.5,-0.7391304347826086,0.32432432432432434,0.0,0.0,0.0,0.0,1.8995433789954337,-1.0,-2.0,0.0,1.0,0.0,-0.05967005967005967,-0.03504273504273504,-0.3850746268656716,0.0,0.0,0.0,0.09818360333824251,1.1222527472527473,0.7570490536886829,0.0,-1.0,1.0,0.0,0.0,-1.0,1.0,0.0,1.0,0.0,-1.0512820512820513,0.5,0.0,-0.2028985507246377,0.0,0.0,0.0,0.0,1.3823529411764706,150.0,0.0,0.0,0.0,0.0,0.3108192620387741,0.6666666666666666,0.27450980392156865,2.291981474708754
0.0,-1.35,-1.597949604743083,0.0,-1.2,0.0,0.5,0.6956521739130435,0.32432432432432434,0.0,0.0,0.0,0.0,0.0974124809741248,-1.0,0.0,1.0,0.0,-3.0,-0.515970515970516,1.2897435897435898,0.5104477611940299,0.0,0.0,0.0,0.3161512027491409,0.0,-0.33371958285052145,0.0,0.0,0.0,-1.0,0.0,-1.0,-0.5,0.0,-1.0,0.0,0.6410256410256411,-1.0,0.0,-0.17391304347826086,0.0,0.0,0.0,0.6428571428571429,-0.36764705882352944,0.0,0.0,0.0,0.0,1.0,0.4045028142589115,-0.6666666666666666,0.017094017094017096,0.09393371630137673
0.0,0.15,-0.12067687747035573,-1.0,-0.7,0.0,0.5,0.717391304347826,0.32432432432432434,0.0,0.0,0.0,0.0,0.0,-1.0,0.0,1.0,0.0,-1.0,-0.5384345384345385,1.7444444444444445,1.0079601990049751,0.0,0.0,0.0,0.8070692194403535,0.0,0.05252993433758208,0.0,0.0,0.0,-1.0,0.0,-1.0,-0.5,0.0,-1.0,0.0,0.6666666666666666,0.0,0.0,0.8074534161490683,0.0,0.0,0.0,2.0892857142857144,0.11764705882352941,0.0,0.0,0.0,0.0,1.0,1.280050031269543,-0.6666666666666666,0.5198592257415787,0.0
0.0,-0.25,-0.34844367588932806,-1.0,-0.4,1.0,0.0,0.6304347826086957,0.21621621621621623,0.0,0.0,0.0,0.0,0.0,-1.0,0.0,1.0,0.0,0.0,-0.5384345384345385,0.9102564102564102,0.03681592039800995,0.0,0.0,0.0,-0.15120274914089346,1.7266483516483517,1.2406334492081885,0.0,0.0,1.0,1.0,0.0,-1.0,1.0,0.0,0.0,0.5,0.5641025641025641,0.0,0.0,-0.37267080745341613,0.0,0.0,0.0,0.7142857142857143,0.3088235294117647,0.0,0.0,0.0,0.0,0.0,0.995934959349593,0.6666666666666666,0.8024132730015083,0.0
0.0,0.75,0.49320652173913043,0.0,0.2,1.0,0.0,0.043478260869565216,-0.5135135135135135,0.0,0.0,0.0,0.0,0.0,0.0,0.0,0.0,0.0,0.0,0.23376623376623376,-0.5376068376068376,-0.554228855721393,1.0,0.0,0.0,-0.5419734904270986,1.0178571428571428,0.13595983005021245,1.0,0.0,1.0,0.0,0.0,0.0,0.0,0.0,0.0,0.0,-0.1282051282051282,0.0,0.0,-0.19047619047619047,0.0,0.0,0.0,1.244047619047619,2.6911764705882355,0.0,0.0,0.0,-2.0,0.0,0.5632687096101731,0.3333333333333333,-0.21518350930115637,0.0
0.0,0.0,0.252346837944664,0.0,0.0,0.0,-1.0,-0.043478260869565216,-0.6216216216216216,0.0,0.0,-1.5,-1.4,0.0,0.0,0.0,0.0,1.0,0.0,0.19726219726219726,-0.5427350427350427,-0.2537313432835821,0.5,0.0,0.0,-0.4378988708885616,0.0,-0.9269988412514485,0.0,-1.0,0.0,-1.0,0.0,0.0,-1.0,0.0,-1.0,1.0,0.23076923076923078,0.5,0.0,0.39751552795031053,0.0,0.0,0.0,1.2857142857142858,-0.36764705882352944,0.0,0.0,0.0,0.0,-4.0,-0.18386491557223253,-1.3333333333333333,-0.7551533433886375,0.0
0.0,1.65,0.9865365612648221,0.0,0.4,0.0,2.0,0.6521739130434783,0.24324324324324326,2.0,0.0,0.0,0.0,5.613394216133942,-3.0,0.0,1.0,-1.0,-2.0,-0.4598104598104598,3.1769230769230767,2.7870646766169154,0.0,0.0,0.0,2.56259204712813,0.0,1.4337582078022402,0.0,0.0,0.0,0.0,0.0,-3.0,1.0,0.0,0.0,0.0,0.5897435897435898,-1.0,1.0,2.020703933747412,0.0,0.0,0.0,1.4761904761904763,1.1764705882352942,0.0,0.0,0.0,0.0,0.0,1.2695434646654151,0.3333333333333333,2.317747611865259,7.493862807410294
1.0,-2.45,-1.9265069169960474,0.0,-1.0,1.0,-0.5,-0.043478260869565216,-0.6216216216216216,0.0,0.0,-1.5,-1.4,0.8645357686453576,0.0,0.0,0.0,1.0,0.0,-0.5384345384345385,0.2606837606837607,-0.7194029850746269,1.0,0.0,0.0,-0.8973981345115366,0.9230769230769231,-0.25028968713789107,0.0,0.0,1.0,0.0,0.0,0.0,0.0,0.0,-1.0,1.0,0.28205128205128205,0.5,-1.0,-0.8281573498964804,0.0,0.0,0.0,0.0,-0.36764705882352944,0.0,0.0,0.0,0.0,-4.0,-0.16635397123201992,0.0,-0.5500251382604324,0.8515066928044591
0.0,0.6,0.11647727272727272,-1.0,0.3,1.0,0.5,0.4782608695652174,0.02702702702702703,0.0,0.0,0.0,0.0,1.765601217656012,-1.0,0.0,1.0,0.0,0.0,0.2548262548262548,0.2743589743589744,0.4208955223880597,0.0,0.0,0.0,0.249386352479136,1.793956043956044,1.6315179606025492,0.0,0.0,1.0,1.0,0.0,-1.0,1.5,0.0,0.0,0.0,0.38461538461538464,0.0,1.0,0.9979296066252588,0.0,0.0,0.0,1.3333333333333333,1.3088235294117647,0.0,0.0,0.0,0.0,-4.0,0.9368355222013753,1.0,1.2508798391151332,2.4193154429899537
1.0,-2.45,-1.8798171936758894,0.0,-1.0,1.0,0.0,-0.06521739130434782,-0.6486486486486487,0.0,0.0,-1.5,-1.4,0.7732115677321156,0.0,0.0,0.0,1.0,0.0,-0.08775008775008775,-0.5393162393162393,-1.0119402985074626,1.0,0.0,0.0,-1.1860579283259696,0.6923076923076923,-0.7369640787949016,0.0,-1.0,1.0,-1.0,0.0,0.0,-0.5,0.0,-1.0,1.0,0.1794871794871795,0.5,-1.0,-0.8281573498964804,0.0,0.0,0.0,0.0,-0.36764705882352944,0.0,0.0,0.0,0.0,0.0,-0.5095684803001872,-0.6666666666666666,-1.0145801910507792,0.6630656449521211
0.0,0.0,-0.23653656126482214,0.0,0.7,0.0,-0.5,-0.13043478260869565,-0.7297297297297297,0.0,0.0,-1.5,-1.4,0.0,0.0,0.0,0.0,1.0,0.0,0.6437346437346437,-0.6965811965811965,-0.1582089552238806,1.0,0.0,0.0,-0.3436426116838488,0.0,-0.8528389339513326,0.0,-1.0,0.0,0.0,0.0,0.0,-0.5,0.0,0.0,1.0,-0.15384615384615385,0.5,-1.0,-0.5962732919254659,0.0,0.0,0.0,0.0,-0.36764705882352944,0.0,0.0,0.0,-2.0,0.0,-0.7722326454033765,-1.0,-0.6586224233283057,0.0
0.0,-1.35,-1.5554594861660078,0.0,-1.2,0.0,0.5,0.6956521739130435,0.32432432432432434,0.0,0.0,0.0,0.0,0.0974124809741248,-1.0,0.0,1.0,0.0,-3.0,-0.515970515970516,1.5034188034188034,0.7592039800995025,0.0,0.0,0.0,0.9189985272459499,0.0,0.14059482425646969,0.0,0.0,0.0,-1.0,0.0,-1.0,0.5,0.0,0.0,0.0,0.6410256410256411,-1.0,0.0,-0.2070393374741201,0.0,0.0,0.0,0.8511904761904762,-0.07352941176470588,0.0,0.0,0.0,0.0,0.0,-0.07629768605378365,0.0,0.4514831573655103,0.10485264941492041
0.0,0.15,-0.17749505928853754,0.0,0.0,0.0,0.0,-0.30434782608695654,-0.9459459459459459,2.0,0.0,-1.0,-1.0,1.339421613394216,0.0,0.0,0.0,1.0,0.0,-0.5384345384345385,1.2247863247863249,0.40298507462686567,1.0,0.0,0.0,0.21011291114383898,0.0,-0.4171494785631518,1.0,-1.0,0.0,0.0,0.0,0.0,0.0,0.0,-1.0,0.0,-0.5384615384615384,0.0,-1.0,-0.6956521739130435,0.0,0.0,0.0,0.0,-0.36764705882352944,120.0,0.0,0.0,0.0,0.0,-0.4815509693558471,-0.3333333333333333,-0.0915032679738562,1.2633365864506556
0.0,5.2,1.3980978260869565,-1.0,0.3,1.0,1.0,0.4782608695652174,0.05405405405405406,0.0,0.0,0.0,0.0,3.080669710806697,-1.0,0.0,1.0,0.0,0.0,0.42892242892242893,0.5051282051282051,0.936318407960199,0.0,0.0,0.0,0.7913598429062346,1.7912087912087913,2.054847431440711,1.0,0.0,1.0,1.0,0.0,-3.0,1.5,0.0,0.0,0.0,0.38461538461538464,-1.0,1.0,1.3664596273291925,0.0,0.0,0.0,0.0,1.7794117647058822,202.0,0.0,0.0,0.0,0.0,1.4699464943367375,1.3333333333333333,1.786827551533434,4.44485857280117
1.0,-2.45,-1.9265069169960474,0.0,-1.0,1.0,0.0,-0.021739130434782608,-0.5945945945945946,0.0,0.0,-1.5,-1.4,1.8082191780821917,0.0,0.0,0.0,1.0,0.0,-0.5384345384345385,0.009401709401709401,-1.0119402985074626,1.0,0.0,0.0,-1.1860579283259696,0.6923076923076923,-0.7369640787949016,0.0,-1.0,1.0,-1.0,0.0,0.0,-0.5,0.0,0.0,0.0,-0.20512820512820512,0.5,-1.0,-0.7950310559006211,0.0,0.0,0.0,0.0,-0.36764705882352944,0.0,0.0,0.0,0.0,0.0,-0.5095684803001872,-0.6666666666666666,-1.0145801910507792,1.5506338311085035
0.0,0.25,0.28940217391304346,0.0,-0.7,0.0,-0.5,0.06521739130434782,-0.4864864864864865,0.0,0.0,-1.5,-1.4,0.0,0.0,0.0,0.0,1.0,-3.0,-0.2829062829062829,-0.8162393162393162,-0.19402985074626866,1.0,0.0,0.0,-0.3789887088856161,0.0,-0.880648899188876,1.0,-1.0,0.0,0.0,0.0,0.0,-0.5,0.0,-1.0,0.0,-0.10256410256410256,0.5,-1.0,-0.7122153209109731,0.0,0.0,0.0,2.1726190476190474,-0.36764705882352944,0.0,0.0,0.0,-2.0,0.0,-0.8352720450281419,-0.6666666666666666,-0.6948215183509301,0.0
0.0,-0.25,-0.402050395256917,0.0,-0.4,1.0,0.0,0.6304347826086957,0.21621621621621623,0.0,0.0,0.0,0.0,0.0,-1.0,0.0,1.0,0.0,0.0,0.33906633906633904,-0.41452991452991456,-0.26169154228855723,0.0,0.0,0.0,-0.44575355915562104,1.510989010989011,0.7663190421011974,1.0,0.0,1.0,1.0,0.0,-1.0,1.0,0.0,1.0,0.5,0.5641025641025641,-1.0,0.0,-0.16563146997929606,0.0,0.0,0.0,1.7142857142857142,0.3382352941176471,0.0,0.0,0.0,0.0,0.0,0.32395247029393354,1.0,0.342885872297637,0.0
1.0,-2.45,-1.9265069169960474,0.0,-1.0,1.0,0.0,-0.043478260869565216,-0.6216216216216216,0.0,0.0,-1.5,-1.4,3.6773211567732114,0.0,0.0,0.0,1.0,0.0,-0.0358020358020358,-0.6025641025641025,-1.0119402985074626,1.0,0.0,0.0,-1.1860579283259696,0.6923076923076923,-0.7369640787949016,0.0,-1.0,1.0,-1.0,0.0,0.0,-0.5,0.0,-1.0,1.0,-0.23076923076923078,0.5,-1.0,-0.8944099378881988,0.0,0.0,0.0,0.0,-0.36764705882352944,0.0,0.0,0.0,0.0,0.0,-0.5095684803001872,-0.6666666666666666,-1.0145801910507792,3.153477555520324
0.0,-0.25,-0.17428359683794467,0.0,-0.7,0.0,0.5,0.6739130434782609,0.2702702702702703,0.0,0.0,0.0,0.0,0.5966514459665144,-1.0,0.0,1.0,0.0,-3.0,-0.5047385047385048,1.5598290598290598,0.8407960199004975,0.0,0.0,0.0,0.6421207658321061,0.0,-0.0772499034376207,0.0,0.0,0.0,0.0,0.0,-1.0,0.0,0.0,-1.0,0.0,0.6153846153846154,0.0,0.0,0.057971014492753624,0.0,0.0,0.0,0.7857142857142857,1.1764705882352942,0.0,0.0,0.0,0.0,0.0,0.1605169897852822,-0.3333333333333333,0.35093011563599796,0.6124138582902824
0.0,-0.175,-0.006299407114624506,-1.0,0.8,1.0,0.5,0.43478260869565216,0.24324324324324326,0.0,0.0,-1.5,-1.4,0.0,-1.0,0.0,1.0,0.0,0.0,0.025974025974025976,0.19914529914529913,0.008955223880597015,0.0,0.0,0.0,-0.14334806087383406,1.0027472527472527,0.43259945925067594,0.0,0.0,1.0,0.0,0.0,-1.0,0.5,0.0,-1.0,0.0,0.3333333333333333,0.0,0.0,-0.09523809523809523,0.0,0.0,0.0,2.2023809523809526,0.6617647058823529,0.0,0.0,0.0,0.0,0.0,0.3964978111319572,0.3333333333333333,0.26244343891402716,0.0
0.0,1.15,0.6303112648221344,0.0,0.4,0.0,1.0,0.7391304347826086,0.35135135135135137,2.0,0.0,0.0,0.0,1.5464231354642313,-3.0,0.0,1.0,-1.0,0.0,-0.5384345384345385,2.0794871794871796,1.3980099502487562,0.0,0.0,0.0,1.191948944526264,0.0,0.3553495558130552,0.0,0.0,0.0,0.0,0.0,-1.0,0.5,0.0,-1.0,0.0,0.6923076923076923,-1.0,1.0,1.3995859213250517,0.0,0.0,0.0,1.0,2.985294117647059,0.0,0.0,0.0,0.0,1.0,0.27141963727329566,0.0,0.9140271493212669,1.7373393204570466
0.0,-0.9,-0.1821887351778656,0.0,-0.5,-0.6666666666666666,0.0,-0.6086956521739131,-1.1891891891891893,0.0,0.0,0.0,0.0,0.0,0.0,0.0,0.0,1.0,0.0,-0.4064584064584065,0.2794871794871795,-0.5104477611940299,1.0,0.0,-4.0,-0.5675012272950417,0.9464285714285714,0.035534955581305525,0.0,-1.0,1.0,0.0,0.0,0.0,0.5,0.0,0.0,1.0,-0.7948717948717948,0.5,-1.0,-1.0766045548654244,0.0,0.0,0.0,0.0,1.6911764705882353,0.0,0.0,0.0,-2.0,0.0,-0.24640400250156355,0.0,-0.2584213172448467,0.0
-2.0,0.25,-0.11820652173913043,0.0,0.9,0.0,1.0,0.7608695652173914,0.3783783783783784,0.0,0.0,0.0,0.0,0.2191780821917808,-1.0,0.0,1.0,0.0,-3.0,0.9750789750789751,0.017948717948717947,1.1432835820895522,0.0,0.0,0.0,0.9405989199803633,0.0,0.15758980301274622,1.0,0.0,0.0,0.0,0.0,-1.0,0.5,0.0,-1.0,0.0,0.717948717948718,0.0,0.0,1.1180124223602483,0.0,0.0,0.0,0.8571428571428571,2.1029411764705883,0.0,0.0,0.0,0.0,0.0,-0.04878048780487788,0.3333333333333333,0.6566113624937154,0.23675142897253146
1.0,-1.5,-1.3830286561264822,0.0,0.5,0.0,-0.5,-0.6086956521739131,0.08108108108108109,0.0,0.0,0.0,0.0,0.0,0.0,-2.0,0.0,1.0,0.0,-0.07651807651807652,-0.20598290598290597,-0.6079601990049751,0.5,0.0,0.0,-0.4339715267550319,0.0,-0.9239088451139436,0.0,-1.0,0.0,-1.0,0.0,-1.0,-1.0,0.0,-1.0,1.25,0.0,-0.5,-2.0,-1.9875776397515528,-2.0,-2.0,0.0,0.34523809523809523,0.25,0.0,0.0,0.0,0.0,0.0,-0.17510944340212622,-1.3333333333333333,-0.9321266968325792,0.0
1.0,-0.35,-1.106348814229249,0.0,0.5,-0.6666666666666666,-0.5,-1.5869565217391304,-1.1891891891891893,0.0,0.0,0.25,0.2,0.0,0.0,0.0,-1.0,1.0,0.0,-0.5384345384345385,0.10683760683760683,-0.8985074626865671,0.5,-1.0,-4.0,-0.38880706921944036,0.7568681318681318,-0.03707995365005794,0.0,-1.0,0.0,0.0,0.0,0.0,0.0,0.0,-1.0,0.0,-1.0256410256410255,0.5,-1.0,-0.5300207039337475,-4.0,0.0,0.0,0.0,-0.36764705882352944,77.0,0.0,0.0,0.0,0.0,0.2363977485928704,-0.6666666666666666,-0.5017596782302665,0.0
0.0,0.25,0.3170701581027668,0.0,0.8,1.0,0.0,0.15217391304347827,-0.3783783783783784,0.0,0.0,-0.75,-0.6,0.0,0.0,0.0,0.0,0.0,0.0,-0.5384345384345385,0.25384615384615383,-0.727363184079602,1.0,0.0,0.0,-0.905252822778596,0.8118131868131868,-0.3816145229818463,0.0,-1.0,1.0,0.0,0.0,0.0,0.0,0.0,0.0,0.0,0.0,0.0,-1.0,-0.7950310559006211,0.0,0.0,0.0,0.0,0.04411764705882353,0.0,0.0,0.0,0.0,0.0,-0.4144256827183652,-0.3333333333333333,-0.6395173453996983,0.0
0.0,-0.175,-0.14785079051383399,-1.0,0.8,1.0,0.5,0.45652173913043476,0.21621621621621623,0.0,0.0,0.0,0.0,0.0,-1.0,0.0,1.0,0.0,0.0,0.43734643734643736,-0.3837606837606838,-0.08656716417910448,0.0,0.0,0.0,0.2650957290132548,1.2197802197802199,0.9980687524140595,1.0,0.0,1.0,0.0,0.0,-1.0,1.0,0.0,1.0,0.0,0.358974358974359,0.0,0.0,-0.07039337474120083,0.0,0.0,0.0,0.0,1.5441176470588236,0.0,0.0,0.0,0.0,0.0,0.6522826766729202,1.0,0.5822021116138764,0.0
0.0,0.5,0.22764328063241107,0.0,0.2,0.0,0.5,0.32608695652173914,-0.16216216216216217,0.0,0.0,0.25,0.2,0.6210045662100456,0.0,0.0,0.0,0.0,-3.0,0.7658827658827659,0.7495726495726496,1.6985074626865673,0.5,0.0,0.0,1.5414825724104075,0.0,0.6303592120509849,0.0,0.0,0.0,0.0,0.0,0.0,0.0,0.0,0.0,0.0,0.20512820512820512,-1.0,0.0,0.5134575569358178,0.0,0.0,0.0,1.1726190476190477,0.20588235294117646,0.0,0.0,0.0,0.0,0.0,1.4971857410881793,0.0,1.2448466566113625,0.7334108377292559
1.0,-0.05,-0.08312747035573123,0.0,0.5,1.0,0.0,-1.3695652173913044,-1.1891891891891893,0.0,0.0,-3.0,-2.6,0.0,0.0,-3.0,3.0,-0.5,0.0,-0.5384345384345385,0.9273504273504274,0.056716417910447764,0.5,-1.0,-2.0,-0.35149729995090817,1.401098901098901,0.7168791039011201,0.0,0.0,0.0,1.0,1.0,-2.0,1.5,0.0,-1.0,1.0,-1.794871794871795,0.5,-1.0,-0.16563146997929606,-1.0,-1.0,0.0,0.0,0.5147058823529411,112.0,0.0,0.0,0.0,0.0,-0.21499548328816598,0.6666666666666666,0.47159376571141276,0.0
0.0,0.25,0.452445652173913,0.0,0.0,0.0,0.0,-0.41304347826086957,-1.0810810810810811,2.0,0.0,0.25,-2.0,0.0,0.0,0.0,0.0,1.0,0.0,-0.5384345384345385,1.5205128205128204,0.7472636815920398,0.0,0.0,0.0,0.5655375552282769,0.0,-0.13750482811896486,0.0,-1.0,0.0,-1.0,0.0,0.0,-0.5,0.0,0.0,0.0,-0.6666666666666666,0.5,0.0,-0.12008281573498965,0.0,0.0,0.0,0.0,0.07352941176470588,0.0,0.0,0.0,0.0,0.0,0.8492808005003122,-1.0,0.2644544997486174,0.0
0.0,0.1,0.45417490118577075,0.0,-0.7,1.0,0.5,0.6521739130434783,0.24324324324324326,0.0,0.0,0.0,0.0,0.6149162861491628,-1.0,0.0,1.0,0.0,0.0,-0.5384345384345385,0.6196581196581197,-0.30149253731343284,0.0,0.0,0.0,-0.485027000490918,1.1373626373626373,0.31517960602549244,0.0,0.0,1.0,0.0,0.0,-1.0,1.0,0.0,-1.0,0.0,0.5897435897435898,0.0,0.0,0.08281573498964803,0.0,0.0,0.0,0.8571428571428571,0.6323529411764706,0.0,0.0,0.0,0.0,0.0,-0.31519699812382723,0.6666666666666666,0.029160382101558573,0.6855097344443805
0.0,0.5,36.93712944664031,-0.6666666666666666,-0.8,-0.6666666666666666,0.0,-0.32608695652173914,0.32432432432432434,0.0,0.0,0.25,-1.4,2.8736681887366817,-1.0,0.0,0.0,0.0,-2.0,0.44015444015444016,0.46068376068376066,0.900497512437811,0.5,0.0,0.0,0.7010309278350515,0.9615384615384616,1.0505986867516415,0.0,0.0,0.0,1.0,0.0,-1.0,0.5,0.0,1.0,0.0,-0.5641025641025641,-1.0,0.0,-0.37681159420289856,0.0,0.0,0.0,0.0,1.0735294117647058,0.0,0.0,0.0,0.0,0.0,1.3971232020012498,0.3333333333333333,1.1151332327802916,3.6320232378392765
0.0,-0.75,-1.0198863636363635,-1.0,-0.9,0.0,-1.5,-0.717391304347826,-0.7567567567567568,0.0,0.0,0.25,-0.6,0.0,0.0,-1.0,0.0,1.0,0.0,-0.5384345384345385,0.4282051282051282,-0.5243781094527363,0.0,0.0,0.0,0.43004418262150224,0.0,-0.24410969486288142,0.0,-1.0,0.0,0.0,0.0,-2.0,0.0,-2.0,-1.0,1.25,0.0,-0.5,-2.0,-1.9875776397515528,-2.0,-2.0,0.0,1.5654761904761905,-0.36764705882352944,0.0,0.0,0.0,-3.0,0.0,-0.154680008338545,-0.6666666666666666,-0.44746103569632983,0.0
1.0,-1.3,-1.1681077075098814,-1.0,-0.6,0.0,1.0,0.717391304347826,0.35135135135135137,2.0,0.0,0.0,0.0,2.928462709284627,-1.0,0.0,1.0,0.0,-2.0,1.6700596700596702,-0.8162393162393162,1.1572139303482587,0.0,0.0,0.0,1.0564555719194895,0.0,0.24874468906913866,1.0,0.0,0.0,-1.0,0.0,-1.0,-0.5,0.0,0.0,0.0,0.6666666666666666,-1.0,0.0,0.2401656314699793,0.0,0.0,0.0,0.7321428571428571,-0.36764705882352944,0.0,153.0,0.0,0.0,-1.0,1.7248280175109434,0.0,0.7229763700351935,3.2223001266972457
0.0,-0.25,-0.2748270750988142,-1.0,0.8,1.0,0.0,0.6739130434782609,0.2702702702702703,0.0,0.0,0.0,0.0,0.0,-1.0,0.0,1.0,0.0,0.0,-0.5384345384345385,0.5478632478632479,-0.3850746268656716,0.0,0.0,0.0,-0.5675012272950417,1.1565934065934067,0.2719196601004249,0.0,0.0,1.0,0.0,0.0,-1.0,0.0,0.0,-1.0,0.0,0.6153846153846154,0.0,0.0,0.16563146997929606,0.0,0.0,0.0,0.8214285714285714,0.29411764705882354,0.0,0.0,0.0,0.0,0.0,0.8200958932666241,0.0,-0.04122674710910005,0.0
0.0,0.75,-0.031744071146245056,0.0,0.0,1.6666666666666667,0.0,-0.1956521739130435,-0.08108108108108109,2.0,0.0,-1.5,-1.4,0.6575342465753424,0.0,0.0,0.0,0.0,-2.0,-0.15935415935415936,-0.04358974358974359,0.6179104477611941,0.0,0.0,0.0,0.4221894943544428,0.0,-0.25028968713789107,0.0,0.0,0.0,0.0,0.0,-1.0,0.5,-4.0,-1.0,0.0,-0.41025641025641024,0.0,-1.0,-0.7080745341614907,0.0,0.0,0.0,1.9821428571428572,-0.36764705882352944,0.0,0.0,0.0,-2.0,0.0,-0.7091932457786112,0.3333333333333333,0.1256913021618904,0.6476248086118421
0.0,0.0,-0.2664278656126482,0.0,0.0,0.0,-0.5,-0.34782608695652173,-1.0,0.0,0.0,-1.0,-1.0,0.0,0.0,-2.0,0.0,1.0,0.0,0.756054756054756,-0.14615384615384616,0.6417910447761194,1.0,0.0,0.0,0.44575355915562104,0.0,-0.23174971031286212,1.0,-1.0,0.0,0.0,0.0,0.0,-0.5,0.0,-1.0,0.0,-0.5897435897435898,0.0,-1.0,-0.7701863354037267,0.0,0.0,0.0,1.4880952380952381,-0.36764705882352944,0.0,0.0,0.0,0.0,0.0,0.6356472795497184,-0.6666666666666666,0.14982403217697335,0.0
0.0,-0.2,-0.18292984189723321,-1.0,-0.4,1.0,0.5,0.5652173913043478,0.13513513513513514,0.0,0.0,0.0,0.0,1.8386605783866057,-1.0,0.0,1.0,0.0,0.0,-0.5384345384345385,0.8504273504273504,-0.03283582089552239,0.0,0.0,0.0,-0.16102110947471773,1.7664835164835164,1.2777134028582464,0.0,0.0,1.0,1.0,0.0,-1.0,1.0,0.0,0.0,0.5,0.48717948717948717,-1.0,0.0,-0.2111801242236025,0.0,0.0,0.0,1.1428571428571428,-0.36764705882352944,0.0,0.0,0.0,0.0,0.0,1.0484677923702308,0.6666666666666666,0.7913524384112619,2.4022251910054737
-2.0,-0.3,-0.16983695652173914,-1.0,0.9,1.0,0.0,0.6521739130434783,0.24324324324324326,0.0,0.0,0.0,0.0,0.0,-1.0,0.0,1.0,0.0,0.0,0.16777816777816779,-0.19914529914529913,-0.2537313432835821,0.0,0.0,0.0,-0.4378988708885616,1.1868131868131868,0.4078794901506373,0.0,0.0,1.0,0.0,0.0,-1.0,0.5,0.0,-1.0,0.0,0.5897435897435898,0.0,0.0,0.7991718426501035,0.0,0.0,0.0,1.2857142857142858,0.45588235294117646,0.0,0.0,0.0,0.0,0.0,0.35647279549718563,0.3333333333333333,0.11362493715434892,0.0
0.0,-0.1,-0.16415513833992096,0.0,-0.7,0.0,0.5,0.717391304347826,0.32432432432432434,0.0,0.0,0.0,0.0,1.095890410958904,-1.0,0.0,1.0,0.0,0.0,1.3345033345033346,-0.3547008547008547,1.2189054726368158,0.0,0.0,0.0,1.0152184585174275,0.0,0.21629972962533797,1.0,0.0,1.0,0.0,0.0,-1.0,1.0,0.0,0.0,0.0,0.6666666666666666,0.0,0.0,0.7453416149068323,0.0,0.0,0.0,0.7321428571428571,1.25,0.0,0.0,0.0,0.0,-4.0,-0.4552845528455282,1.0,0.7330316742081447,1.1980333737874247
0.0,0.5,0.7303606719367589,0.0,-0.7,1.0,0.5,0.6086956521739131,0.1891891891891892,0.0,0.0,0.0,0.0,1.0471841704718416,-1.0,0.0,1.0,0.0,0.0,-0.03159003159003159,0.2128205128205128,-0.056716417910447764,0.0,0.0,0.0,-0.24349533627884143,1.1387362637362637,0.5067593665507918,0.0,0.0,1.0,0.0,0.0,-1.0,0.5,0.0,0.0,0.0,0.5384615384615384,0.0,0.0,0.34782608695652173,0.0,0.0,0.0,0.0,1.0441176470588236,0.0,0.0,0.0,0.0,0.0,0.5165728580362724,0.3333333333333333,0.277526395173454,1.2100175767006984
1.0,0.0,0.7963191699604744,0.0,0.5,0.0,-0.5,-0.3695652173913043,-1.027027027027027,0.0,0.0,-2.25,-2.0,0.0,0.0,0.0,1.0,0.5,1.0,-0.5384345384345385,-0.8162393162393162,-1.973134328358209,0.5,0.0,-4.0,-0.4025527736867943,0.0,-0.899188876013905,0.0,-1.0,0.0,-1.0,0.0,0.0,-1.0,0.0,-1.0,1.0,-0.6153846153846154,0.5,-1.0,-0.7122153209109731,0.0,0.0,0.0,0.0,0.29411764705882354,0.0,0.0,0.0,0.0,0.0,-0.10506566604127573,-1.3333333333333333,-1.6058320764203118,0.0
0.0,2.5,2.4252717391304346,0.0,0.0,1.6666666666666667,0.0,-0.2391304347826087,-0.8648648648648649,0.0,0.0,0.25,0.2,2.4292237442922375,0.0,0.0,0.0,1.0,-2.0,0.40505440505440504,-0.8162393162393162,0.7373134328358208,1.0,0.0,0.0,0.5792832596956309,0.0,-0.12668984163769795,1.0,-1.0,0.0,0.0,0.0,0.0,0.0,0.0,0.0,0.0,0.28205128205128205,0.5,0.0,1.6728778467908902,0.0,0.0,0.0,0.0,-0.36764705882352944,252.0,0.0,0.0,-3.0,0.0,0.06712528663748189,-0.3333333333333333,0.26646556058320764,2.4650239689882176
0.0,-0.05,0.027050395256916996,-1.0,-0.7,1.0,1.0,0.7391304347826086,0.35135135135135137,0.0,0.0,-1.75,-1.6,1.643835616438356,-1.0,0.0,1.0,-1.0,0.0,-0.5384345384345385,1.717094017094017,0.9761194029850746,0.0,0.0,0.0,0.7756504663721159,1.5,1.7149478563151797,0.0,0.0,1.0,0.0,0.0,-3.0,2.0,0.0,0.0,0.5,0.6923076923076923,-1.0,1.0,1.6066252587991718,0.0,0.0,0.0,0.0,1.8088235294117647,0.0,0.0,0.0,0.0,1.0,0.5410881801125696,1.3333333333333333,1.5857214680744092,2.2764717474555476
0.0,0.9,-0.2488883399209486,-1.0,0.7,1.6666666666666667,0.0,0.08695652173913043,0.02702702702702703,0.0,0.0,-1.5,-0.6,0.2800608828006088,0.0,0.0,0.0,0.0,-3.0,0.171990171990172,-0.8162393162393162,-0.9661691542288557,1.0,0.0,0.0,0.24545900834560627,0.0,-0.38933951332560834,1.0,-1.0,0.0,0.0,0.0,0.0,0.0,0.0,0.0,0.0,-0.05128205128205128,0.5,0.0,0.049689440993788817,0.0,0.0,0.0,1.7380952380952381,-0.19117647058823528,0.0,0.0,0.0,-3.0,0.0,-0.42901813633520924,-0.3333333333333333,-0.7652086475615887,0.2661358442008419
1.0,-1.0,-0.9828310276679841,0.0,0.5,-0.6666666666666666,-0.5,-0.9565217391304348,0.1891891891891892,0.0,0.0,0.25,0.2,0.0,0.0,0.0,-1.0,1.0,0.0,-0.2098982098982099,-0.8162393162393162,-0.13034825870646766,1.0,0.0,0.0,-0.3161512027491409,0.0,-0.22865971417535727,1.0,-1.0,0.0,0.0,0.0,0.0,0.0,0.0,-1.0,1.0,-0.15384615384615385,0.5,0.0,0.016563146997929608,0.0,0.0,0.0,0.0,-0.36764705882352944,0.0,0.0,0.0,0.0,0.0,-0.12549510110485695,-0.3333333333333333,-0.2383107088989442,0.0
1.0,-2.0,-1.049036561264822,-0.3333333333333333,0.5,0.0,-0.5,-1.0434782608695652,0.2702702702702703,0.0,0.0,0.25,0.2,0.0,0.0,0.0,-1.0,-0.5,0.0,-0.5384345384345385,0.34615384615384615,-0.6199004975124378,0.5,-1.0,-2.0,-0.6342660775650466,0.0,-1.08149864812669,0.0,-1.0,0.0,-1.0,0.0,0.0,-1.0,0.0,-1.0,1.0,-0.38461538461538464,0.5,0.0,0.09937888198757763,0.0,0.0,-2.0,0.0,-0.36764705882352944,0.0,0.0,0.0,0.0,0.0,-0.6216385240775482,-1.3333333333333333,-1.0407239819004526,0.0
0.0,0.4,0.6451333992094862,-1.0,0.2,0.0,0.0,0.17391304347826086,-0.35135135135135137,0.0,0.0,-1.0,-1.0,1.278538812785388,0.0,-2.0,0.0,0.0,0.0,0.28711828711828713,0.21965811965811965,0.8567164179104477,1.0,0.0,0.0,0.6578301423662248,0.0,-0.06488991888760139,0.0,0.0,0.0,0.0,0.0,-1.0,0.5,0.0,0.0,0.0,0.02564102564102564,-1.0,0.0,0.39751552795031053,0.0,0.0,0.0,1.6428571428571428,-0.36764705882352944,0.0,0.0,0.0,-4.0,0.0,-0.40900562851782346,0.0,0.36701860231271993,1.3160225236868708
0.0,0.0,0.4270009881422925,-1.0,-0.4,1.0,0.0,0.5217391304347826,0.08108108108108109,0.0,0.0,0.0,0.0,0.0,0.0,0.0,1.0,0.0,-3.0,0.464022464022464,-0.6658119658119658,-0.37711442786069654,0.5,0.0,0.0,-0.5596465390279823,0.9739010989010989,0.07261490923136346,1.0,0.0,1.0,0.0,0.0,0.0,1.0,0.0,0.0,0.0,0.4358974358974359,-1.0,0.0,-0.2774327122153209,0.0,0.0,0.0,0.5654761904761905,0.7352941176470589,0.0,0.0,0.0,0.0,0.0,-0.6588492808005,1.0,-0.16691804927099044,0.0
0.0,-0.5,-0.2664278656126482,0.0,0.6,0.3333333333333333,-0.5,-0.7391304347826086,0.08108108108108109,0.0,0.0,0.25,0.2,0.0,0.0,0.0,1.0,1.0,0.0,-0.007722007722007722,-0.23162393162393163,-0.5402985074626866,0.0,0.0,0.0,-0.06872852233676977,0.989010989010989,1.1247585940517575,0.0,0.0,1.0,1.0,0.0,-1.0,1.0,0.0,0.0,1.0,-1.0512820512820513,0.5,-1.0,-0.9937888198757764,0.0,0.0,0.0,1.5595238095238095,-0.014705882352941176,0.0,0.0,0.0,0.0,0.0,0.8317698561600996,0.6666666666666666,0.43539467068878834,0.0
1.0,0.05,-0.6369812252964426,0.0,-0.3,0.0,-0.5,-0.717391304347826,-1.054054054054054,0.0,0.0,0.0,0.0,0.0,0.0,0.0,0.0,1.0,0.0,0.02737802737802738,-0.45384615384615384,-0.5004975124378109,0.0,0.0,0.0,-0.6067746686303387,0.0,-1.059868675164156,0.0,-1.0,0.0,-1.0,0.0,0.0,-1.0,0.0,0.0,1.0,-0.358974358974359,-1.0,-1.0,1.8385093167701863,-5.0,-5.0,0.0,0.0,0.0,0.0,0.0,0.0,0.0,0.0,-0.5603502188868039,-1.3333333333333333,-0.9663147310206134,0.0
0.0,-0.225,-0.38574604743083,-1.0,-0.5,0.0,0.0,0.06521739130434782,-0.4864864864864865,2.0,0.0,-1.5,-1.4,1.0593607305936072,0.0,-2.0,0.0,1.0,0.0,0.515970515970516,-0.14615384615384616,0.30149253731343284,1.0,0.0,0.0,0.051055473735886106,0.0,-0.5422943221320974,1.0,-1.0,1.0,0.0,0.0,0.0,0.0,0.0,0.0,0.0,0.1794871794871795,0.0,-1.0,0.09937888198757763,0.0,-3.0,0.0,2.2023809523809526,0.07352941176470588,0.0,0.0,0.0,-4.0,0.0,-0.7179487179487175,0.0,-0.22423328305681248,0.9646972928425053
-2.0,0.7,0.30867094861660077,0.0,0.9,1.0,1.0,0.717391304347826,0.32432432432432434,0.0,0.0,0.0,0.0,0.0,-1.0,0.0,1.0,0.0,-1.0,-0.5384345384345385,1.0555555555555556,0.20597014925373133,0.5,0.0,0.0,0.015709376534118802,1.1593406593406594,0.7338740826573967,0.0,0.0,1.0,0.0,0.0,-1.0,1.0,0.0,0.0,0.0,0.6666666666666666,0.0,1.0,2.372670807453416,0.0,0.0,0.0,1.1428571428571428,0.38235294117647056,0.0,0.0,0.0,0.0,1.0,0.2779862414008754,0.6666666666666666,0.5580693815987934,0.0
0.0,0.15,7.318552371541502,-1.0,-0.8,0.0,0.5,-0.41304347826086957,0.2972972972972973,-1.0,1.0,-0.75,-0.6,0.0,0.0,0.0,0.0,0.0,-2.0,-0.22113022113022113,-0.6521367521367522,0.7830845771144279,0.0,0.0,0.0,0.5419734904270986,0.0,-0.1560448049439938,1.0,-1.0,0.0,-1.0,0.0,0.0,-0.5,-2.0,1.0,0.0,-0.6666666666666666,0.5,0.0,-0.16977225672877846,0.0,0.0,0.0,0.48214285714285715,-0.36764705882352944,0.0,0.0,0.0,0.0,0.0,0.8072545340838023,-0.6666666666666666,0.2704876822523881,0.0
0.0,1.1,0.5645998023715415,-1.0,0.3,1.0,1.0,0.5652173913043478,0.35135135135135137,0.0,0.0,0.0,0.0,2.1187214611872145,-1.0,0.0,1.0,0.0,0.0,0.19726219726219726,0.25726495726495724,0.3194029850746269,0.0,0.0,0.0,0.15120274914089346,1.5192307692307692,1.2452684434144456,0.0,0.0,1.0,1.0,0.0,-1.0,1.5,0.0,0.0,0.0,0.48717948717948717,-1.0,1.0,0.7908902691511387,0.0,0.0,0.0,0.7857142857142857,0.47058823529411764,0.0,0.0,0.0,0.0,0.0,0.4504204016399137,1.0,0.9482151835093011,2.7554110891434345
0.0,0.5,0.030014822134387352,0.0,0.0,0.0,0.0,-0.32608695652173914,-0.16216216216216217,2.0,0.0,0.25,0.2,1.1141552511415524,0.0,0.0,0.0,1.0,0.0,0.33204633204633205,-0.8162393162393162,0.4945273631840796,0.5,0.0,0.0,1.0702012763868434,0.0,0.25955967555040554,1.0,0.0,0.0,0.0,0.0,0.0,0.0,-4.0,0.0,0.0,-0.5641025641025641,0.0,-1.0,-0.587991718426501,0.0,0.0,0.0,1.7202380952380953,-0.36764705882352944,0.0,0.0,0.0,-2.0,0.0,0.7967479674796744,0.0,0.3951734539969834,1.2285855308346654
0.0,0.3,-0.2876729249011858,0.0,-0.1,0.0,-0.5,0.1956521739130435,-0.32432432432432434,0.0,0.0,-1.5,-1.2,0.0,0.0,0.0,0.0,1.0,-2.0,0.22815022815022815,-0.3547008547008547,-0.3492537313432836,1.0,0.0,0.0,-0.5321551300932744,0.0,-1.0011587485515643,0.0,-1.0,0.0,-1.0,0.0,0.0,-0.5,0.0,-1.0,0.0,0.05128205128205128,0.5,-1.0,-0.8944099378881988,0.0,0.0,0.0,1.0,-0.36764705882352944,0.0,0.0,0.0,0.0,0.0,-1.1084427767354592,-1.0,-0.8516842634489693,0.0
0.0,-0.75,-0.5470602766798419,0.0,-0.9,-0.6666666666666666,0.5,-1.0434782608695652,0.35135135135135137,0.0,0.0,0.25,0.2,0.0,-1.0,-2.0,-1.0,1.0,0.0,-0.5384345384345385,0.8111111111111111,-0.07860696517412935,0.5,-1.0,0.0,-0.2650957290132548,0.8186813186813187,0.12977983777520277,0.0,0.0,1.0,0.0,0.0,-3.0,-0.5,0.0,-1.0,1.0,-0.05128205128205128,0.5,0.0,0.7950310559006211,0.0,0.0,0.0,0.44047619047619047,-0.36764705882352944,0.0,144.0,0.0,0.0,0.0,1.4551594746716694,-0.3333333333333333,0.021116138763197588,0.0
0.0,2.95,-0.06978754940711462,-1.0,-0.1,0.0,0.5,0.6521739130434783,0.24324324324324326,0.0,0.0,0.0,0.0,0.0,-1.0,0.0,1.0,-1.0,0.0,-0.5384345384345385,1.8504273504273505,1.1313432835820896,0.0,0.0,0.0,0.9288168875797742,0.0,0.14831981460023175,0.0,0.0,0.0,0.0,0.0,-1.0,0.5,0.0,-1.0,0.0,0.5897435897435898,-1.0,0.0,0.38509316770186336,0.0,0.0,0.0,0.5952380952380952,1.838235294117647,0.0,0.0,0.0,0.0,0.0,-0.06378986866791735,0.0,0.644544997486174,0.0
0.0,3.5,2.386240118577075,0.0,-0.4,0.0,-1.0,-0.4782608695652174,-1.162162162162162,0.0,0.0,0.0,0.0,0.0,0.0,0.0,0.0,1.0,0.0,-0.36995436995437,0.45555555555555555,-0.2537313432835821,0.0,0.0,0.0,-0.4378988708885616,0.0,-0.9269988412514485,0.0,-1.0,0.0,-1.0,0.0,0.0,-1.0,0.0,-1.0,1.0,-0.7435897435897436,0.5,0.0,-0.33126293995859213,0.0,0.0,0.0,0.0,-0.36764705882352944,0.0,0.0,0.0,0.0,0.0,-0.18386491557223253,-1.3333333333333333,-0.7551533433886375,0.0
0.0,1.85,1.228137351778656,0.0,0.4,0.0,1.5,0.717391304347826,0.35135135135135137,0.0,0.0,-1.75,-1.6,1.917808219178082,-3.0,0.0,1.0,-1.0,-2.0,-0.5384345384345385,2.809401709401709,2.2477611940298505,0.0,0.0,0.0,2.030436917034855,0.0,1.015063731170336,0.0,0.0,1.0,0.0,0.0,-3.0,1.0,0.0,0.0,0.0,0.6923076923076923,-1.0,1.0,1.0434782608695652,0.0,0.0,0.0,0.7380952380952381,1.0735294117647058,0.0,142.0,0.0,0.0,1.0,0.6763602251407126,0.6666666666666666,1.772750125691302,2.410877353211224
0.0,0.65,0.13006422924901187,0.0,-0.8,1.0,0.5,0.08695652173913043,-0.4594594594594595,2.0,0.0,-0.75,-0.6,1.8203957382039573,0.0,0.0,0.0,0.0,0.0,0.011934011934011933,0.4965811965811966,0.3353233830845771,0.0,0.0,0.0,0.13549337260677466,1.1895604395604396,0.8621089223638471,0.0,0.0,1.0,1.0,0.0,0.0,1.0,0.0,0.0,0.0,-0.07692307692307693,-1.0,0.0,0.10351966873706005,0.0,0.0,0.0,1.7142857142857142,1.3529411764705883,0.0,0.0,0.0,0.0,0.0,0.45966228893058136,0.6666666666666666,0.7068878833584716,2.2343746389291366
0.0,0.6,0.44676383399209485,0.0,0.8,1.0,0.5,0.34782608695652173,-0.13513513513513514,0.0,0.0,-0.75,-0.6,2.070015220700152,-1.0,0.0,0.0,0.0,-3.0,0.05265005265005265,-0.1564102564102564,-0.36716417910447763,0.5,0.0,0.0,0.17280314187530682,1.1085164835164836,0.8003089996137505,0.0,0.0,1.0,0.0,0.0,-1.0,0.5,0.0,0.0,0.0,0.23076923076923078,-1.0,0.0,0.39337474120082816,0.0,0.0,0.0,0.0,0.8676470588235294,0.0,0.0,0.0,0.0,0.0,0.9918699186991868,0.3333333333333333,0.3117144293614882,2.515503763762127
-2.0,-0.5,-0.5628705533596838,0.0,0.9,0.0,0.0,0.717391304347826,0.32432432432432434,0.0,0.0,0.0,0.0,0.4140030441400304,-1.0,0.0,1.0,0.0,0.0,0.7321867321867321,-0.20598290598290597,0.5383084577114428,0.5,0.0,0.0,0.3436426116838488,0.0,-0.3120896098879876,0.0,0.0,0.0,-1.0,0.0,-1.0,-0.5,0.0,-1.0,0.0,0.6666666666666666,-1.0,0.0,0.38095238095238093,0.0,0.0,0.0,0.0,1.3970588235294117,0.0,0.0,0.0,0.0,1.0,0.45353345841150705,-0.6666666666666666,0.04524886877828054,0.40145125461322295
0.0,-1.8,-1.0907855731225296,0.0,0.4,0.0,0.5,0.7391304347826086,0.3783783783783784,0.0,0.0,0.0,0.0,1.0106544901065448,-1.0,0.0,1.0,0.0,0.0,0.7307827307827308,-0.11538461538461539,0.6417910447761194,0.0,0.0,0.0,0.44575355915562104,0.0,-0.23174971031286212,1.0,0.0,0.0,-1.0,0.0,-1.0,0.0,0.0,0.0,0.0,0.717948717948718,0.0,0.0,0.6045548654244306,0.0,0.0,0.0,1.0238095238095237,0.5441176470588235,0.0,0.0,0.0,0.0,0.0,-0.13133208255159468,0.0,0.14982403217697335,1.0
0.0,0.2,0.032979249011857704,0.0,0.9,0.0,1.0,0.7608695652173914,0.40540540540540543,0.0,0.0,0.0,0.0,0.4383561643835616,-1.0,0.0,1.0,0.0,0.0,-0.5384345384345385,1.6931623931623931,0.9482587064676616,0.0,0.0,0.0,0.748159057437408,0.0,0.006179992275009656,0.0,0.0,0.0,0.0,0.0,-1.0,0.0,0.0,0.0,0.0,0.717948717948718,-1.0,1.0,1.730848861283644,0.0,0.0,0.0,1.25,1.838235294117647,0.0,0.0,0.0,0.0,1.0,0.3181154888471958,-0.3333333333333333,0.45952740070387127,0.4584476528386002
0.0,-1.0,-0.3622776679841897,0.0,0.8,0.0,0.0,0.41304347826086957,-0.05405405405405406,0.0,0.0,-0.75,-1.2,0.0,-1.0,0.0,1.0,0.0,0.0,0.06528606528606529,1.141025641025641,1.1611940298507464,0.5,0.0,0.0,0.958271968581247,0.0,0.17149478563151796,1.0,0.0,0.0,-1.0,0.0,-1.0,-0.5,0.0,-1.0,0.0,0.3076923076923077,0.0,0.0,0.2028985507246377,0.0,0.0,0.0,0.0,-0.36764705882352944,52.0,0.0,0.0,0.0,0.0,1.549718574108817,-0.3333333333333333,0.6747109100050277,0.0
-2.0,-1.75,-1.2913784584980237,-1.0,0.9,1.0,0.5,0.717391304347826,0.35135135135135137,0.0,0.0,-1.0,-1.0,0.0,-1.0,0.0,1.0,0.0,0.0,-0.5384345384345385,0.25213675213675213,-0.7293532338308458,0.0,0.0,0.0,-0.9072164948453608,0.8585164835164835,-0.3306295867130166,0.0,0.0,1.0,-1.0,0.0,-1.0,-0.5,0.0,-1.0,1.0,0.6666666666666666,0.0,0.0,0.19875776397515527,0.0,0.0,0.0,0.0,0.4264705882352941,0.0,0.0,0.0,0.0,1.0,0.41150719199499664,-0.3333333333333333,-0.6073403720462544,0.0
0.0,0.35,0.07596343873517787,-1.0,0.0,-0.6666666666666666,0.0,-0.2391304347826087,-0.35135135135135137,0.0,0.0,0.25,0.2,0.0,0.0,0.0,0.0,1.0,0.0,0.303966303966304,-0.2829059829059829,-0.1582089552238806,1.0,0.0,0.0,-0.0039273441335297005,0.8914835164835165,0.4171494785631518,0.0,-1.0,1.0,0.0,0.0,-1.0,0.5,0.0,0.0,0.0,-0.46153846153846156,0.0,0.0,-0.16563146997929606,0.0,0.0,0.0,0.0,-0.36764705882352944,0.0,128.0,0.0,-4.0,0.0,0.37148217636022507,0.0,0.16792357968828556,0.0
0.0,0.15,-0.33436264822134387,-1.0,0.0,0.0,-1.0,-0.043478260869565216,-0.6216216216216216,0.0,0.0,-1.5,-1.4,0.0,0.0,0.0,0.0,1.0,0.0,0.3236223236223236,-0.39914529914529917,-0.2656716417910448,1.0,0.0,0.0,-0.4496809032891507,0.0,-0.936268829663963,0.0,-1.0,0.0,0.0,0.0,0.0,-0.5,0.0,-1.0,1.25,0.0,-0.5,-2.0,-1.9875776397515528,-2.0,-2.0,0.0,0.0,-0.36764705882352944,0.0,0.0,0.0,0.0,0.0,-0.9613508442776731,-1.0,-0.767219708396179,0.0
0.0,0.05,0.08411561264822134,-1.0,0.7,0.0,-0.5,-0.13043478260869565,-0.7297297297297297,0.0,0.0,-1.0,-1.0,0.1887366818873668,0.0,-2.0,0.0,1.0,0.0,0.09336609336609336,-0.07777777777777778,-0.21791044776119403,1.0,0.0,0.0,-0.36720667648502703,0.0,-0.8713789107763615,0.0,-1.0,0.0,0.0,0.0,0.0,-0.5,0.0,-1.0,1.0,-0.2564102564102564,0.5,-1.0,-0.8281573498964804,0.0,0.0,0.0,0.0,-0.36764705882352944,0.0,0.0,0.0,-2.0,0.0,-0.814258911819887,-1.0,-0.7008547008547008,0.15455290690767112
0.0,-0.5,-0.18490612648221344,0.0,-0.9,1.0,0.0,-1.2608695652173914,0.24324324324324326,0.0,0.0,0.25,0.2,0.0,0.0,0.0,-1.0,1.0,0.0,-0.5384345384345385,0.3769230769230769,-0.5840796019900497,0.0,0.0,-4.0,-0.7638684339715267,0.9587912087912088,-0.10505986867516416,0.0,-1.0,0.0,0.0,0.0,0.0,0.5,0.0,-1.0,1.0,0.5897435897435898,0.5,-1.0,-0.39751552795031053,0.0,0.0,0.0,0.0,-0.36764705882352944,0.0,259.0,0.0,0.0,0.0,-0.47404627892432766,-0.3333333333333333,-0.38712921065862244,0.0
0.0,2.5,1.514945652173913,0.0,-0.7,1.0,1.0,0.717391304347826,0.32432432432432434,0.0,0.0,0.0,0.0,0.0,-1.0,0.0,1.0,0.0,-3.0,-0.5384345384345385,1.028205128205128,0.17412935323383086,0.0,0.0,0.0,-0.015709376534118802,1.1538461538461537,0.7029741212823484,0.0,0.0,1.0,0.0,0.0,-1.0,1.0,0.0,0.0,0.0,0.6666666666666666,0.0,0.0,0.8488612836438924,-3.0,0.0,0.0,0.0,0.38235294117647056,0.0,0.0,0.0,0.0,1.0,0.23420888055034383,0.6666666666666666,0.521870286576169,0.0
0.0,-0.75,-0.9366353754940712,0.0,0.6,1.0,-0.5,-1.326086956521739,0.16216216216216217,0.0,0.0,0.0,0.0,0.0,0.0,-3.0,1.0,1.0,0.0,-0.2435942435942436,0.1581196581196581,-0.4208955223880597,0.0,-1.0,0.0,-0.2965144820814924,1.0714285714285714,0.38933951332560834,1.0,0.0,0.0,3.0,0.0,-2.0,1.5,0.0,-1.0,1.25,0.0,-0.5,-2.0,-1.9875776397515528,-2.0,-2.0,-2.0,0.0,2.338235294117647,0.0,0.0,0.0,0.0,0.0,-0.6274755055242858,1.0,0.017094017094017096,0.0
0.0,-0.5,0.47690217391304346,0.0,-0.5,-0.6666666666666666,-0.5,-0.5217391304347826,0.3783783783783784,0.0,0.0,0.25,0.2,0.0,0.0,0.0,0.0,1.0,0.0,-0.12846612846612845,-0.002564102564102564,-0.44477611940298506,0.5,0.0,0.0,0.11978399607265587,0.7802197802197802,0.38933951332560834,0.0,-1.0,1.0,0.0,0.0,0.0,1.0,-3.0,0.0,0.0,-0.7948717948717948,0.5,-1.0,-0.8240165631469979,0.0,0.0,0.0,0.0,-0.36764705882352944,0.0,160.0,0.0,0.0,0.0,-0.21013133208255147,0.3333333333333333,0.005027652086475616,0.0
0.0,0.5,1.7738389328063242,-1.0,0.2,1.0,0.5,0.08695652173913043,0.0,0.0,0.0,-0.75,-0.6,0.2070015220700152,0.0,0.0,0.0,1.0,0.0,0.5777465777465778,-0.8162393162393162,-0.39104477611940297,0.25,0.0,0.0,0.748159057437408,1.092032967032967,1.2344534569331789,1.0,0.0,1.0,0.0,0.0,-1.0,1.5,0.0,0.0,0.0,-0.07692307692307693,-1.0,0.0,0.2443064182194617,0.0,0.0,0.0,0.0,3.3088235294117645,0.0,0.0,0.0,0.0,0.0,0.4368007782641929,1.3333333333333333,0.5822021116138764,0.2687914334502024
0.0,0.5,0.030014822134387352,0.0,0.0,0.0,0.0,-0.43478260869565216,-1.1081081081081081,2.0,0.0,-1.5,-1.4,1.4490106544901065,0.0,0.0,0.0,1.0,0.0,1.2657072657072657,-0.5923076923076923,0.844776119402985,1.0,0.0,0.0,1.0937653411880217,0.0,0.27809965237543455,1.0,-1.0,0.0,0.0,0.0,0.0,0.5,0.0,1.0,0.0,-0.6923076923076923,-1.0,0.0,-0.2567287784679089,0.0,0.0,0.0,0.6547619047619048,-0.36764705882352944,0.0,0.0,0.0,0.0,0.0,0.14634146341463414,0.0,0.5842131724484666,1.6036961736855608
0.0,-1.65,-0.38080533596837945,-1.0,-0.1,1.6666666666666667,0.0,0.2391304347826087,-0.2702702702702703,0.0,0.0,-1.5,-1.4,0.0,0.0,0.0,0.0,1.0,-3.0,0.6114426114426115,-0.5017094017094017,0.022885572139303482,1.0,0.0,0.0,-0.16494845360824742,0.0,-0.7122441096948628,1.0,-1.0,0.0,0.0,0.0,0.0,0.0,0.0,-1.0,1.0,0.10256410256410256,0.5,0.0,0.4472049689440994,0.0,0.0,0.0,0.7142857142857143,-0.36764705882352944,0.0,0.0,0.0,-4.0,0.0,-1.0389826975192824,-0.3333333333333333,-0.47561588738059324,0.0
1.0,0.25,1.0453310276679841,0.0,-0.3,-0.6666666666666666,-0.5,-0.5,-1.1891891891891893,0.0,0.0,0.25,0.2,0.0,0.0,0.0,0.0,1.0,0.0,0.05124605124605124,0.021367521367521368,-0.16218905472636816,1.0,0.0,-4.0,-0.3475699558173785,0.8901098901098901,0.14522981846272692,0.0,-1.0,1.0,1.0,0.0,0.0,0.0,0.0,-1.0,0.0,-0.7692307692307693,0.5,-1.0,-0.8198757763975155,0.0,0.0,0.0,1.7202380952380953,-0.36764705882352944,0.0,0.0,0.0,-2.0,0.0,0.5807796539503857,-0.3333333333333333,-0.011060834590246356,0.0
-2.0,-0.2,-0.5137104743083004,-1.0,0.9,1.0,0.5,0.5217391304347826,0.10810810810810811,2.0,0.0,0.0,0.0,9.74124809741248,-1.0,0.0,1.0,0.0,0.0,0.3727623727623728,-0.258974358974359,-0.03283582089552239,0.0,0.0,0.0,-0.21993127147766323,1.3392857142857142,0.7508690614136733,0.0,0.0,1.0,0.0,0.0,-1.0,0.5,0.0,0.0,1.0,0.4358974358974359,0.0,0.0,0.39751552795031053,0.0,0.0,0.0,0.0,-0.22058823529411764,0.0,198.0,0.0,0.0,0.0,0.9118198874296427,0.3333333333333333,0.44846656611362495,11.74171453767209
0.0,1.0,0.5487895256916996,0.0,0.2,1.0,0.0,-0.10869565217391304,-0.7027027027027027,3.0,0.0,-1.5,-2.4,2.2222222222222223,-1.0,0.0,0.0,1.0,0.0,0.000702000702000702,-0.5717948717948718,-0.5761194029850746,0.5,0.0,0.0,-0.09032891507118311,0.9642857142857143,0.43105446118192353,0.0,-1.0,2.0,0.0,0.0,0.0,0.5,0.0,0.0,0.0,-0.3076923076923077,0.5,0.0,0.2443064182194617,0.0,0.0,0.0,1.3333333333333333,-0.36764705882352944,0.0,0.0,0.0,0.0,0.0,0.393996247654784,0.6666666666666666,-0.03418803418803419,2.532420306829371
0.0,0.5,1.1169713438735178,0.0,-0.6,0.0,0.0,-0.5,0.2702702702702703,0.0,0.0,-1.5,-1.4,0.0,0.0,-2.0,0.0,1.0,0.0,-0.5384345384345385,1.0504273504273505,0.2,0.0,0.0,0.0,0.12763868433971526,0.0,-0.4820393974507532,0.0,-1.0,0.0,0.0,0.0,-1.0,0.0,0.0,0.0,0.0,-0.7692307692307693,0.5,-1.0,-0.7453416149068323,0.0,0.0,0.0,0.0,0.16176470588235295,0.0,0.0,0.0,-4.0,-1.0,-0.6041275797373354,-0.3333333333333333,-0.23629964806435394,0.0
0.0,1.0,1.5492835968379446,0.0,-0.6,0.0,-0.5,-0.43478260869565216,-1.1081081081081081,2.0,0.0,-1.0,-1.0,0.3409436834094368,0.0,0.0,0.0,1.0,-1.0,0.6423306423306423,-0.2623931623931624,0.345273631840796,1.0,0.0,0.0,0.4889543446244477,0.0,-0.197759752800309,1.0,-1.0,0.0,-1.0,0.0,0.0,-0.5,0.0,1.0,0.0,-0.6923076923076923,0.5,-1.0,-0.43478260869565216,0.0,0.0,0.0,0.0,-0.36764705882352944,0.0,0.0,0.0,0.0,0.0,0.7126954346466535,-0.6666666666666666,0.02212166918049271,0.34016175650001274
0.0,-0.2,1.6668725296442688,-0.3333333333333333,-0.7,1.0,1.0,0.5434782608695652,0.13513513513513514,0.0,0.0,0.0,0.0,0.0,-1.0,0.0,1.0,0.0,0.0,-0.14391014391014392,0.46068376068376066,0.07263681592039802,0.0,0.0,0.0,0.24153166421207659,1.706043956043956,1.5264580919273851,0.0,0.0,1.0,1.0,0.0,-1.0,1.5,0.0,0.0,0.5,0.46153846153846156,-1.0,0.0,0.8405797101449275,0.0,0.0,0.0,1.2380952380952381,0.36764705882352944,0.0,0.0,0.0,0.0,0.0,0.804530609408658,1.0,1.0065359477124183,0.0
0.0,2.4,1.043848814229249,-1.0,-0.7,0.0,0.5,0.6086956521739131,0.21621621621621623,0.0,0.0,0.0,0.0,0.91324200913242,-1.0,0.0,1.0,0.0,0.0,-0.5384345384345385,1.817948717948718,1.0935323383084576,0.0,0.0,0.0,0.8915071183112421,0.0,0.11896485129393589,0.0,0.0,0.0,0.0,0.0,-1.0,0.0,0.0,0.0,0.0,0.5384615384615384,0.0,1.0,1.5031055900621118,0.0,0.0,0.0,2.7857142857142856,0.8235294117647058,0.0,0.0,0.0,0.0,0.0,0.5311653116531159,-0.3333333333333333,0.6063348416289592,0.9785585317295435
0.0,0.0,0.07942193675889328,0.0,-0.7,0.0,-0.5,-0.021739130434782608,-0.5945945945945946,0.0,0.0,0.0,0.0,0.0,0.0,0.0,1.0,1.0,0.0,0.7167427167427167,-0.8162393162393162,-0.19402985074626866,1.0,0.0,0.0,-0.3789887088856161,0.0,-0.880648899188876,1.0,-1.0,0.0,0.0,0.0,0.0,-0.5,0.0,-1.0,0.0,-0.1282051282051282,0.5,0.0,0.2981366459627329,0.0,0.0,0.0,1.5238095238095237,-0.36764705882352944,0.0,0.0,0.0,-3.0,-4.0,-0.8352720450281419,-0.6666666666666666,-0.6948215183509301,0.0
1.0,0.85,2.2004693675889326,0.0,0.5,0.3333333333333333,0.5,-2.0217391304347827,0.21621621621621623,0.0,0.0,-1.75,-1.6,0.0,0.0,0.0,-1.0,1.0,0.0,-0.5384345384345385,1.6965811965811965,0.9522388059701492,0.0,0.0,0.0,1.1546391752577319,2.4972527472527473,3.1348010814986482,0.0,1.0,0.0,0.0,0.0,-1.0,2.0,0.0,0.0,0.0,0.5897435897435898,0.5,1.0,1.6149068322981366,0.0,0.0,0.0,1.7976190476190477,-0.36764705882352944,0.0,0.0,0.0,0.0,0.0,2.15034396497811,1.3333333333333333,2.497737556561086,0.0
0.0,0.5,0.22418478260869565,0.0,-0.7,0.0,1.0,0.6739130434782609,0.2972972972972973,0.0,0.0,-1.75,-1.6,1.4977168949771689,-1.0,0.0,1.0,0.0,0.0,1.5170235170235171,0.1,2.0069651741293533,0.0,0.0,0.0,1.7928325969563084,0.0,0.8281189648512939,1.0,0.0,0.0,0.0,0.0,-1.0,1.0,0.0,-1.0,0.0,0.6153846153846154,-1.0,1.0,1.68944099378882,0.0,0.0,0.0,1.0,-0.36764705882352944,0.0,0.0,0.0,0.0,0.0,0.41150719199499664,0.6666666666666666,1.5294117647058822,1.8282868444639648
0.0,2.3,0.9870306324110671,0.0,0.8,1.0,0.5,0.3695652173913043,-0.08108108108108109,0.0,0.0,-1.5,-0.6,1.4977168949771689,-1.0,0.0,0.0,0.0,0.0,0.44436644436644435,-0.8162393162393162,-0.5800995024875621,0.5,0.0,0.0,0.06872852233676977,1.539835164835165,1.2035534955581306,1.0,0.0,1.0,1.0,0.0,-1.0,1.0,0.0,0.0,0.0,0.2564102564102564,0.0,1.0,1.1014492753623188,0.0,0.0,0.0,0.7559523809523809,0.27941176470588236,224.0,0.0,0.0,0.0,0.0,0.943402126328955,1.0,0.46656611362493716,1.9361721692802172
1.0,-0.5,-0.38500494071146246,-1.0,-0.3,-0.6666666666666666,0.0,-1.1521739130434783,-1.1891891891891893,0.0,0.0,-1.0,-1.0,0.0,0.0,-3.0,0.0,1.0,0.0,-0.5384345384345385,-0.2709401709401709,-1.3383084577114428,1.0,0.0,-4.0,-0.10211094747177221,0.5096153846153846,-0.08960988798764001,0.0,-1.0,0.0,0.0,0.0,-2.0,0.0,0.0,-1.0,1.25,0.0,-0.5,-2.0,-1.9875776397515528,-2.0,-2.0,-2.0,0.0,1.75,0.0,0.0,0.0,-2.0,0.0,0.13716906399833237,-0.6666666666666666,-0.7581699346405228,0.0
0.0,-0.225,0.7073863636363636,-1.0,-0.5,0.0,-1.0,-0.717391304347826,-1.1891891891891893,0.0,0.0,0.0,0.0,0.0,0.0,0.0,0.0,1.0,0.0,-0.1705861705861706,0.2076923076923077,-0.25970149253731345,0.0,0.0,0.0,-0.44378988708885614,0.0,-0.9316338354577057,0.0,-1.0,0.0,-2.0,0.0,0.0,-1.0,0.0,-1.0,1.0,-0.48717948717948717,0.5,0.0,0.2443064182194617,0.0,0.0,0.0,0.9404761904761905,-0.36764705882352944,0.0,0.0,0.0,0.0,0.0,-0.196998123827392,-1.3333333333333333,-0.7611865258924082,0.0
0.0,1.0,0.7162796442687747,-1.0,0.4,0.0,1.5,0.6521739130434783,0.2702702702702703,0.0,0.0,0.0,0.0,0.0,-1.0,0.0,1.0,-1.0,-2.0,1.2502632502632502,0.24700854700854702,1.8,0.0,0.0,0.0,1.6828669612174767,0.0,0.7415990730011588,1.0,0.0,0.0,0.0,0.0,-3.0,1.0,0.0,2.0,0.0,0.5897435897435898,-1.0,1.0,0.9440993788819876,0.0,0.0,0.0,1.2380952380952381,2.2058823529411766,0.0,0.0,0.0,0.0,0.0,0.28893058161350826,0.6666666666666666,1.3685268979386627,0.0
0.0,-0.25,-0.4430583003952569,-1.0,-0.4,1.0,0.0,0.43478260869565216,0.0,0.0,0.0,-1.5,-1.4,0.6818873668188736,0.0,0.0,1.0,0.0,0.0,0.18883818883818884,-0.5102564102564102,-0.5860696517412936,0.5,0.0,0.0,-0.7658321060382917,1.1043956043956045,0.05716492854383932,0.0,0.0,1.0,0.0,0.0,-1.0,0.0,0.0,0.0,0.0,0.3333333333333333,-1.0,0.0,-0.2484472049689441,0.0,0.0,0.0,1.130952380952381,0.5588235294117647,0.0,0.0,0.0,0.0,0.0,0.4144256827183652,0.0,-0.2825540472599296,0.7211117931767038
0.0,-1.0,-0.3652420948616601,0.0,0.0,0.0,0.0,-0.5434782608695652,0.21621621621621623,0.0,0.0,0.0,0.0,0.0,0.0,-2.0,0.0,1.0,0.0,0.41628641628641627,-0.3170940170940171,-0.03880597014925373,0.0,0.0,0.0,-0.22582228767795778,0.0,-0.7601390498261877,1.0,-1.0,0.0,-1.0,0.0,0.0,-0.5,0.0,0.0,1.0,-0.8205128205128205,0.5,-1.0,-0.9937888198757764,0.0,0.0,0.0,0.0,-0.36764705882352944,0.0,0.0,0.0,0.0,0.0,-0.5621013133208251,-0.6666666666666666,-0.5379587732528909,0.0
1.0,-0.25,-0.414649209486166,0.0,0.5,-0.6666666666666666,-0.5,-0.7391304347826086,-1.1891891891891893,0.0,0.0,-1.0,-1.0,0.0,0.0,0.0,0.0,0.0,-1.0,0.1733941733941734,-0.32735042735042735,-0.39502487562189054,1.0,0.0,0.0,-0.5773195876288659,0.44642857142857145,-0.5345693317883352,1.0,-1.0,0.0,0.0,0.0,0.0,-0.5,0.0,0.0,1.0,-1.0512820512820513,0.5,0.0,-0.2898550724637681,0.0,0.0,0.0,0.0,-0.36764705882352944,0.0,271.0,0.0,-2.0,0.0,-0.050781738586616706,-0.6666666666666666,-0.5711412770236299,0.0
0.0,4.0,50.83164525691699,-0.3333333333333333,1.1,0.0,0.5,-0.17391304347826086,-0.7837837837837838,2.0,0.0,-2.25,-2.0,0.0,0.0,0.0,0.0,0.0,-2.0,1.196911196911197,-0.6794871794871795,2.2776119402985073,1.0,0.0,0.0,1.863524791359843,0.0,0.8837388953263808,2.0,0.0,0.0,0.0,0.0,0.0,1.0,0.0,1.0,0.0,-0.38461538461538464,0.0,0.0,0.13664596273291926,0.0,0.0,0.0,0.0,-0.36764705882352944,0.0,0.0,0.0,0.0,0.0,0.49030644152595343,1.0,1.7023629964806435,0.0
1.0,-0.5,0.030014822134387352,0.0,0.5,1.0,0.5,-1.0434782608695652,-0.10810810810810811,0.0,0.0,0.25,0.2,0.0,0.0,0.0,-1.0,1.0,0.0,-0.515970515970516,0.4008547008547009,-0.5243781094527363,0.0,0.0,0.0,-0.5007363770250368,1.1112637362637363,0.2734646581691773,0.0,-1.0,1.0,0.0,0.0,-3.0,0.0,0.0,0.0,1.0,-1.4102564102564104,0.5,0.0,0.2732919254658385,-4.0,0.0,0.0,0.0,-0.36764705882352944,234.0,0.0,0.0,0.0,0.0,0.8230143839899933,0.0,-0.11060834590246355,0.0
0.0,0.05,-0.4158843873517787,-1.0,-0.4,1.0,0.5,0.6739130434782609,0.2972972972972973,0.0,0.0,0.0,0.0,0.0,-1.0,0.0,1.0,0.0,0.0,0.05826605826605827,-0.3188034188034188,-0.5482587064676617,0.0,0.0,0.0,-0.7285223367697594,0.9835164835164835,-0.04943993820007725,1.0,0.0,1.0,0.0,0.0,-1.0,0.0,0.0,0.0,0.0,0.6153846153846154,-1.0,0.0,-0.19875776397515527,0.0,0.0,0.0,0.5952380952380952,0.38235294117647056,0.0,0.0,0.0,0.0,0.0,0.21304982280592008,0.3333333333333333,-0.33283056812468576,0.0
0.0,1.2,0.8711709486166008,-1.0,0.2,1.0,0.5,0.15217391304347827,-0.3783783783783784,0.0,0.0,-1.75,-1.6,1.6925418569254185,-1.0,0.0,0.0,0.0,0.0,0.4331344331344331,-0.5547008547008547,-0.2915422885572139,1.0,0.0,0.0,0.12960235640648013,1.6483516483516483,1.3735032831208962,1.0,0.0,1.0,1.0,0.0,-3.0,2.0,0.0,0.0,0.0,0.07692307692307693,0.0,0.0,0.016563146997929608,0.0,0.0,0.0,1.7142857142857142,2.5,0.0,0.0,0.0,-4.0,0.0,0.1540963101938713,1.6666666666666667,0.7229763700351935,2.2410419639172745
-2.0,0.25,-0.11820652173913043,0.0,0.9,1.0,1.0,0.717391304347826,0.32432432432432434,0.0,0.0,0.0,0.0,0.0,-1.0,0.0,1.0,0.0,-3.0,-0.5384345384345385,1.0435897435897437,0.19203980099502488,0.0,0.0,0.0,0.0019636720667648502,1.1964285714285714,0.764774044032445,0.0,0.0,1.0,0.0,0.0,-1.0,1.0,0.0,0.0,0.0,0.6666666666666666,0.0,1.0,2.256728778467909,0.0,0.0,0.0,1.2380952380952381,0.3088235294117647,0.0,0.0,0.0,0.0,0.0,0.32176360225140693,0.6666666666666666,0.5711412770236299,0.0
0.0,1.0,0.10412549407114624,0.0,0.3,1.0,0.5,0.43478260869565216,-0.02702702702702703,0.0,0.0,-1.5,-1.4,1.5585996955859969,-1.0,0.0,1.0,0.0,-2.0,0.8473148473148473,-0.20085470085470086,0.7074626865671642,0.0,0.0,0.0,0.5596465390279823,1.75,1.8261877172653533,1.0,0.0,1.0,1.0,0.0,-1.0,1.5,0.0,0.0,0.0,0.3333333333333333,0.0,1.0,0.7287784679089027,0.0,0.0,0.0,2.0238095238095237,0.5147058823529411,144.0,0.0,0.0,0.0,0.0,1.181988742964352,1.3333333333333333,1.5223730517848164,2.188412136310624
0.0,0.5,1.1453804347826086,0.0,0.2,1.6666666666666667,0.5,0.15217391304347827,-0.3783783783783784,0.0,0.0,-0.75,-0.6,1.36986301369863,0.0,0.0,0.0,0.0,-3.0,0.9161109161109161,-0.24188034188034188,0.7572139303482587,1.0,0.0,0.0,0.7560137457044673,0.0,0.012359984550019312,1.0,0.0,0.0,0.0,0.0,0.0,0.0,0.0,1.0,0.0,0.0,0.5,0.0,0.4472049689440994,0.0,0.0,0.0,1.3869047619047619,0.3382352941176471,0.0,0.0,0.0,0.0,0.0,0.32978945174067126,0.0,0.36701860231271993,1.4345994250982423
0.0,2.05,1.6750247035573123,0.0,0.4,1.0,1.5,0.717391304347826,0.32432432432432434,0.0,0.0,0.0,0.0,2.252663622526636,0.0,0.0,1.0,-1.0,-3.0,-0.5384345384345385,1.3188034188034188,0.5124378109452736,0.0,0.0,0.0,0.3181148748159057,1.8502747252747254,1.7489378138277327,0.0,1.0,1.0,1.0,0.0,-1.0,1.5,0.0,-1.0,0.0,0.6666666666666666,0.0,1.0,1.4906832298136645,0.0,0.0,0.0,1.4285714285714286,1.8970588235294117,0.0,0.0,0.0,0.0,1.0,1.08470571885206,1.3333333333333333,1.3735545500251383,3.1329127305649016
0.0,1.45,0.647356719367589,-1.0,0.4,1.0,1.0,0.6739130434782609,0.2702702702702703,0.0,0.0,0.0,0.0,2.3622526636225265,-1.0,0.0,1.0,-1.0,-3.0,0.8234468234468234,-0.5324786324786325,0.28756218905472636,0.0,0.0,0.0,0.09621993127147767,1.8296703296703296,1.5511780610274237,1.0,0.0,1.0,1.0,0.0,-1.0,2.0,0.0,0.0,0.5,0.6153846153846154,-1.0,1.0,1.6231884057971016,0.0,0.0,0.0,1.0952380952380953,1.8970588235294117,0.0,0.0,0.0,0.0,0.0,0.35547217010631643,1.6666666666666667,1.1312217194570136,3.2033067776274846
0.0,0.8,0.22270256916996048,-1.0,0.8,1.0,0.5,0.2826086956521739,-0.1891891891891892,0.0,0.0,-0.75,-0.6,1.0471841704718416,-1.0,0.0,0.0,1.0,-2.0,-0.4991224991224991,-0.8162393162393162,1.0159203980099503,0.0,0.0,0.0,0.9150711831124202,1.6167582417582418,1.9559675550405562,1.0,0.0,1.0,1.0,0.0,-1.0,1.0,0.0,0.0,0.0,0.1794871794871795,-1.0,0.0,0.39751552795031053,0.0,0.0,0.0,1.1964285714285714,1.0441176470588236,0.0,0.0,0.0,-2.0,0.0,2.0093808630393983,1.0,1.7626948215183509,1.4934957798978474
1.0,-1.05,-0.9037796442687747,0.0,0.5,0.0,-1.5,-0.391304347826087,0.2972972972972973,0.0,0.0,0.0,0.0,0.0,0.0,-2.0,0.0,1.0,0.0,-0.17901017901017902,0.7324786324786324,0.33930348258706466,0.0,0.0,0.0,0.14923907707412862,0.0,-0.46504441869447666,1.0,-1.0,0.0,0.0,0.0,0.0,0.0,0.0,-1.0,0.0,-0.6410256410256411,0.5,-1.0,-1.0766045548654244,-4.0,0.0,0.0,0.8452380952380952,1.0735294117647058,0.0,0.0,0.0,0.0,0.0,-0.5720241817802788,-0.3333333333333333,-0.15485168426344897,0.0
0.0,1.3,0.4437994071146245,0.0,0.0,1.6666666666666667,0.5,-0.13043478260869565,0.35135135135135137,3.0,5.0,0.25,0.2,1.82648401826484,-1.0,-2.0,0.0,0.0,0.0,-0.5384345384345385,0.3974358974358974,-0.5601990049751244,0.0,0.0,0.0,1.5925380461462935,1.4835164835164836,2.3391270760911547,0.0,0.0,1.0,2.0,0.0,-1.0,2.5,0.0,0.0,0.5,-0.48717948717948717,-1.0,0.0,0.34782608695652173,0.0,0.0,0.0,1.4285714285714286,-0.36764705882352944,0.0,0.0,0.0,0.0,0.0,0.7744613110466768,1.6666666666666667,1.2156862745098038,2.720682297169702
1.0,-1.0,-1.106348814229249,0.0,-0.3,-0.3333333333333333,-0.5,-0.6956521739130435,-1.1891891891891893,0.0,0.0,-1.0,-1.0,0.0,0.0,0.0,0.0,1.0,-3.0,-0.3755703755703756,0.21623931623931625,-0.5402985074626866,0.75,-1.0,-3.0,-0.5576828669612175,0.0,-1.0212437234453458,0.0,-1.0,0.0,-1.0,0.0,0.0,-0.5,0.0,-1.0,1.0,-1.0,0.5,0.0,-0.4968944099378882,0.0,0.0,0.0,0.0,-0.36764705882352944,244.0,0.0,0.0,0.0,0.0,-1.153971232020012,-1.0,-0.9612870789341378,0.0
0.0,-1.9,0.33782114624505927,-1.0,1.2,0.0,1.0,0.43478260869565216,-0.02702702702702703,0.0,0.0,-2.25,-2.0,0.0,-1.0,0.0,1.0,0.0,-2.0,1.7346437346437347,-0.6452991452991453,1.4477611940298507,0.0,0.0,0.0,1.2410407461953854,0.0,0.3939745075318656,2.0,-1.0,1.0,-2.0,0.0,-1.0,0.0,0.0,1.0,0.0,0.3333333333333333,-1.0,0.0,-0.028985507246376812,0.0,0.0,0.0,0.7261904761904762,0.07352941176470588,0.0,0.0,0.0,0.0,0.0,1.0506566604127574,0.3333333333333333,0.9643036701860231,0.0
0.0,0.5,0.5240859683794467,0.0,0.0,0.0,0.0,-0.2826086956521739,-0.918918918918919,2.0,0.0,0.25,0.2,1.06544901065449,0.0,0.0,0.0,1.0,0.0,0.2548262548262548,0.5820512820512821,0.7791044776119403,1.0,0.0,0.0,0.5812469317623957,0.0,-0.12514484356894554,0.0,-1.0,1.0,0.0,0.0,0.0,0.5,0.0,-1.0,0.0,-0.5128205128205128,0.0,-1.0,-0.7784679089026915,0.0,0.0,0.0,0.0,0.29411764705882354,0.0,0.0,0.0,0.0,0.0,-0.5065666041275793,0.0,0.2885872297637003,1.0815419472950498
0.0,-0.9,0.5952322134387352,-1.0,-0.9,0.6666666666666666,0.0,-1.2391304347826086,0.0,0.0,0.0,0.25,0.4,0.0,0.0,0.0,-1.0,1.0,0.0,-0.5384345384345385,0.6264957264957265,-0.2935323383084577,0.5,-1.0,-4.0,0.7029945999018163,0.9464285714285714,1.0351487060641174,0.0,0.0,0.0,2.0,0.0,-1.0,2.0,0.0,-1.0,1.0,-1.2820512820512822,0.5,0.0,-0.16149068322981366,0.0,0.0,0.0,0.0,0.5147058823529411,268.0,0.0,0.0,0.0,0.0,-0.22939337085678527,1.0,0.5017596782302665,0.0
1.0,-0.5,-0.7600049407114624,0.0,-0.3,1.0,-0.5,-1.1521739130434783,-1.1891891891891893,0.0,0.0,0.25,0.4,0.0,0.0,0.0,1.0,1.0,-1.0,-0.5384345384345385,0.20256410256410257,-0.7870646766169154,1.0,-1.0,0.0,-0.9641629847815415,0.8186813186813187,-0.42023947470065665,0.0,-1.0,0.0,0.0,0.0,0.0,0.0,0.0,-1.0,1.0,-1.5384615384615385,0.5,-1.0,-1.204968944099379,-4.0,-4.0,-2.0,0.0,-0.36764705882352944,137.0,0.0,0.0,-3.0,0.0,-0.48738795080258485,-0.6666666666666666,-0.6948215183509301,0.0
0.0,0.15,0.2829792490118577,-1.0,0.0,0.0,-0.5,-0.1956521739130435,-0.8108108108108109,0.0,0.0,-1.5,-1.4,0.5114155251141552,0.0,0.0,0.0,1.0,0.0,-0.4822744822744823,1.617948717948718,1.4656716417910447,1.0,0.0,0.0,1.258713794796269,0.0,0.4078794901506373,0.0,0.0,0.0,3.0,1.0,0.0,2.0,0.0,-1.0,1.0,0.5641025641025641,0.5,-1.0,-0.5300207039337475,0.0,0.0,0.0,0.9226190476190477,-0.36764705882352944,0.0,0.0,0.0,0.0,0.0,-0.9403377110694177,1.3333333333333333,0.9824032176973353,0.5802903981060681
0.0,0.0,-0.32176383399209485,0.0,0.0,0.0,-0.5,-0.32608695652173914,-0.05405405405405406,0.0,0.0,0.25,0.2,0.0,0.0,0.0,0.0,1.0,0.0,0.6493506493506493,-0.45726495726495725,0.12835820895522387,0.25,0.0,0.0,-0.06087383406971036,0.0,-0.6303592120509849,1.0,-1.0,0.0,0.0,0.0,0.0,0.0,0.0,-1.0,0.0,-0.5641025641025641,0.0,-1.0,-0.7122153209109731,0.0,0.0,0.0,0.0,-0.36764705882352944,0.0,0.0,0.0,0.0,0.0,-0.8843026891807375,-0.3333333333333333,-0.3690296631473102,0.0
0.0,0.75,0.29063735177865613,-1.0,0.4,0.0,1.0,0.6521739130434783,0.2702702702702703,0.0,0.0,0.0,0.0,1.8021308980213089,-1.0,0.0,1.0,0.0,0.0,1.0396630396630397,1.923931623931624,4.406965174129353,0.0,0.0,0.0,1.0643102601865488,0.0,0.2549246813441483,1.0,0.0,0.0,0.0,0.0,-1.0,0.5,0.0,0.0,0.0,0.5897435897435898,0.0,1.0,1.6563146997929608,0.0,0.0,0.0,0.0,-0.36764705882352944,0.0,0.0,0.0,0.0,0.0,0.10881801125703573,0.3333333333333333,2.3690296631473102,1.985392982760593
1.0,-0.55,-0.31632905138339923,0.0,0.4,0.0,0.5,0.6739130434782609,0.2702702702702703,0.0,0.0,0.0,0.0,0.8888888888888888,-1.0,0.0,1.0,0.0,-3.0,0.4724464724464724,0.2743589743589744,0.7293532338308458,0.0,0.0,0.0,0.5321551300932744,0.0,-0.1637697952877559,1.0,0.0,0.0,-1.0,0.0,-1.0,0.0,0.0,0.0,0.0,0.6153846153846154,0.0,0.0,0.016563146997929608,0.0,0.0,0.0,1.1428571428571428,0.07352941176470588,0.0,0.0,0.0,0.0,0.0,-0.0029184907233686047,0.0,0.2383107088989442,0.894122389554394
0.0,-0.55,-0.10783102766798419,-1.0,-0.4,1.0,0.0,0.5434782608695652,0.10810810810810811,0.0,0.0,0.0,0.0,0.0,0.0,0.0,1.0,0.0,-2.0,0.6240786240786241,-0.6196581196581197,-0.09651741293532339,0.5,0.0,0.0,-0.28276877761413843,0.9546703296703297,0.2688296639629201,1.0,0.0,1.0,0.0,0.0,0.0,0.5,0.0,1.0,0.0,0.46153846153846156,-1.0,0.0,-0.033126293995859216,0.0,0.0,0.0,0.5952380952380952,0.19117647058823528,0.0,0.0,0.0,0.0,0.0,0.13133208255159468,0.6666666666666666,0.10256410256410256,0.0
0.0,0.75,38.335350790513836,-1.0,1.1,-0.6666666666666666,-0.5,-0.17391304347826086,-0.7837837837837838,0.0,0.0,-0.75,-0.6,0.0,0.0,0.0,0.0,1.0,-2.0,1.2151632151632152,-0.6401709401709401,1.0099502487562189,0.0,0.0,0.0,1.0446735395189004,0.22939560439560439,0.4974893781382773,2.0,0.0,0.0,0.0,0.0,0.0,0.5,0.0,1.0,0.0,-0.38461538461538464,-1.0,0.0,0.2028985507246377,0.0,0.0,0.0,3.988095238095238,-0.36764705882352944,0.0,0.0,0.0,0.0,0.0,0.5015634771732329,0.6666666666666666,0.8104575163398693,0.0
0.0,0.8,1.1557559288537549,-1.0,1.0,0.0,1.5,0.6956521739130435,0.32432432432432434,2.0,0.0,0.0,0.0,1.21765601217656,-1.0,0.0,1.0,-1.0,-2.0,1.2151632151632152,0.33418803418803417,1.8517412935323383,0.0,0.0,0.0,1.63966617574865,0.0,0.7076091154886056,1.0,0.0,0.0,0.0,0.0,-1.0,1.0,0.0,0.0,0.0,0.6410256410256411,-1.0,1.0,0.8115942028985508,0.0,0.0,0.0,1.0595238095238095,0.38235294117647056,0.0,0.0,0.0,0.0,0.0,0.24077548467792356,0.6666666666666666,1.3725490196078431,1.4571387803534326
0.0,0.0,-0.08485671936758893,0.0,-0.7,0.0,0.5,0.6304347826086957,0.24324324324324326,0.0,0.0,0.0,0.0,0.6879756468797564,-1.0,0.0,1.0,0.0,-3.0,0.5988065988065988,0.4247863247863248,1.0835820895522388,0.0,0.0,0.0,0.8816887579774177,0.0,0.11123986095017381,1.0,0.0,0.0,0.0,0.0,-1.0,0.5,0.0,-1.0,0.0,0.5641025641025641,0.0,0.0,0.2153209109730849,0.0,0.0,0.0,1.1428571428571428,0.7205882352941176,0.0,0.0,0.0,0.0,0.0,-0.1238273921200752,0.3333333333333333,0.596279537456008,0.7359838434616087
0.0,1.05,1.1527915019762847,0.0,0.2,0.0,0.5,0.2391304347826087,0.10810810810810811,0.0,0.0,0.25,0.2,0.0,-1.0,0.0,0.0,0.0,-1.0,-0.23938223938223938,0.8846153846153846,0.43084577114427863,0.0,0.0,0.0,1.04860088365243,0.0,0.242564696794129,1.0,0.0,0.0,0.0,0.0,-1.0,1.0,0.0,-1.0,0.0,0.10256410256410256,0.0,0.0,-0.16563146997929606,0.0,0.0,0.0,0.6428571428571429,0.29411764705882354,0.0,0.0,0.0,0.0,0.0,-0.4180737961225764,0.6666666666666666,0.35193564605329314,0.0
0.0,-0.2,0.7217144268774703,-1.0,0.0,0.0,0.0,-0.32608695652173914,0.10810810810810811,2.0,0.0,0.25,0.2,1.0715372907153728,0.0,0.0,0.0,1.0,0.0,0.2829062829062829,0.2606837606837607,0.44477611940298506,1.0,0.0,-4.0,0.25135002454590083,0.0,-0.3847045191193511,0.0,-1.0,0.0,0.0,0.0,0.0,0.0,0.0,-1.0,0.0,-0.5641025641025641,0.5,-1.0,-0.7577639751552795,0.0,0.0,0.0,0.0,-0.36764705882352944,0.0,234.0,0.0,0.0,0.0,-0.42026266416510294,-0.6666666666666666,-0.049270990447461034,1.0195183246722441
0.0,0.75,1.164155138339921,0.0,1.1,1.0,1.0,0.6304347826086957,0.21621621621621623,0.0,0.0,0.0,0.0,0.0,-1.0,0.0,1.0,0.0,0.0,-0.5384345384345385,0.8367521367521368,-0.04875621890547264,0.0,0.0,0.0,-0.18458517427589594,1.2568681318681318,0.6859791425260718,0.0,0.0,1.0,1.0,0.0,-1.0,1.5,0.0,-1.0,0.0,0.5641025641025641,-1.0,0.0,-0.2028985507246377,0.0,0.0,0.0,0.8035714285714286,-0.36764705882352944,0.0,0.0,0.0,0.0,0.0,-0.25390869293308305,1.0,0.39819004524886875,0.0
-1.0,-0.5,-0.2664278656126482,0.0,0.8,0.0,-1.0,-0.5,-1.1891891891891893,0.0,0.0,0.25,-2.6,0.0,-2.0,-3.0,0.0,1.0,0.0,-0.5384345384345385,0.41623931623931626,-0.5383084577114428,0.5,0.0,0.0,-0.48306332842415317,0.0,-0.962533796832754,0.0,-1.0,0.0,-1.0,0.0,0.0,-1.0,0.0,-1.0,0.75,-0.7692307692307693,0.5,-1.0,-0.7701863354037267,0.0,0.0,-2.0,1.4880952380952381,-0.36764705882352944,24.0,0.0,0.0,0.0,0.0,-0.2845528455284551,-1.3333333333333333,-0.922071392659628,0.0
0.0,0.15,-0.23085474308300397,0.0,0.0,0.0,-1.5,-0.5217391304347826,-1.1891891891891893,0.0,0.0,-0.25,-0.2,2.070015220700152,0.0,0.0,2.0,0.5,1.0,-0.5384345384345385,-0.8162393162393162,-1.973134328358209,0.25,-1.0,-4.0,-0.09229258713794797,0.0,-0.6550791811510236,0.0,0.0,0.0,-1.0,1.0,0.0,0.0,0.0,-1.0,1.0,-0.7948717948717948,0.5,0.0,-0.33126293995859213,0.0,0.0,0.0,0.0,-0.36764705882352944,0.0,0.0,0.0,0.0,0.0,-0.9309985407546376,-0.3333333333333333,-1.4469582704876822,1.822173876219648
0.0,-0.35,-0.15550889328063242,-1.0,0.4,0.0,1.5,0.6956521739130435,0.2972972972972973,2.0,0.0,-1.0,-1.0,3.750380517503805,-3.0,0.0,1.0,-1.0,0.0,-0.4991224991224991,2.0145299145299145,1.3781094527363185,0.0,0.0,0.0,1.1723122238586157,0.0,0.3398995751255311,0.0,0.0,0.0,-1.0,0.0,-3.0,0.0,0.0,0.0,0.0,0.6410256410256411,0.0,0.0,0.34782608695652173,0.0,0.0,0.0,2.9464285714285716,0.6911764705882353,0.0,0.0,0.0,0.0,0.0,0.9485094850948508,-0.3333333333333333,0.8939165409753645,4.200935224728336
1.0,-1.7,-1.7012104743083003,0.0,-0.2,1.0,-0.5,0.06521739130434782,-0.4864864864864865,0.0,0.0,-1.75,-1.6,0.0,0.0,0.0,0.0,0.0,0.0,-0.3573183573183573,-0.5170940170940171,-0.9064676616915422,1.0,0.0,0.0,-1.0819833087874324,0.7912087912087912,-0.5438393202008498,0.0,-1.0,1.0,0.0,0.0,0.0,-1.0,0.0,-1.0,0.0,-0.10256410256410256,0.5,-1.0,-0.5962732919254659,0.0,0.0,0.0,1.0833333333333333,-0.36764705882352944,0.0,0.0,0.0,0.0,0.0,0.9018136335209501,-1.0,-0.8355957767722474,0.0
0.0,-0.25,-0.751852766798419,0.0,-0.9,-0.6666666666666666,0.0,-0.7391304347826086,-1.1891891891891893,0.0,0.0,-1.0,-1.0,0.0,0.0,0.0,-1.0,1.0,0.0,-0.5384345384345385,0.8452991452991453,-0.03880597014925373,0.5,0.0,0.0,-0.22582228767795778,0.8310439560439561,0.17458478176902278,0.0,-1.0,0.0,0.0,0.0,-2.0,0.0,0.0,0.0,1.0,-1.0512820512820513,0.5,-1.0,-0.6956521739130435,0.0,0.0,0.0,0.0,-0.36764705882352944,0.0,0.0,0.0,0.0,0.0,0.6362309776943916,-0.6666666666666666,0.07038712921065862,0.0
0.0,0.15,0.8136116600790514,-1.0,0.0,0.0,0.0,-0.2826086956521739,0.10810810810810811,2.0,0.0,-1.0,-1.0,0.0,0.0,-2.0,0.0,1.0,-1.0,0.16075816075816077,-0.029914529914529916,-0.06666666666666667,1.0,0.0,0.0,-0.2533136966126657,0.0,-0.7817690227887215,0.0,-1.0,0.0,-1.0,0.0,0.0,-0.5,0.0,-1.0,0.0,-0.5128205128205128,0.0,-1.0,-0.7412008281573499,0.0,0.0,0.0,0.0,-0.36764705882352944,0.0,0.0,0.0,0.0,0.0,-0.6111319574734206,-1.0,-0.5661136249371543,0.0
0.0,0.15,2.0062994071146245,-1.0,0.0,0.0,0.0,-0.2826086956521739,-0.918918918918919,0.0,0.0,0.25,0.2,0.182648401826484,0.0,0.0,0.0,1.0,0.0,1.2446472446472447,-0.46068376068376066,0.9681592039800995,0.0,0.0,-4.0,0.7677957781050565,0.0,0.021629972962533797,1.0,0.0,0.0,0.0,0.0,0.0,0.0,0.0,1.0,0.0,-0.5128205128205128,0.5,0.0,0.07453416149068323,0.0,0.0,0.0,0.0,0.22058823529411764,0.0,0.0,0.0,0.0,0.0,0.34730039608088387,0.0,0.4796380090497738,0.1916693637021171
0.0,-1.7,-1.7367835968379446,0.0,0.4,1.0,0.5,0.6521739130434783,0.2702702702702703,0.0,0.0,0.0,0.4,0.6453576864535768,-1.0,0.0,1.0,0.0,0.0,0.26605826605826605,-0.4897435897435897,-0.4527363184079602,0.0,0.0,0.0,-0.6342660775650466,1.184065934065934,0.25028968713789107,1.0,0.0,1.0,-1.0,0.0,-1.0,0.0,0.0,-1.0,0.5,0.5897435897435898,0.0,0.0,-0.024844720496894408,0.0,0.0,0.0,0.0,0.029411764705882353,0.0,0.0,0.0,0.0,0.0,0.7792370231394617,0.3333333333333333,-0.08949220713926596,0.7103303405907658
0.0,-0.7,2.705657114624506,-0.6666666666666666,0.4,1.0,1.5,0.6956521739130435,0.32432432432432434,2.0,0.0,-1.75,-1.6,5.296803652968037,-3.0,0.0,1.0,-1.0,0.0,1.4412074412074412,-0.06752136752136752,1.7044776119402985,0.0,0.0,0.0,1.494354442808051,1.2087912087912087,1.9528775589030514,1.0,0.0,1.0,1.0,0.0,-3.0,2.0,0.0,1.0,0.0,0.6666666666666666,-1.0,1.0,0.9358178053830227,0.0,0.0,0.0,0.0,-0.36764705882352944,0.0,0.0,0.0,0.0,1.0,0.8107567229518446,1.6666666666666667,2.1085972850678734,7.551542395955902
0.0,-0.1,-0.4097084980237154,-1.0,0.4,0.0,1.5,0.7391304347826086,0.35135135135135137,2.0,0.0,-1.0,-1.0,2.2039573820395737,-3.0,0.0,1.0,-1.0,0.0,-0.5384345384345385,2.3786324786324786,1.7462686567164178,0.0,0.0,0.0,1.535591556210113,0.0,0.6257242178447276,0.0,0.0,0.0,-1.0,0.0,-3.0,0.0,0.0,0.0,0.0,0.6923076923076923,0.0,0.0,0.567287784679089,0.0,0.0,0.0,1.25,0.4264705882352941,0.0,0.0,0.0,0.0,1.0,1.4884302689180728,-0.3333333333333333,1.26596279537456,2.600802958846466
0.0,0.5,-1.0394021739130435,-1.0,-0.8,0.0,0.5,0.2826086956521739,-0.21621621621621623,0.0,0.0,0.25,0.2,0.0,0.0,0.0,1.0,0.0,-2.0,0.9806949806949807,-0.18205128205128204,0.918407960199005,0.5,0.0,0.0,0.7187039764359352,0.0,-0.016994978756276556,1.0,-1.0,1.0,-1.0,0.0,-1.0,0.0,0.0,0.0,0.0,0.15384615384615385,0.0,0.0,-0.14492753623188406,0.0,0.0,0.0,0.0,0.8088235294117647,0.0,184.0,0.0,0.0,-4.0,0.27433812799666424,0.0,0.42936148818501757,0.0
0.0,-0.5,-0.09745553359683795,0.0,-0.5,-0.6666666666666666,-0.5,-0.6956521739130435,-1.1891891891891893,0.0,0.0,0.0,0.0,0.0,0.0,0.0,0.0,1.0,-1.0,-0.2070902070902071,-0.8162393162393162,-0.7472636815920398,1.0,-1.0,0.0,-0.9248895434462445,0.679945054945055,-0.5453843182696022,0.0,-1.0,0.0,0.0,0.0,0.0,-0.5,0.0,-1.0,1.0,-1.0,0.5,-1.0,-1.1594202898550725,0.0,-4.0,0.0,0.2857142857142857,-0.36764705882352944,0.0,0.0,0.0,0.0,0.0,-0.07529706066291447,-0.6666666666666666,-0.7561588738059326,0.0
1.0,-0.5,-0.23678359683794467,0.0,0.5,0.0,0.0,-0.9782608695652174,0.24324324324324326,0.0,0.0,0.0,0.0,0.0,0.0,-2.0,-1.0,1.0,0.0,-0.5384345384345385,0.2504273504273504,-0.7313432835820896,0.5,0.0,0.0,-0.7206676485027,0.0,-1.149478563151796,0.0,-1.0,0.0,-1.0,0.0,0.0,-0.5,0.0,-1.0,1.0,0.6410256410256411,0.5,0.0,0.016563146997929608,0.0,0.0,0.0,0.6309523809523809,-0.36764705882352944,0.0,0.0,0.0,0.0,0.0,-1.4446529080675414,-1.0,-1.1412770236299647,0.0
0.0,-0.5,-0.2664278656126482,0.0,0.6,-0.6666666666666666,0.0,-0.717391304347826,0.16216216216216217,0.0,0.0,0.25,-1.0,0.0,0.0,0.0,0.0,1.0,0.0,0.006318006318006318,0.12735042735042734,-0.10248756218905472,0.0,0.0,0.0,0.20618556701030927,0.5535714285714286,0.20239474700656623,0.0,-1.0,0.0,-1.0,0.0,0.0,0.0,0.0,1.0,0.0,-1.0256410256410255,0.5,-1.0,-0.9937888198757764,0.0,0.0,0.0,0.0,-0.36764705882352944,108.0,0.0,0.0,0.0,0.0,0.6887638107150295,-0.6666666666666666,0.0563097033685269,0.0
0.0,1.75,0.4373764822134387,-0.6666666666666666,-0.7,0.0,0.0,0.4782608695652174,0.02702702702702703,0.0,0.0,0.0,0.0,0.0,-1.0,-2.0,1.0,0.0,0.0,-0.0694980694980695,-0.2658119658119658,0.41492537313432837,0.0,0.0,0.0,0.22189494354442807,0.0,-0.4078794901506373,1.0,0.0,0.0,0.0,0.0,-1.0,0.0,0.0,-1.0,0.0,0.38461538461538464,0.0,0.0,0.16977225672877846,0.0,0.0,0.0,0.0,0.014705882352941176,0.0,0.0,0.0,0.0,0.0,-0.4640400250156345,0.0,-0.07943690296631473,0.0
0.0,-0.25,-0.05694169960474308,-1.0,-0.4,0.0,0.0,0.41304347826086957,-0.05405405405405406,0.0,0.0,-1.5,-1.4,0.6453576864535768,0.0,0.0,1.0,0.0,0.0,0.2478062478062478,0.20598290598290597,0.33134328358208953,0.5,0.0,0.0,0.15709376534118802,0.0,-0.45886442641946695,1.0,0.0,0.0,0.0,0.0,-1.0,0.0,0.0,-1.0,0.0,0.3076923076923077,0.0,0.0,-0.33126293995859213,0.0,0.0,0.0,0.7142857142857143,0.014705882352941176,0.0,0.0,0.0,0.0,0.0,-0.5603502188868039,0.0,-0.15485168426344897,0.6017769136873536
1.0,-1.3,-1.298048418972332,0.0,-0.2,0.0,-0.5,0.06521739130434782,-0.4864864864864865,0.0,0.0,-1.75,-1.6,0.0,0.0,0.0,1.0,0.0,0.0,0.6886626886626886,-0.3581196581196581,0.29950248756218906,1.0,0.0,0.0,0.10800196367206677,0.0,-0.4974893781382773,1.0,-1.0,1.0,0.0,0.0,0.0,0.0,0.0,0.0,0.0,-0.10256410256410256,-1.0,0.0,0.19875776397515527,0.0,0.0,0.0,3.1904761904761907,0.9558823529411765,0.0,0.0,0.0,-2.0,0.0,-0.633312486971023,0.0,-0.19607843137254902,0.0
0.0,1.1,-0.6295701581027668,-1.0,-0.8,1.6666666666666667,-0.5,-0.32608695652173914,-0.972972972972973,2.0,0.0,0.25,-1.2,0.730593607305936,0.0,0.0,0.0,1.0,-3.0,-0.11723411723411724,-0.01623931623931624,0.14029850746268657,0.0,0.0,-3.0,0.5203730976926854,0.0,-0.17303978370027037,0.0,-1.0,0.0,0.0,0.0,-1.0,0.0,-3.0,-1.0,0.5,-0.5641025641025641,0.5,-1.0,-0.7950310559006211,0.0,0.0,0.0,1.0,-0.36764705882352944,294.0,0.0,0.0,0.0,-4.0,-0.020429435063581226,-0.3333333333333333,-0.06535947712418301,0.7332698378552759
0.0,0.4,0.6256175889328063,-1.0,0.3,1.0,1.0,0.5434782608695652,0.10810810810810811,0.0,0.0,0.0,0.0,3.226788432267884,-1.0,0.0,1.0,0.0,-3.0,0.8037908037908038,-0.594017094017094,0.1880597014925373,0.0,0.0,0.0,-0.0019636720667648502,1.151098901098901,0.7106991116261104,1.0,0.0,1.0,0.0,0.0,-1.0,0.5,0.0,0.0,0.0,0.46153846153846156,0.0,0.0,0.463768115942029,0.0,0.0,0.0,1.2380952380952381,0.7352941176470589,0.0,374.0,0.0,0.0,0.0,0.8467792370231385,0.6666666666666666,0.5339366515837104,3.8634263078736875
0.0,0.15,-0.47887845849802374,-1.0,-0.1,1.3333333333333333,0.0,0.10869565217391304,-0.43243243243243246,0.0,0.0,0.0,0.0,0.0,0.0,0.0,0.0,0.0,-3.0,0.5468585468585468,-0.6196581196581197,-0.20597014925373133,0.0,0.0,0.0,-0.3436426116838488,0.0,-0.8528389339513326,1.0,-1.0,0.0,-1.0,0.0,0.0,-0.5,0.0,0.0,0.0,-0.05128205128205128,0.0,0.0,-0.041407867494824016,0.0,0.0,0.0,0.0,-0.36764705882352944,0.0,192.0,0.0,-2.0,0.0,-0.7722326454033765,-0.6666666666666666,-0.6827551533433887,0.0
0.0,-0.9,-0.08263339920948616,0.0,-0.9,-0.6666666666666666,-0.5,-0.717391304347826,-0.32432432432432434,0.0,0.0,-1.0,-1.0,0.0,0.0,0.0,0.0,1.0,0.0,0.02176202176202176,0.011111111111111112,-0.21592039800995025,0.5,0.0,0.0,-0.19440353460972018,0.7101648351648352,0.06334492081884897,1.0,-1.0,0.0,0.0,0.0,0.0,1.0,0.0,-1.0,1.0,-1.0256410256410255,0.5,-1.0,-0.9937888198757764,0.0,0.0,-2.0,0.0,-0.36764705882352944,0.0,0.0,0.0,0.0,0.0,-0.6719824890556594,0.3333333333333333,-0.0915032679738562,0.0
0.0,-0.3,-0.5379199604743083,0.0,-0.5,1.3333333333333333,0.5,0.6521739130434783,0.24324324324324326,0.0,0.0,-1.5,-1.4,3.0441400304414,-1.0,0.0,2.0,0.5,1.0,-0.5384345384345385,-0.8162393162393162,-1.973134328358209,0.0,0.0,0.0,-1.1624938635247914,1.960164835164835,0.7076091154886056,0.0,1.0,0.0,1.0,0.0,-1.0,0.5,0.0,0.0,0.5,0.5897435897435898,0.0,0.0,0.7950310559006211,0.0,0.0,0.0,0.0,-0.36764705882352944,177.0,0.0,0.0,0.0,0.0,0.8417761100687923,0.3333333333333333,-0.5600804424333836,3.6428469508835812
1.0,-2.45,-1.9265069169960474,0.0,-1.0,1.0,0.0,-0.021739130434782608,0.35135135135135137,0.0,0.0,-1.5,-1.4,3.105022831050228,0.0,0.0,0.0,1.0,0.0,-0.31098631098631097,-0.2675213675213675,-1.0119402985074626,0.5,0.0,0.0,-1.1860579283259696,0.6923076923076923,-0.7369640787949016,0.0,-1.0,1.0,-1.0,0.0,-1.0,-0.5,0.0,-1.0,1.0,-0.20512820512820512,0.5,-1.0,-0.8944099378881988,0.0,0.0,0.0,1.4880952380952381,-0.36764705882352944,0.0,0.0,0.0,0.0,0.0,-0.5095684803001872,-0.6666666666666666,-1.0145801910507792,2.6627045584691476
0.0,0.5,2.30274209486166,-1.0,0.2,1.0,0.0,0.06521739130434782,-0.4864864864864865,0.0,0.0,-1.5,-1.4,0.730593607305936,0.0,0.0,1.0,0.0,-1.0,0.4612144612144612,-0.6726495726495727,-0.3890547263681592,1.0,0.0,0.0,-0.5832106038291606,1.0769230769230769,0.16994978756276555,1.0,0.0,1.0,0.0,0.0,0.0,0.0,0.0,0.0,0.0,-0.10256410256410256,-1.0,0.0,0.35610766045548653,0.0,0.0,0.0,1.8214285714285714,1.2647058823529411,0.0,0.0,0.0,0.0,0.0,0.6274755055242853,0.3333333333333333,-0.10960281548516843,0.791184625602828
1.0,-0.55,0.29928359683794464,0.0,-0.3,1.0,-0.5,-1.1521739130434783,0.08108108108108109,2.0,0.0,0.0,0.0,0.0,0.0,-2.0,0.0,1.0,0.0,0.10179010179010178,-0.44700854700854703,-0.6358208955223881,0.5,0.0,-4.0,-0.8149239077074129,0.9230769230769231,-0.1853997682502897,0.0,-1.0,0.0,0.0,0.0,0.0,0.0,0.0,-1.0,1.0,-0.41025641025641024,0.5,-1.0,-0.049689440993788817,0.0,-4.0,0.0,0.0,1.5147058823529411,218.0,0.0,0.0,0.0,0.0,-0.043777360850531556,-0.6666666666666666,-0.46556058320764204,0.0
0.0,0.15,0.005311264822134387,-1.0,0.0,0.0,0.0,-0.21739130434782608,-0.8378378378378378,0.0,0.0,-0.75,-0.6,1.5038051750380517,0.0,0.0,0.0,0.0,0.0,0.3166023166023166,0.5256410256410257,0.8009950248756219,0.5,0.0,0.0,0.602847324496809,0.0,-0.10814986481266899,1.0,-1.0,1.0,0.0,0.0,0.0,0.0,0.0,1.0,0.0,-0.4358974358974359,0.0,0.0,0.14078674948240166,0.0,0.0,0.0,0.0,0.75,0.0,185.0,0.0,0.0,0.0,0.10214717531790714,0.0,0.31070889894419307,1.532577938159908
0.0,1.55,-0.08115118577075099,-1.0,0.0,1.6666666666666667,0.0,-0.2391304347826087,-0.8648648648648649,0.0,4.0,-0.75,-0.6,1.856925418569254,0.0,0.0,0.0,0.0,-2.0,-0.01755001755001755,0.4282051282051282,0.21393034825870647,0.5,0.0,0.0,0.6755031909671085,0.0,-0.05098493626882966,0.0,-1.0,0.0,0.0,0.0,0.0,0.0,0.0,0.0,0.25,-0.46153846153846156,0.0,-1.0,-0.7619047619047619,0.0,0.0,0.0,0.38095238095238093,1.25,0.0,0.0,0.0,0.0,0.0,0.21013133208255147,-0.3333333333333333,0.05128205128205128,1.9174051325914987
0.0,0.4,-0.414649209486166,0.0,0.0,0.0,-0.5,-0.41304347826086957,-1.0810810810810811,0.0,0.0,-1.5,-1.4,1.21765601217656,0.0,0.0,1.0,1.0,0.0,0.21972621972621972,0.4282051282051282,0.5502487562189055,0.5,0.0,0.0,0.3554246440844379,0.0,-0.30281962147547314,0.0,-1.0,0.0,-1.0,0.0,0.0,0.5,0.0,0.0,0.0,-0.6666666666666666,-1.0,-1.0,-0.9772256728778468,0.0,0.0,0.0,0.0,1.0735294117647058,0.0,0.0,0.0,0.0,0.0,-0.7942464040025011,-0.3333333333333333,0.05731523378582202,1.183542483910348
0.0,0.15,0.08683300395256917,-1.0,0.0,0.0,-0.5,-0.30434782608695654,0.32432432432432434,0.0,0.0,0.25,0.2,0.0,0.0,-2.0,0.0,1.0,0.0,-0.43734643734643736,0.43675213675213675,0.14228855721393036,0.0,0.0,0.0,0.39273441335297005,0.0,-0.2734646581691773,1.0,-1.0,0.0,0.0,0.0,-1.0,0.5,0.0,0.0,1.0,0.4358974358974359,-1.0,0.0,0.39751552795031053,0.0,0.0,0.0,2.1666666666666665,-0.11764705882352941,0.0,182.0,0.0,0.0,0.0,-0.7467166979362097,0.0,-0.1297134238310709,0.0
0.0,-0.25,-0.335350790513834,-1.0,-0.4,1.0,0.0,0.5869565217391305,0.16216216216216217,0.0,0.0,0.0,0.0,0.0,0.0,0.0,1.0,0.0,0.0,-0.5384345384345385,0.8128205128205128,-0.07661691542288557,0.0,0.0,0.0,-0.26313205694648995,0.9766483516483516,0.3089996137504828,0.0,0.0,1.0,0.0,0.0,0.0,0.5,0.0,0.0,0.0,0.5128205128205128,0.0,0.0,-0.08281573498964803,0.0,0.0,0.0,0.5952380952380952,0.22058823529411764,0.0,0.0,0.0,0.0,0.0,0.19637273295809884,0.3333333333333333,0.138763197586727,0.0
0.0,0.5,1.8877223320158103,0.0,-0.8,-0.6666666666666666,-1.0,-0.30434782608695654,-0.9459459459459459,0.0,0.0,0.5,-0.6,0.0,0.0,0.0,0.0,0.5,1.0,-0.5384345384345385,-0.8162393162393162,-1.973134328358209,1.0,0.0,0.0,0.06480117820324006,0.6428571428571429,0.19157976052529935,0.0,0.0,0.0,1.0,0.0,0.0,0.5,-3.0,0.0,1.0,0.28205128205128205,-1.0,0.0,0.8281573498964804,0.0,0.0,-2.0,0.0,0.5,0.0,0.0,0.0,0.0,0.0,0.006253908692933151,0.0,-0.8959276018099548,0.0
0.0,-1.0,-0.5690464426877471,0.0,0.8,0.0,0.0,0.2391304347826087,-0.2702702702702703,0.0,0.0,-0.75,-0.6,0.0,0.0,0.0,0.0,0.0,0.0,0.33625833625833623,-0.8162393162393162,-0.4925373134328358,1.0,0.0,0.0,-0.6578301423662248,0.0,-1.100038624951719,1.0,-1.0,0.0,-1.0,0.0,0.0,-1.0,0.0,-1.0,0.0,0.10256410256410256,0.5,-1.0,-0.8944099378881988,0.0,0.0,0.0,2.1011904761904763,-0.36764705882352944,0.0,90.0,0.0,-2.0,0.0,-0.674171357098186,-1.0,-0.9884364002011061,0.0
0.0,0.45,0.285449604743083,0.0,0.0,0.0,-0.5,-0.43478260869565216,-1.1081081081081081,0.0,0.0,-1.0,-1.0,0.0,0.0,0.0,1.0,1.0,0.0,0.06247806247806248,-0.8162393162393162,-0.7631840796019901,1.0,0.0,0.0,0.45557191948944525,0.0,-0.22402471996910003,1.0,-1.0,0.0,0.0,0.0,0.0,-0.5,-3.0,-1.0,0.0,-0.6923076923076923,0.5,-1.0,-0.8695652173913043,0.0,0.0,0.0,0.39285714285714285,-0.36764705882352944,0.0,0.0,0.0,-3.0,0.0,0.6531582238899311,-0.6666666666666666,-0.555052790346908,0.0
0.0,-0.25,-0.3158349802371542,0.0,-0.7,1.0,0.5,0.6521739130434783,0.2702702702702703,0.0,0.0,0.0,0.0,0.0,-1.0,0.0,1.0,0.0,0.0,-0.5384345384345385,0.6316239316239316,-0.28756218905472636,0.0,0.0,0.0,-0.47128129602356406,1.48489010989011,0.7168791039011201,0.0,0.0,1.0,1.0,0.0,-1.0,1.0,0.0,0.0,0.5,0.5897435897435898,-1.0,0.0,-0.19047619047619047,0.0,0.0,0.0,0.5952380952380952,0.3382352941176471,0.0,0.0,0.0,0.0,0.0,0.25390869293308305,0.6666666666666666,0.29763700351935646,0.0
0.0,-0.225,0.1337697628458498,-1.0,-0.5,0.0,-2.5,-1.108695652173913,-1.1891891891891893,0.0,0.0,0.25,0.2,0.0,-2.0,-3.0,-1.0,-0.5,-2.0,-0.04703404703404703,-0.24700854700854702,-0.6139303482587065,0.5,-1.0,-4.0,-0.3593519882179676,0.0,-0.8651989185013519,1.0,-2.0,1.0,-2.0,0.0,-2.0,-1.0,-6.0,-1.0,1.25,0.0,-0.5,-2.0,-1.9875776397515528,-2.0,-2.0,0.0,0.0,-0.36764705882352944,0.0,0.0,0.0,0.0,0.0,-0.008755472170106311,-1.0,-0.8969331322272499,0.0
0.0,-0.65,-0.15625,-1.0,-0.7,1.3333333333333333,-0.5,0.5,0.05405405405405406,0.0,0.0,0.0,0.0,0.0,-1.0,0.0,1.0,0.0,-3.0,-0.12004212004212005,0.16153846153846155,-0.2417910447761194,0.0,0.0,0.0,-0.3397152675503191,0.0,-0.8497489378138278,0.0,-1.0,0.0,-1.0,0.0,0.0,-0.5,0.0,-1.0,1.0,0.46153846153846156,0.5,0.0,0.39751552795031053,0.0,0.0,0.0,0.0,-0.36764705882352944,0.0,0.0,0.0,0.0,0.0,-0.7652282676672915,-1.0,-0.6988436400201106,0.0
-2.0,1.6,0.4111907114624506,-1.0,0.9,1.0,1.0,0.6739130434782609,0.2972972972972973,0.0,0.0,-1.75,-1.6,0.0,-1.0,0.0,1.0,0.0,0.0,-0.5384345384345385,1.8846153846153846,1.1711442786069652,0.0,0.0,0.0,0.9680903289150712,1.217032967032967,1.548088064889919,0.0,1.0,0.0,1.0,0.0,-1.0,1.0,0.0,0.0,0.0,0.6153846153846154,0.0,0.0,0.5383022774327122,0.0,0.0,0.0,0.9464285714285714,2.7794117647058822,0.0,0.0,0.0,0.0,0.0,1.431519699812382,0.6666666666666666,1.575666163901458,0.0
0.0,0.9,0.4731966403162055,0.0,1.0,0.0,1.5,0.8043478260869565,0.43243243243243246,2.0,0.0,0.0,0.0,2.13089802130898,-1.0,0.0,1.0,-1.0,-3.0,1.4903474903474903,-0.11367521367521367,1.7203980099502487,0.0,0.0,0.0,1.5100638193421698,0.0,0.6056392429509463,1.0,-1.0,1.0,-2.0,0.0,-3.0,1.0,0.0,0.0,0.0,0.7692307692307693,-1.0,1.0,1.4658385093167703,0.0,0.0,0.0,0.6726190476190477,-0.36764705882352944,0.0,0.0,0.0,0.0,1.0,0.09631019387116943,0.6666666666666666,1.239819004524887,2.50582801111255
0.0,-0.5,-0.33485671936758893,-1.0,-0.4,1.0,0.0,0.5869565217391305,0.16216216216216217,0.0,0.0,0.0,0.0,0.0974124809741248,0.0,0.0,1.0,0.0,0.0,-0.5384345384345385,0.8623931623931624,-0.01890547263681592,0.0,0.0,0.0,-0.15709376534118802,1.0892857142857142,0.5191193511008111,0.0,0.0,1.0,0.0,0.0,0.0,0.5,0.0,0.0,0.0,0.5128205128205128,-1.0,0.0,-0.07039337474120083,0.0,0.0,0.0,0.5952380952380952,0.5588235294117647,0.0,0.0,0.0,0.0,0.0,0.5365853658536587,0.3333333333333333,0.3046757164404223,0.11281074428542705
0.0,-1.0,-1.106348814229249,0.0,0.6,-0.6666666666666666,-0.5,-1.065217391304348,-1.1891891891891893,0.0,0.0,-2.25,0.2,0.0,0.0,0.0,-1.0,1.0,0.0,-0.23236223236223236,0.564957264957265,0.06865671641791045,1.0,0.0,0.0,-0.11978399607265587,0.9134615384615384,0.350714561606798,0.0,0.0,0.0,0.0,0.0,-1.0,0.0,0.0,0.0,1.0,-1.435897435897436,0.5,-1.0,-0.7122153209109731,0.0,0.0,0.0,0.0,-0.36764705882352944,242.0,0.0,0.0,0.0,0.0,0.9689389201584314,-0.3333333333333333,0.23931623931623933,0.0
-2.0,-0.5,-0.5628705533596838,0.0,0.9,0.0,0.5,0.717391304347826,0.32432432432432434,0.0,0.0,0.0,0.0,0.0,-1.0,0.0,1.0,0.0,0.0,-0.5384345384345385,1.394017094017094,0.6,0.0,0.0,0.0,0.42022582228767796,0.0,-0.2518346852066435,1.0,0.0,0.0,-1.0,0.0,-1.0,-0.5,0.0,0.0,0.0,0.6666666666666666,0.0,0.0,0.38095238095238093,0.0,0.0,0.0,1.2857142857142858,1.411764705882353,0.0,0.0,0.0,0.0,1.0,0.5901188242651652,-0.3333333333333333,0.11563599798893917,0.0
0.0,0.45,-0.05768280632411067,-1.0,-0.7,1.0,0.5,0.717391304347826,0.32432432432432434,0.0,0.0,0.0,0.0,0.0,-1.0,0.0,1.0,0.0,-3.0,-0.5384345384345385,0.7888888888888889,-0.1044776119402985,0.0,0.0,0.0,-0.29062346588119786,1.1785714285714286,0.5144843568945539,0.0,0.0,1.0,0.0,0.0,-1.0,1.0,0.0,-1.0,0.0,0.6666666666666666,0.0,0.0,0.6583850931677019,0.0,0.0,0.0,0.8571428571428571,0.4117647058823529,0.0,0.0,0.0,0.0,0.0,-0.03283302063789867,0.6666666666666666,0.2584213172448467,0.0
-1.0,-0.5,-0.11820652173913043,0.0,0.8,-0.3333333333333333,0.0,-0.9782608695652174,-1.1891891891891893,0.0,0.0,0.25,0.2,0.0,0.0,0.0,-1.0,-0.5,0.0,-0.5384345384345385,0.523931623931624,-0.4129353233830846,1.0,-1.0,-4.0,-0.5949926362297496,0.0,-1.0505986867516415,0.0,-1.0,0.0,-1.0,0.0,0.0,-0.5,0.0,-1.0,1.0,-0.7692307692307693,0.5,0.0,-0.4968944099378882,-4.0,-4.0,-2.0,0.0,-0.36764705882352944,91.0,0.0,0.0,0.0,0.0,-1.2205128205128197,-1.0,-0.9160382101558572,0.0
0.0,0.5,10.777791501976285,-0.6666666666666666,-0.8,1.0,0.0,0.41304347826086957,-0.05405405405405406,0.0,0.0,-1.5,-1.4,0.0,-1.0,0.0,1.0,0.0,-3.0,0.8445068445068445,0.20085470085470086,1.1711442786069652,0.0,0.0,0.0,-0.015709376534118802,1.2005494505494505,0.7555040556199305,1.0,0.0,1.0,0.0,0.0,-1.0,1.5,0.0,1.0,0.0,0.3076923076923077,-1.0,0.0,0.08695652173913043,0.0,0.0,0.0,1.2857142857142858,3.0294117647058822,0.0,0.0,0.0,0.0,0.0,-0.16635397123201992,1.3333333333333333,1.0598290598290598,0.0
0.0,-1.35,-1.5554594861660078,0.0,-1.2,0.0,1.0,0.6739130434782609,0.2972972972972973,0.0,0.0,0.0,0.0,0.0974124809741248,-1.0,0.0,1.0,0.0,0.0,-0.5047385047385048,1.2897435897435898,0.5263681592039801,0.0,0.0,0.0,0.35738831615120276,0.0,-0.30127462340672073,0.0,0.0,0.0,-1.0,0.0,-1.0,0.0,0.0,0.0,0.0,0.6153846153846154,-1.0,0.0,-0.2070393374741201,0.0,0.0,0.0,0.8690476190476191,-0.07352941176470588,0.0,144.0,0.0,0.0,0.0,-0.26266416510318935,-0.3333333333333333,0.04625439919557567,0.09472072707962903
0.0,-0.6,-0.2639575098814229,0.0,-0.5,-0.6666666666666666,-0.5,-1.3695652173913044,0.05405405405405406,1.0,0.0,0.25,0.0,0.0,0.0,-3.0,1.0,1.0,0.0,-0.5384345384345385,0.30854700854700856,-0.663681592039801,1.0,0.0,0.0,-0.8424153166421208,0.7225274725274725,-0.43259945925067594,0.0,-1.0,0.0,2.0,0.0,0.0,1.0,0.0,-1.0,1.25,0.0,-0.5,-2.0,-1.9875776397515528,-2.0,-2.0,-2.0,0.0,1.8529411764705883,0.0,0.0,0.0,0.0,-3.0,-1.374609130706691,0.0,-0.6405228758169934,0.0
0.0,0.1,-0.5628705533596838,0.0,-0.5,1.6666666666666667,0.0,0.06521739130434782,-0.4864864864864865,2.0,0.0,-1.0,-1.0,1.552511415525114,0.0,0.0,0.0,1.0,-3.0,0.3474903474903475,-0.11538461538461539,0.09850746268656717,0.0,0.0,0.0,0.07461953853706431,0.0,-0.5237543453070683,1.0,-1.0,0.0,0.0,0.0,0.0,0.0,0.0,0.0,1.0,-0.07692307692307693,0.5,-1.0,-0.5300207039337475,0.0,0.0,0.0,1.7619047619047619,-0.36764705882352944,0.0,0.0,0.0,-3.0,-4.0,-0.6829268292682923,-0.3333333333333333,-0.31473102061337355,1.4213815406655823
0.0,1.15,-0.023838932806324112,-1.0,-0.7,0.0,0.5,0.5652173913043478,0.16216216216216217,0.0,0.0,0.0,0.0,0.76103500761035,-1.0,0.0,1.0,0.0,0.0,-0.5384345384345385,1.6931623931623931,0.9482587064676616,0.0,0.0,0.0,0.7697594501718213,0.0,0.023174971031286212,0.0,0.0,0.0,0.0,0.0,-1.0,0.0,0.0,-1.0,0.0,0.48717948717948717,0.0,0.0,0.40165631469979296,0.0,0.0,0.0,0.7142857142857143,0.0,0.0,0.0,0.0,0.0,0.0,0.35021888680425245,-0.3333333333333333,0.47058823529411764,0.7988924730177749
0.0,1.3,0.7399950592885376,0.0,0.4,1.0,2.0,0.7391304347826086,0.3783783783783784,0.0,0.0,0.0,0.0,1.6560121765601217,-3.0,0.0,1.0,-1.0,-3.0,1.2586872586872586,-0.12905982905982907,1.3741293532338308,0.0,0.0,0.0,1.286205203730977,0.8104395604395604,1.3410583236770954,1.0,0.0,1.0,0.0,0.0,-3.0,1.5,0.0,0.0,0.5,0.717948717948718,-1.0,1.0,1.515527950310559,0.0,0.0,0.0,1.1666666666666667,1.6029411764705883,0.0,0.0,0.0,0.0,1.0,0.5710513515391556,1.3333333333333333,1.5434891905480141,2.1828676587297595
0.0,-1.0,-0.2651926877470356,0.0,-0.5,-0.6666666666666666,-0.5,-1.5869565217391304,-1.1891891891891893,0.0,0.0,-1.0,-1.0,0.0,0.0,0.0,-1.0,1.0,0.0,-0.20007020007020007,-0.4247863247863248,-0.25970149253731345,0.0,0.0,0.0,-0.24742268041237114,0.5576923076923077,-0.14986481266898416,1.0,-1.0,0.0,1.0,0.0,0.0,0.5,0.0,-1.0,1.0,-0.05128205128205128,0.5,-1.0,-0.39751552795031053,0.0,0.0,0.0,0.0,1.5441176470588236,112.0,0.0,0.0,-2.0,0.0,-0.5465916197623513,0.0,-0.2523881347410759,0.0
0.0,0.05,0.6745306324110671,-1.0,-0.1,1.0,0.0,0.6086956521739131,0.21621621621621623,0.0,0.0,0.0,0.0,0.0,0.0,0.0,1.0,-1.0,0.0,0.4303264303264303,-0.6213675213675214,-0.373134328358209,0.0,0.0,0.0,-0.5557191948944527,1.5892857142857142,0.7678640401699498,1.0,0.0,1.0,0.0,0.0,-1.0,0.5,0.0,0.0,0.5,0.5384615384615384,-1.0,0.0,0.33126293995859213,0.0,0.0,0.0,0.7440476190476191,2.4558823529411766,0.0,0.0,0.0,0.0,0.0,0.939337085678549,0.6666666666666666,0.2875816993464052,0.0
0.0,0.15,-0.28149703557312256,-1.0,0.0,0.0,-0.5,-0.30434782608695654,-0.9459459459459459,0.0,0.0,-1.0,-1.0,0.0,0.0,0.0,2.0,0.5,1.0,-0.5384345384345385,-0.8162393162393162,-1.973134328358209,1.0,0.0,0.0,-0.4025527736867943,0.0,-0.899188876013905,0.0,-1.0,0.0,0.0,0.0,0.0,-0.5,0.0,-1.0,0.0,-0.5384615384615384,0.0,-1.0,-0.7701863354037267,0.0,0.0,0.0,0.0,-0.36764705882352944,0.0,0.0,0.0,-2.0,0.0,-0.8772983114446523,-1.0,-1.6058320764203118,0.0
0.0,-0.9,-0.5020998023715415,0.0,-0.9,0.0,-1.0,-0.6956521739130435,-1.1891891891891893,0.0,0.0,0.5,0.4,0.0,0.0,0.0,0.0,1.0,0.0,-0.16497016497016498,0.07606837606837606,-0.40497512437810945,1.0,0.0,-4.0,-0.5871379479626903,0.0,-1.0444186944766318,0.0,-1.0,0.0,-1.0,0.0,0.0,-1.0,0.0,1.0,1.25,0.0,-0.5,-2.0,-1.9875776397515528,-2.0,-2.0,0.0,0.0,-0.36764705882352944,0.0,0.0,0.0,-3.0,-4.0,-0.5165728580362724,-1.3333333333333333,-0.9079939668174962,0.0
0.0,-0.5,0.16193181818181818,0.0,0.5,-0.6666666666666666,-0.5,-0.717391304347826,-1.1891891891891893,0.0,0.0,-1.0,-1.0,0.0,0.0,0.0,0.0,1.0,0.0,-0.5384345384345385,0.44017094017094016,-0.5104477611940299,0.5,0.0,-4.0,-0.6912125675012273,0.4107142857142857,-0.6643491695635381,0.0,-1.0,0.0,-1.0,0.0,0.0,-0.5,0.0,-1.0,1.0,-1.0256410256410255,0.5,-1.0,-0.9937888198757764,0.0,0.0,0.0,0.0,0.20588235294117646,0.0,0.0,0.0,0.0,0.0,-0.34496560350218847,-1.0,-0.7139265962795375,0.0
0.0,-0.1,0.022850790513833992,0.0,-0.5,0.0,-0.5,-0.3695652173913043,-1.027027027027027,0.0,0.0,0.25,0.2,0.0,0.0,0.0,0.0,1.0,-3.0,0.4991224991224991,-0.12393162393162394,0.3034825870646766,1.0,0.0,0.0,0.11192930780559647,0.0,-0.4943993820007725,1.0,-1.0,0.0,0.0,0.0,0.0,0.0,0.0,-1.0,0.0,-0.6153846153846154,0.5,-1.0,0.4803312629399586,0.0,0.0,0.0,0.2619047619047619,-0.36764705882352944,0.0,0.0,0.0,0.0,0.0,-0.6274755055242858,-0.3333333333333333,-0.19205630970336854,0.0
0.0,-0.5,-0.5628705533596838,0.0,-0.7,0.0,-0.5,-0.021739130434782608,-0.5945945945945946,2.0,0.0,-1.0,-1.0,0.0,0.0,0.0,0.0,1.0,-3.0,0.5524745524745525,-0.6162393162393163,-0.19402985074626866,1.0,0.0,0.0,-0.3789887088856161,0.0,-0.880648899188876,0.0,-1.0,0.0,-1.0,0.0,0.0,0.0,0.0,-1.0,1.0,0.1282051282051282,0.0,0.0,0.4968944099378882,0.0,0.0,0.0,1.2797619047619047,-0.36764705882352944,0.0,0.0,0.0,0.0,0.0,-1.3570981863664784,-0.6666666666666666,-0.6948215183509301,0.0
0.0,-0.05,-0.4665266798418972,0.0,0.0,1.0,-0.5,-0.2391304347826087,-0.8648648648648649,0.0,0.0,0.0,0.0,1.7534246575342465,0.0,0.0,0.0,1.0,0.0,0.21972621972621972,-0.2623931623931624,-0.2537313432835821,1.0,0.0,0.0,-0.41433480608738343,1.2857142857142858,0.5376593279258401,0.0,0.0,0.0,1.0,0.0,0.0,1.0,0.0,0.0,0.0,-0.46153846153846156,0.0,-1.0,-0.8944099378881988,0.0,0.0,0.0,0.0,2.1029411764705883,0.0,0.0,0.0,0.0,0.0,0.0,0.3333333333333333,0.19808949220713926,2.0373507981680112
1.0,-0.5,-0.12635869565217392,0.0,-0.3,0.0,-0.5,-1.1521739130434783,-1.1891891891891893,0.0,0.0,-1.0,-1.0,0.0,0.0,-3.0,-1.0,-0.5,0.0,-0.5384345384345385,0.8264957264957264,-0.06069651741293532,0.5,0.0,-1.0,-0.019636720667648502,0.0,-0.5979142526071842,0.0,-1.0,0.0,-1.0,0.0,0.0,0.0,-5.0,-1.0,1.0,-1.5384615384615385,0.5,-1.0,-0.587991718426501,-1.0,-1.0,-2.0,0.0,-0.36764705882352944,0.0,0.0,0.0,0.0,-4.0,-0.8230143839899933,-0.6666666666666666,-0.4434389140271493,0.0
-2.0,-0.25,-0.33436264822134387,0.0,0.9,1.0,0.5,0.717391304347826,0.35135135135135137,0.0,0.0,-1.75,-1.6,0.60882800608828,-1.0,0.0,1.0,0.0,0.0,0.6016146016146016,-0.33760683760683763,0.2,0.0,0.0,0.0,0.049091801669121256,0.6016483516483516,0.1328698339127076,1.0,0.0,0.0,-1.0,0.0,-1.0,0.5,0.0,-1.0,0.0,0.6923076923076923,-1.0,0.0,-0.17391304347826086,0.0,0.0,0.0,0.0,2.1029411764705883,0.0,0.0,0.0,0.0,0.0,-0.08880550343964995,0.3333333333333333,0.16390145801910508,0.6542746268507617
0.0,-1.6,1.354866600790514,-0.6666666666666666,1.2,0.0,1.0,0.5,0.05405405405405406,0.0,0.0,-2.25,-2.0,0.0,-1.0,0.0,1.0,0.0,0.0,0.5651105651105651,-0.005982905982905983,0.5343283582089552,0.0,0.0,0.0,0.3946980854197349,0.0,-0.2719196601004249,1.0,-1.0,1.0,-2.0,0.0,-3.0,-1.0,0.0,1.0,0.0,0.41025641025641024,-1.0,0.0,0.08281573498964803,0.0,0.0,0.0,0.7142857142857143,0.07352941176470588,0.0,224.0,0.0,0.0,0.0,1.6722951844903056,-0.6666666666666666,0.0693815987933635,0.0
0.0,-0.25,-0.17576581027667984,-1.0,-0.7,0.0,0.5,0.6956521739130435,0.2972972972972973,0.0,0.0,0.0,0.0,0.0,-1.0,0.0,1.0,0.0,-3.0,-0.5047385047385048,1.382051282051282,0.6338308457711442,0.0,0.0,0.0,0.4378988708885616,0.0,-0.23792970258787177,0.0,0.0,0.0,0.0,0.0,-1.0,0.0,0.0,0.0,0.0,0.6410256410256411,-1.0,0.0,-0.33126293995859213,0.0,0.0,0.0,0.0,-0.36764705882352944,0.0,0.0,0.0,0.0,1.0,-0.1430060454450696,-0.3333333333333333,0.14177978883861236,0.0
0.0,-0.5,0.17823616600790515,0.0,0.7,0.0,-0.5,-0.717391304347826,0.08108108108108109,0.0,0.0,0.25,0.2,0.0,0.0,0.0,1.0,1.0,0.0,-0.5384345384345385,0.33247863247863246,-0.6358208955223881,0.0,0.0,0.0,-0.8149239077074129,0.0,-1.2236384704519119,0.0,-1.0,0.0,-1.0,0.0,0.0,-1.0,0.0,-1.0,1.0,-1.0256410256410255,0.5,-1.0,-0.9937888198757764,0.0,0.0,-2.0,1.0,-0.36764705882352944,0.0,0.0,0.0,-4.0,0.0,-1.0243902439024384,-1.3333333333333333,-1.1412770236299647,0.0
0.0,1.15,0.6451333992094862,0.0,0.3,1.0,1.0,0.5434782608695652,0.10810810810810811,2.0,0.0,0.0,0.0,3.95738203957382,-1.0,0.0,1.0,0.0,0.0,-0.5384345384345385,1.1341880341880342,0.2975124378109453,0.5,0.0,0.0,0.15316642120765833,1.5082417582417582,1.2344534569331789,0.0,0.0,1.0,1.0,0.0,-1.0,2.0,0.0,0.0,0.5,0.46153846153846156,-1.0,0.0,-0.2484472049689441,0.0,0.0,0.0,0.8571428571428571,1.4411764705882353,0.0,0.0,0.0,0.0,-4.0,-0.0035021888680423253,1.3333333333333333,0.930115635997989,5.138659757136222
0.0,-0.25,0.21875,-1.0,-0.4,1.0,0.0,0.4782608695652174,0.05405405405405406,0.0,0.0,-1.0,-1.0,0.0,0.0,0.0,1.0,0.0,0.0,-0.5384345384345385,0.5615384615384615,-0.3691542288557214,0.5,0.0,0.0,-0.551791850760923,1.0521978021978022,0.16685979142526072,0.0,0.0,1.0,0.0,0.0,0.0,0.5,0.0,0.0,0.5,0.38461538461538464,-1.0,0.0,-0.44306418219461696,0.0,0.0,0.0,0.0,0.22058823529411764,0.0,0.0,0.0,0.0,0.0,-0.033771106941838415,0.3333333333333333,-0.10155857214680744,0.0
0.0,0.05,0.12660573122529645,-1.0,0.7,0.0,-1.0,0.06521739130434782,-0.02702702702702703,0.0,0.0,-0.75,-0.6,0.0,0.0,0.0,0.0,1.0,0.0,1.0284310284310285,-0.5341880341880342,0.5761194029850746,0.0,0.0,0.0,1.0466372115856653,0.0,0.2410196987253766,1.0,0.0,0.0,0.0,0.0,0.0,1.0,-4.0,0.0,0.0,0.3333333333333333,0.5,0.0,0.041407867494824016,0.0,0.0,0.0,0.7142857142857143,0.7794117647058824,0.0,0.0,0.0,-3.0,0.0,-0.42026266416510294,0.6666666666666666,0.42433383609854197,0.0
0.0,-0.95,0.24740612648221344,0.0,0.6,-0.6666666666666666,0.0,-0.8043478260869565,-1.1891891891891893,0.0,0.0,-1.0,-1.0,0.0,0.0,0.0,-1.0,1.0,0.0,-0.5384345384345385,1.0025641025641026,0.14427860696517414,0.0,0.0,-4.0,0.15513009327442318,0.0,0.2703746620316725,0.0,-1.0,0.0,0.0,0.0,0.0,0.0,-5.0,-1.0,1.0,-1.1282051282051282,0.5,-1.0,-0.9937888198757764,0.0,0.0,0.0,0.0,-0.36764705882352944,0.0,0.0,0.0,0.0,0.0,0.8171774025432561,-0.6666666666666666,0.2252388134741076,0.0
0.0,-0.35,1.5062994071146245,0.0,-0.6,1.0,0.0,-1.2608695652173914,-0.4864864864864865,0.0,0.0,0.25,-0.6,0.0,0.0,0.0,-1.0,0.0,0.0,-0.5384345384345385,0.6196581196581197,-0.30149253731343284,0.0,0.0,0.0,-0.485027000490918,1.1538461538461537,0.33371958285052145,0.0,0.0,0.0,1.0,0.0,0.0,1.0,0.0,-1.0,0.0,-0.5128205128205128,0.5,-1.0,-0.7122153209109731,0.0,0.0,0.0,0.0,-0.36764705882352944,160.0,0.0,0.0,0.0,0.0,-0.28893058161350826,0.3333333333333333,0.04122674710910005,0.0
0.0,1.95,1.1550148221343874,0.0,0.4,1.0,0.5,0.717391304347826,0.32432432432432434,0.0,0.0,0.0,0.0,2.13089802130898,-1.0,0.0,1.0,-1.0,0.0,-0.5384345384345385,1.0008547008547009,0.14228855721393036,0.0,0.0,0.0,-0.031418753068237604,1.5123626373626373,1.0938586326767092,0.0,0.0,1.0,0.0,0.0,-1.0,1.5,0.0,0.0,0.0,0.6666666666666666,0.0,1.0,1.9337474120082816,0.0,0.0,0.0,1.1428571428571428,0.5441176470588235,0.0,0.0,0.0,0.0,1.0,0.2597456743798207,1.0,0.7601809954751131,2.7107669632797826
-2.0,0.75,0.3264575098814229,0.0,0.9,1.0,1.0,0.7391304347826086,0.3783783783783784,0.0,0.0,0.0,0.0,0.60882800608828,-1.0,0.0,1.0,-1.0,0.0,0.5693225693225693,-0.3974358974358974,0.0845771144278607,0.0,0.0,0.0,-0.07265586647029947,1.4120879120879122,0.9486288142139823,1.0,0.0,1.0,0.0,0.0,-3.0,1.0,0.0,0.0,0.0,0.717948717948718,-1.0,1.0,1.474120082815735,0.0,0.0,0.0,0.0,1.1323529411764706,0.0,0.0,0.0,0.0,1.0,0.5822388993120697,1.0,0.6365007541478129,0.7575599399659929
0.0,-0.1,0.022850790513833992,0.0,-0.5,0.0,-0.5,-0.32608695652173914,-0.972972972972973,0.0,0.0,-2.5,-2.2,0.0,0.0,-3.0,0.0,1.0,0.0,-0.5384345384345385,1.364957264957265,0.5661691542288557,1.0,0.0,-4.0,0.3711340206185567,0.0,-0.29045963692545385,0.0,-1.0,0.0,0.0,0.0,0.0,-0.5,-2.0,-1.0,0.0,-0.5641025641025641,0.5,-1.0,-0.5383022774327122,0.0,0.0,0.0,0.0,-0.36764705882352944,0.0,0.0,0.0,0.0,-4.0,0.5025641025641021,-1.0,0.073403720462544,0.0
0.0,1.5,6.218255928853755,0.0,-0.4,0.0,-0.5,-0.391304347826087,-1.054054054054054,2.0,0.0,0.25,0.2,0.0,0.0,0.0,0.0,1.0,-1.0,0.9441909441909442,-0.8162393162393162,0.12835820895522387,1.0,-1.0,0.0,-0.06087383406971036,0.0,-0.6303592120509849,1.0,-1.0,0.0,0.0,0.0,0.0,-0.5,0.0,-1.0,0.0,-0.6410256410256411,-1.0,0.0,0.38095238095238093,0.0,0.0,0.0,1.5714285714285714,-0.36764705882352944,0.0,0.0,0.0,0.0,0.0,-0.26791744840525333,-0.6666666666666666,-0.3690296631473102,0.0
-2.0,0.175,-1.2538290513833992,-0.6666666666666666,0.9,0.0,0.5,0.782608695652174,0.40540540540540543,0.0,0.0,-1.0,-1.0,2.6301369863013697,-3.0,0.0,1.0,-1.0,-3.0,0.2730782730782731,0.7085470085470086,0.9522388059701492,0.0,0.0,0.0,0.7677957781050565,0.0,0.021629972962533797,1.0,0.0,1.0,-1.0,0.0,-1.0,0.5,0.0,0.0,0.0,0.7435897435897436,-1.0,0.0,0.016563146997929608,0.0,0.0,0.0,0.0,1.75,0.0,0.0,0.0,0.0,1.0,-0.2689180737961225,0.6666666666666666,0.47159376571141276,2.760038837310486
1.0,-0.7,-0.12808794466403162,0.0,0.5,0.0,-0.5,-1.0,-1.1891891891891893,0.0,0.0,0.5,0.4,0.0,0.0,0.0,0.0,1.0,0.0,-0.5384345384345385,0.9068376068376068,0.03283582089552239,0.5,0.0,-4.0,-0.11585665193912617,0.0,-0.6736191579760525,0.0,-1.0,0.0,-1.0,0.0,0.0,-0.5,0.0,0.0,1.0,-1.358974358974359,0.5,0.0,-0.4968944099378882,0.0,0.0,0.0,0.0,-0.36764705882352944,130.0,0.0,0.0,0.0,0.0,-0.3659787367104439,-1.0,-0.4454499748617396,0.0
0.0,-0.55,0.4321887351778656,-0.6666666666666666,0.8,1.0,0.5,0.43478260869565216,-0.02702702702702703,0.0,0.0,0.0,0.0,0.0,-1.0,0.0,1.0,0.0,0.0,-0.46823446823446824,0.03675213675213675,0.1761194029850746,0.0,0.0,0.0,-0.013745704467353952,1.396978021978022,0.9779837775202781,0.0,0.0,1.0,0.0,0.0,-1.0,1.5,0.0,0.0,0.0,0.3333333333333333,0.5,1.0,0.8198757763975155,0.0,0.0,0.0,1.1666666666666667,2.3823529411764706,0.0,0.0,0.0,0.0,0.0,0.11382113821138205,1.3333333333333333,0.7018602312719959,0.0
0.0,0.15,-0.14315711462450592,-1.0,-0.4,0.0,0.5,0.7391304347826086,0.35135135135135137,0.0,0.0,0.0,0.0,0.0,-1.0,0.0,1.0,0.0,-3.0,-0.5047385047385048,1.4333333333333333,0.6935323383084577,0.0,0.0,0.0,0.49680903289150713,0.0,-0.19157976052529935,0.0,0.0,0.0,0.0,0.0,-1.0,0.0,0.0,-1.0,0.0,0.6923076923076923,-1.0,0.0,-0.34782608695652173,0.0,0.0,0.0,0.5952380952380952,0.07352941176470588,0.0,0.0,0.0,0.0,1.0,-0.05545132374400647,-0.3333333333333333,0.20211161387631976,0.0
0.0,0.2,-0.4037796442687747,0.0,0.7,1.0,0.0,0.10869565217391304,-0.43243243243243246,2.0,0.0,-1.5,-1.4,1.2359208523592085,0.0,0.0,0.0,1.0,0.0,-0.244998244998245,-0.024786324786324785,-0.6358208955223881,1.0,0.0,0.0,-0.8149239077074129,1.0,-0.0988798764001545,0.0,-1.0,1.0,0.0,0.0,0.0,0.0,0.0,0.0,0.0,-0.05128205128205128,-1.0,0.0,-0.16563146997929606,0.0,0.0,0.0,0.0,-0.36764705882352944,0.0,0.0,0.0,0.0,0.0,0.11965811965811976,-0.3333333333333333,-0.4092508798391151,1.2622758842261292
0.0,0.8,3.1970108695652173,-1.0,-0.6,1.0,0.0,-1.1956521739130435,-1.1891891891891893,2.0,0.0,0.25,-0.2,0.0,0.0,0.0,-1.0,0.0,0.0,1.0452790452790452,-0.4025641025641026,0.7532338308457711,1.0,-1.0,-4.0,0.5557191948944527,1.7225274725274726,1.7921977597528003,1.0,0.0,1.0,1.0,0.0,0.0,2.0,0.0,0.0,1.0,-1.5897435897435896,0.5,1.0,1.5900621118012421,0.0,0.0,-2.0,0.0,-0.36764705882352944,0.0,0.0,0.0,0.0,0.0,0.6286429018136328,1.6666666666666667,1.5233785822021115,0.0
0.0,-0.5,-0.32571640316205536,0.0,-0.5,-0.6666666666666666,-0.5,-0.717391304347826,-1.1891891891891893,0.0,0.0,-1.0,-1.0,0.0,0.0,0.0,-1.0,1.0,0.0,-0.10038610038610038,-0.05726495726495726,-0.46865671641791046,0.25,-1.0,-3.0,-0.6499754540991655,0.5192307692307693,-0.5098493626882966,1.0,-1.0,1.0,0.0,0.0,0.0,0.5,0.0,-1.0,1.0,-1.0256410256410255,0.5,-1.0,-0.9937888198757764,0.0,0.0,-1.0,0.0,-0.36764705882352944,0.0,0.0,0.0,0.0,-3.0,-1.1294559099437143,0.3333333333333333,-0.5922574157868276,0.0
0.0,-0.25,-0.25407608695652173,0.0,0.0,0.0,-0.5,-0.10869565217391304,-0.7027027027027027,0.0,0.0,0.0,0.0,0.0,0.0,0.0,0.0,1.0,0.0,0.5496665496665497,-0.33589743589743587,0.12835820895522387,0.0,0.0,0.0,-0.06087383406971036,0.0,-0.6303592120509849,1.0,-1.0,0.0,0.0,0.0,0.0,0.0,0.0,0.0,0.0,-0.3076923076923077,0.5,-1.0,-0.7287784679089027,0.0,0.0,0.0,0.0,0.8823529411764706,184.0,0.0,0.0,0.0,0.0,-0.8843026891807375,-0.3333333333333333,-0.3690296631473102,0.0
1.0,0.4,-0.5974555335968379,0.0,-0.1,1.3333333333333333,0.5,0.5217391304347826,0.10810810810810811,0.0,0.0,0.0,0.0,1.21765601217656,0.0,-2.0,1.0,0.0,-2.0,1.2994032994032993,-0.7564102564102564,0.7014925373134329,0.0,0.0,0.0,0.5046637211585665,0.0,-0.1853997682502897,2.0,0.0,0.0,-1.0,1.0,0.0,1.0,0.0,-1.0,0.0,0.4358974358974359,-1.0,2.0,1.25879917184265,0.0,0.0,0.0,0.0,-0.36764705882352944,0.0,0.0,0.0,0.0,-2.0,-1.0243902439024384,1.0,0.21015585721468075,1.2184953028470817
0.0,0.5,1.7679100790513833,-1.0,0.2,0.0,0.0,0.08695652173913043,0.16216216216216217,0.0,0.0,-1.75,-1.6,0.7671232876712328,-1.0,0.0,0.0,0.0,0.0,1.210951210951211,-0.2076923076923077,1.2149253731343284,0.5,0.0,0.0,1.0112911143838978,0.0,0.21320973348783315,0.0,0.0,0.0,0.0,0.0,-1.0,1.0,0.0,0.0,0.0,-0.07692307692307693,-1.0,0.0,0.2028985507246377,0.0,0.0,0.0,1.4285714285714286,-0.36764705882352944,0.0,0.0,0.0,0.0,0.0,-0.45966228893058136,0.6666666666666666,0.7290095525389643,0.8381003660520601
0.0,1.5,3.0314970355731226,0.0,-0.1,0.0,-0.5,-0.41304347826086957,-1.0810810810810811,2.0,0.0,-1.5,-1.4,0.0,0.0,0.0,0.0,1.0,0.0,-0.5384345384345385,0.8726495726495727,-0.006965174129353234,0.0,0.0,-4.0,-0.19440353460972018,0.0,-0.7354190807261491,0.0,-1.0,0.0,-1.0,0.0,0.0,-1.0,0.0,-1.0,0.0,-0.6666666666666666,0.0,0.0,0.16563146997929606,0.0,0.0,-2.0,0.0,-0.36764705882352944,0.0,0.0,0.0,0.0,0.0,0.35897435897435875,-1.3333333333333333,-0.5057817998994469,0.0
0.0,0.5,-0.06879940711462451,0.0,0.3,1.0,1.0,0.5434782608695652,0.10810810810810811,0.0,0.0,0.0,0.0,2.8797564687975648,-1.0,0.0,1.0,0.0,0.0,0.8459108459108459,0.011111111111111112,0.9522388059701492,0.5,0.0,0.0,0.7520864015709376,1.5934065934065933,1.8014677481653147,1.0,0.0,1.0,1.0,0.0,-1.0,1.0,0.0,0.0,0.0,0.46153846153846156,-1.0,1.0,0.8944099378881988,0.0,0.0,0.0,0.0,0.6029411764705882,0.0,0.0,0.0,0.0,0.0,1.7904940587867406,1.0,1.6299648064353947,4.031189780174238
0.0,0.1,-0.11820652173913043,0.0,0.0,0.0,0.0,-0.3695652173913043,-1.027027027027027,0.0,0.0,0.25,0.2,0.4505327245053272,0.0,0.0,0.0,0.0,0.0,0.32643032643032643,0.1752136752136752,0.40696517412935324,0.5,0.0,-4.0,0.21404025527736867,0.0,-0.41405948242564694,1.0,-1.0,0.0,-1.0,0.0,0.0,0.0,0.0,0.0,0.0,-0.6153846153846154,0.0,-1.0,-0.7577639751552795,0.0,0.0,0.0,0.0,0.27941176470588236,0.0,0.0,0.0,0.0,0.0,-0.4757139879091094,-0.3333333333333333,-0.08748114630467571,0.425296235815303
1.0,-0.5,-1.5070405138339922,0.0,0.5,1.0,0.5,-0.5869565217391305,-0.05405405405405406,0.0,0.0,-1.5,-1.4,0.0,0.0,-2.0,0.0,1.0,0.0,-0.5384345384345385,0.2965811965811966,-0.6776119402985075,0.5,0.0,0.0,-0.7461953853706431,0.9368131868131868,-0.11587485515643106,0.0,-1.0,1.0,0.0,0.0,0.0,0.0,0.0,1.0,1.0,-0.8461538461538461,0.5,-1.0,-0.9937888198757764,0.0,0.0,-1.0,0.0,-0.36764705882352944,126.0,0.0,0.0,0.0,0.0,0.08755472170106311,-0.3333333333333333,-0.44142785319255906,0.0
0.0,-0.175,0.8205286561264822,0.0,0.8,1.6666666666666667,0.5,0.34782608695652173,-0.13513513513513514,0.0,0.0,0.25,0.2,0.882800608828006,-1.0,0.0,1.0,0.0,-2.0,1.5928395928395929,-0.8162393162393162,1.0477611940298508,0.5,0.0,0.0,1.0937653411880217,0.0,0.27809965237543455,1.0,0.0,0.0,-1.0,0.0,-1.0,-0.5,0.0,0.0,0.0,0.23076923076923078,-1.0,0.0,0.36853002070393376,0.0,0.0,0.0,0.47619047619047616,-0.36764705882352944,0.0,396.0,0.0,0.0,0.0,1.7913696060037516,0.0,0.6867772750125691,0.9770417864891022
0.0,0.35,-0.21875,-1.0,0.0,0.0,-1.0,-0.34782608695652173,-1.0,2.0,0.0,-1.0,-1.0,0.0,0.0,0.0,0.0,1.0,0.0,-0.13408213408213407,0.24188034188034188,-0.1681592039800995,0.0,0.0,0.0,-0.35346097201767307,0.0,-0.8605639242950947,0.0,-1.0,0.0,0.0,0.0,0.0,-0.5,0.0,-1.0,1.0,-0.41025641025641024,0.5,-1.0,-0.5300207039337475,0.0,0.0,0.0,0.0,-0.36764705882352944,0.0,0.0,0.0,0.0,0.0,-0.7897435897435892,-1.0,-0.6686777275012569,0.0
0.0,-0.3,-0.6710721343873518,0.0,-0.7,0.0,0.5,0.7391304347826086,0.35135135135135137,0.0,0.0,0.0,0.0,0.6575342465753424,-1.0,0.0,1.0,0.0,0.0,0.3938223938223938,0.11367521367521367,0.43084577114427863,0.0,0.0,0.0,0.23760432007854687,0.0,-0.395519505600618,1.0,0.0,0.0,-1.0,0.0,-1.0,0.0,0.0,-1.0,0.0,0.6923076923076923,0.0,0.0,0.6128364389233955,0.0,0.0,0.0,0.625,0.4264705882352941,0.0,0.0,0.0,0.0,1.0,-0.4406920992286842,0.0,-0.06334841628959276,0.6238087353204581
0.0,3.0,0.4887598814229249,-1.0,1.1,0.0,0.0,0.32608695652173914,-0.16216216216216217,0.0,0.0,-1.5,-1.4,0.0,0.0,0.0,0.0,0.0,-1.0,0.8725868725868726,-0.1547008547008547,0.7970149253731343,1.0,0.0,0.0,0.6381934216985763,0.0,-0.08033989957512554,1.0,0.0,0.0,0.0,0.0,-1.0,0.0,0.0,0.0,0.0,0.20512820512820512,0.5,0.0,0.39751552795031053,0.0,0.0,0.0,0.0,-0.36764705882352944,169.0,0.0,0.0,0.0,0.0,0.154680008338545,0.0,0.32679738562091504,0.0
1.0,-2.45,-1.9265069169960474,0.0,-1.0,1.0,0.0,-0.043478260869565216,-0.6216216216216216,0.0,0.0,-1.5,-1.4,1.4124809741248097,0.0,0.0,0.0,1.0,0.0,0.004914004914004914,-0.6521367521367522,-1.0119402985074626,1.0,0.0,0.0,-1.1860579283259696,0.6923076923076923,-0.7369640787949016,0.0,-1.0,1.0,-1.0,0.0,0.0,-1.0,0.0,-1.0,1.0,-0.23076923076923078,0.5,-1.0,-0.8944099378881988,0.0,0.0,0.0,0.0,-0.36764705882352944,0.0,0.0,0.0,0.0,-4.0,0.3545966228893056,-1.0,-1.0145801910507792,1.2112695246369456
1.0,-0.5,-0.9615859683794467,-1.0,0.5,-0.6666666666666666,0.0,-1.1521739130434783,0.10810810810810811,0.0,0.0,-1.0,-1.0,0.0,0.0,0.0,-1.0,1.0,0.0,-0.5384345384345385,0.7239316239316239,-0.18009950248756218,0.5,0.0,0.0,0.0019636720667648502,0.1510989010989011,-0.4109694862881421,0.0,-1.0,0.0,1.0,0.0,0.0,0.5,0.0,-1.0,1.25,0.0,-0.5,-2.0,-1.9875776397515528,-2.0,-2.0,-2.0,0.0,1.0735294117647058,0.0,0.0,0.0,-2.0,-4.0,-0.9693558474046274,-0.3333333333333333,-0.3821015585721468,0.0
1.0,-2.3,-1.8672183794466404,0.0,-1.0,1.0,-0.5,-0.043478260869565216,-0.6216216216216216,0.0,0.0,-1.5,-1.4,2.289193302891933,0.0,0.0,0.0,1.0,0.0,0.12285012285012285,-0.31367521367521367,-0.4507462686567164,0.0,0.0,0.0,-0.6323024054982818,0.8241758241758241,-0.15295480880648898,1.0,-1.0,1.0,-1.0,0.0,0.0,0.0,-4.0,-1.0,1.0,-0.23076923076923078,0.5,0.0,-0.16563146997929606,0.0,0.0,0.0,1.4285714285714286,0.16176470588235295,0.0,0.0,0.0,0.0,0.0,0.017510944340212622,0.0,-0.35093011563599796,2.308598451211404
0.0,1.5,0.3360918972332016,-1.0,-0.4,1.0,0.0,0.5217391304347826,0.10810810810810811,0.0,0.0,0.0,0.0,0.0,0.0,0.0,1.0,0.0,0.0,-0.5384345384345385,0.7666666666666667,-0.13034825870646766,0.0,0.0,0.0,-0.3161512027491409,0.9313186813186813,0.21629972962533797,0.0,0.0,1.0,0.0,0.0,0.0,0.5,0.0,0.0,0.0,0.4358974358974359,-1.0,0.0,-0.041407867494824016,0.0,0.0,0.0,0.0,0.16176470588235295,0.0,0.0,0.0,0.0,0.0,0.04627892432770472,0.3333333333333333,0.05128205128205128,0.0
1.0,-2.45,-1.8746294466403162,0.0,-0.2,1.3333333333333333,-1.0,-0.021739130434782608,-0.5945945945945946,0.0,0.0,-1.75,-1.6,0.0,0.0,-2.0,0.0,0.0,-3.0,0.15654615654615656,-0.5854700854700855,-0.7194029850746269,0.5,0.0,0.0,-0.8973981345115366,0.0,-1.2885283893395134,1.0,-1.0,0.0,-2.0,0.0,0.0,-1.5,0.0,-1.0,1.25,0.0,-0.5,-2.0,-1.9875776397515528,-2.0,-2.0,0.0,0.5238095238095238,-0.36764705882352944,0.0,0.0,0.0,0.0,0.0,-0.28893058161350826,-1.3333333333333333,-1.2257415786827552,0.0
0.0,-1.35,0.29360177865612647,-0.6666666666666666,-0.7,1.0,0.5,0.5,0.05405405405405406,0.0,0.0,0.0,0.0,0.0,-1.0,0.0,1.0,0.0,-3.0,0.002106002106002106,-0.6965811965811965,-0.38308457711442784,0.0,0.0,0.0,-0.510554737358861,1.1456043956043955,0.30436461954422556,1.0,0.0,1.0,0.0,0.0,-1.0,0.0,0.0,0.0,0.0,0.41025641025641024,0.0,0.0,0.2898550724637681,0.0,0.0,0.0,0.9404761904761905,0.5294117647058824,0.0,0.0,0.0,0.0,0.0,0.8813841984573684,0.3333333333333333,-0.019105077928607342,0.0
1.0,-1.5,-1.2545701581027668,0.0,0.5,-0.6666666666666666,0.0,-1.1521739130434783,-1.1891891891891893,0.0,0.0,-0.25,-0.2,0.0,0.0,0.0,-1.0,-0.5,0.0,-0.5384345384345385,0.2914529914529915,-0.6835820895522388,1.0,0.0,-4.0,-0.6931762395679921,0.5274725274725275,-0.5345693317883352,0.0,-1.0,0.0,-1.0,0.0,0.0,0.0,0.0,-1.0,1.0,0.2564102564102564,0.5,0.0,-0.16563146997929606,0.0,0.0,0.0,0.0,-0.36764705882352944,0.0,0.0,0.0,0.0,0.0,-0.7033562643318735,-0.6666666666666666,-0.7169431875314228,0.0
1.0,-1.0,-0.8593132411067194,0.0,-0.9,-0.3333333333333333,0.0,-1.0217391304347827,0.2702702702702703,0.0,0.0,0.25,0.2,0.0,-1.0,0.0,1.0,1.0,0.0,-0.5384345384345385,0.6948717948717948,-0.21393034825870647,0.5,0.0,0.0,-0.3593519882179676,0.0,-0.8651989185013519,0.0,-1.0,0.0,-1.0,0.0,0.0,-1.0,0.0,-1.0,1.0,-1.3846153846153846,0.5,-1.0,-1.2422360248447204,0.0,0.0,0.0,0.0,-0.36764705882352944,105.0,0.0,0.0,0.0,0.0,-0.008755472170106311,-1.3333333333333333,-0.6948215183509301,0.0
0.0,-1.5,-1.2842144268774704,0.0,-0.6,0.0,-0.5,-1.3043478260869565,0.21621621621621623,0.0,0.0,0.5,-0.2,0.0,0.0,0.0,1.0,1.0,0.0,-0.025974025974025976,-0.688034188034188,-1.0975124378109453,1.0,-1.0,0.0,-0.7717231222385862,0.0,-1.1896485129393588,0.0,-1.0,0.0,-1.0,0.0,-1.0,-1.0,0.0,0.0,1.0,0.2564102564102564,0.5,-1.0,-0.5300207039337475,-3.0,0.0,-1.0,0.0,-0.36764705882352944,34.0,0.0,0.0,-2.0,0.0,-0.928080050031269,-1.3333333333333333,-1.3524384112619408,0.0
0.0,-0.15,0.710350790513834,0.0,-0.5,-0.6666666666666666,0.0,-1.1521739130434783,0.16216216216216217,0.0,0.0,0.25,0.2,0.0,0.0,0.0,-1.0,1.0,-1.0,-0.5384345384345385,0.352991452991453,-0.6119402985074627,0.5,0.0,0.0,-0.7913598429062346,0.7032967032967034,-0.41405948242564694,0.0,-1.0,0.0,0.0,0.0,-1.0,0.5,0.0,-1.0,1.0,0.6410256410256411,0.5,0.0,0.19875776397515527,0.0,0.0,0.0,0.0,0.3088235294117647,0.0,0.0,0.0,-4.0,0.0,-0.9743589743589738,-0.3333333333333333,-0.6023127199597788,0.0
0.0,1.75,1.4704792490118577,0.0,0.4,0.0,2.0,0.7608695652173914,0.3783783783783784,2.0,0.0,0.0,0.0,1.21765601217656,-3.0,0.0,1.0,-1.0,-2.0,1.9424359424359425,0.5307692307692308,4.1840796019900495,0.0,0.0,0.0,2.5822287677957783,0.0,1.4492081884897643,1.0,0.0,0.0,-1.0,0.0,-3.0,2.0,0.0,1.0,0.0,0.717948717948718,-1.0,1.0,0.7950310559006211,0.0,0.0,0.0,0.0,0.6911764705882353,0.0,170.0,0.0,0.0,0.0,0.23989993746091273,1.3333333333333333,3.0336852689793865,1.6289611494148317
0.0,1.1,0.6495800395256917,0.0,-0.5,0.0,-1.0,-0.391304347826087,-1.054054054054054,0.0,0.0,0.0,0.0,1.643835616438356,0.0,0.0,0.0,1.0,0.0,-0.3517023517023517,1.417948717948718,0.8925373134328358,1.0,-1.0,-3.0,0.6931762395679921,0.0,-0.03707995365005794,0.0,0.0,0.0,1.0,1.0,-2.0,1.0,0.0,-1.0,1.25,0.0,-0.5,-2.0,-1.9875776397515528,-2.0,-2.0,0.0,0.0,-0.36764705882352944,0.0,0.0,0.0,0.0,0.0,-0.814258911819887,0.3333333333333333,0.4032176973353444,1.7027043264982855
1.0,-0.9,-0.8000247035573123,0.0,-0.9,-0.6666666666666666,-0.5,-0.9347826086956522,-0.05405405405405406,0.0,0.0,-1.0,-1.0,0.0,0.0,0.0,1.0,1.0,0.0,-0.5384345384345385,1.0264957264957264,0.17213930348258707,1.0,0.0,0.0,0.08051055473735887,0.6112637362637363,0.16840478949401314,0.0,0.0,0.0,0.0,0.0,0.0,1.0,0.0,0.0,1.0,-1.2820512820512822,0.5,0.0,-0.4968944099378882,0.0,0.0,-1.0,0.0,-0.36764705882352944,0.0,0.0,0.0,0.0,0.0,-0.5231394621638521,0.3333333333333333,0.17295123177476118,0.0
0.0,-0.85,-1.372653162055336,0.0,-1.2,0.0,0.5,0.717391304347826,0.35135135135135137,0.0,0.0,0.5,0.4,0.4383561643835616,-1.0,0.0,1.0,-1.0,-3.0,-0.5384345384345385,1.334188034188034,0.5303482587064676,0.0,0.0,0.0,0.33578792341678937,0.0,-0.3182696021629973,0.0,0.0,0.0,-1.0,0.0,-1.0,0.0,0.0,0.0,0.0,0.6923076923076923,-1.0,1.0,0.6956521739130435,0.0,0.0,0.0,0.8571428571428571,-0.1323529411764706,0.0,0.0,0.0,0.0,1.0,-0.294767563060246,-0.3333333333333333,0.03720462543991956,0.4243918609389777
0.0,0.0,-0.17996541501976285,0.0,-0.7,1.0,0.5,0.45652173913043476,0.02702702702702703,0.0,0.0,0.0,0.0,0.0,-1.0,-2.0,1.0,0.0,0.0,0.36293436293436293,-0.34957264957264955,-0.15223880597014924,0.0,0.0,0.0,-0.3024054982817869,1.3392857142857142,0.6859791425260718,1.0,0.0,1.0,1.0,0.0,-1.0,1.0,0.0,0.0,0.0,0.358974358974359,0.5,0.0,0.053830227743271224,0.0,0.0,0.0,0.8571428571428571,1.588235294117647,0.0,0.0,0.0,0.0,0.0,0.21013133208255147,1.0,0.34590246354952237,0.0
0.0,0.15,0.09300889328063242,0.0,-0.5,0.0,0.0,-0.3695652173913043,-1.027027027027027,2.0,0.0,0.25,0.2,0.0,0.0,0.0,0.0,1.0,0.0,-0.5384345384345385,1.6384615384615384,0.8845771144278607,0.25,0.0,0.0,1.1821305841924399,0.0,0.34762456546929316,0.0,-1.0,0.0,0.0,0.0,0.0,0.5,0.0,0.0,0.0,-0.6153846153846154,0.5,0.0,0.0,0.0,0.0,0.0,0.0,-0.36764705882352944,0.0,0.0,0.0,-2.0,0.0,0.25891181988742934,-0.3333333333333333,0.6495726495726496,0.0
0.0,3.35,1.7325839920948616,-1.0,0.0,0.0,0.0,-0.15217391304347827,0.21621621621621623,0.0,0.0,-2.25,-0.6,0.0,-1.0,0.0,0.0,1.0,0.0,-0.19164619164619165,0.1358974358974359,1.045771144278607,0.0,0.0,0.0,1.572901325478645,0.0,0.6550791811510236,0.0,0.0,1.0,-1.0,0.0,-1.0,0.0,-2.0,0.0,0.0,-0.358974358974359,-1.0,0.0,0.4057971014492754,0.0,0.0,0.0,0.0,-0.36764705882352944,0.0,0.0,0.0,0.0,0.0,1.54388159266208,0.0,0.9311211664152841,0.0
0.0,-0.25,0.4287302371541502,-1.0,-0.4,1.0,0.5,0.5434782608695652,0.13513513513513514,0.0,0.0,0.0,0.0,0.0,-1.0,0.0,1.0,0.0,0.0,-0.5384345384345385,0.7735042735042735,-0.12238805970149254,0.5,0.0,0.0,-0.25724104074619536,1.2774725274725274,0.6519891850135188,0.0,0.0,1.0,1.0,0.0,-1.0,2.0,0.0,0.0,0.0,0.46153846153846156,-1.0,0.0,-0.2028985507246377,0.0,0.0,0.0,0.5297619047619048,-0.36764705882352944,0.0,0.0,0.0,0.0,0.0,-0.6636647904940585,1.3333333333333333,0.33886375062845653,0.0
1.0,-1.0,-0.2170207509881423,0.0,-0.3,-0.6666666666666666,0.0,-0.782608695652174,-1.1891891891891893,0.0,0.0,-1.0,-1.0,0.0,0.0,0.0,-1.0,1.0,0.0,-0.5384345384345385,0.5170940170940171,-0.4208955223880597,1.0,0.0,0.0,-0.602847324496809,0.8186813186813187,-0.13595983005021245,0.0,0.0,0.0,0.0,0.0,0.0,0.5,0.0,0.0,1.0,-1.1025641025641026,0.5,-1.0,-1.1677018633540373,0.0,0.0,-2.0,0.0,-0.36764705882352944,0.0,0.0,0.0,0.0,0.0,-0.5240775484677919,0.0,-0.3247863247863248,0.0
1.0,-1.0,-0.8593132411067194,0.0,0.5,-0.6666666666666666,-1.5,-0.5434782608695652,0.21621621621621623,0.0,0.0,-1.0,-1.0,0.0,0.0,-2.0,0.0,1.0,0.0,-0.07371007371007371,-0.2726495726495726,-0.681592039800995,0.0,0.0,0.0,-0.801178203240059,0.6923076923076923,-0.43414445731942836,0.0,-1.0,1.0,-1.0,0.0,0.0,0.0,0.0,-1.0,1.0,0.02564102564102564,0.5,-1.0,-0.7122153209109731,0.0,0.0,0.0,0.0,2.2205882352941178,0.0,0.0,0.0,0.0,0.0,-0.5136543673129038,-0.3333333333333333,-0.6505781799899447,0.0
1.0,0.0,-0.9373764822134387,0.0,0.5,0.0,0.0,-0.9347826086956522,0.2972972972972973,2.0,0.0,0.25,0.2,0.0,0.0,0.0,-1.0,1.0,0.0,-0.5384345384345385,0.5735042735042735,-0.35522388059701493,0.0,0.0,-4.0,-0.538046146293569,0.0,-1.0057937427578216,0.0,-1.0,0.0,-1.0,0.0,-1.0,-0.5,0.0,-1.0,1.0,-1.2307692307692308,0.5,-1.0,-0.8695652173913043,-4.0,-4.0,-2.0,0.0,1.2941176470588236,0.0,0.0,0.0,0.0,0.0,-1.1189493433395867,-1.0,-0.85771744595274,0.0
0.0,-0.4,15.138957509881424,-1.0,-0.8,0.0,0.5,0.043478260869565216,-0.5135135135135135,0.0,6.0,-0.75,-0.6,0.0,0.0,0.0,0.0,0.0,-2.0,0.3811863811863812,0.6846153846153846,1.0776119402985074,1.0,0.0,0.0,0.8757977417771232,0.0,0.10660486674391657,1.0,0.0,0.0,-1.0,0.0,-1.0,-0.5,0.0,1.0,0.0,-0.1282051282051282,0.5,0.0,0.39751552795031053,0.0,0.0,0.0,1.1904761904761905,0.4264705882352941,0.0,0.0,0.0,0.0,0.0,1.4026266416510316,-0.3333333333333333,0.5902463549522373,0.0
0.0,0.75,-0.04335474308300395,-1.0,1.1,1.0,0.0,0.5,0.08108108108108109,2.0,0.0,0.0,0.0,0.2557077625570776,-1.0,0.0,1.0,-1.0,0.0,0.5033345033345034,-0.594017094017094,-0.23781094527363184,0.0,0.0,0.0,-0.3907707412862052,1.1923076923076923,0.4511394360757049,1.0,0.0,1.0,0.0,0.0,0.0,0.5,0.0,-1.0,0.0,0.41025641025641024,-1.0,0.0,-0.2401656314699793,0.0,0.0,0.0,0.8571428571428571,1.4264705882352942,0.0,0.0,0.0,0.0,0.0,0.4265165728580361,0.6666666666666666,0.14982403217697335,0.2924864662832051
-2.0,0.25,-0.11820652173913043,0.0,0.9,1.0,1.0,0.7608695652173914,0.3783783783783784,0.0,0.0,0.0,0.0,0.0,-1.0,0.0,1.0,0.0,0.0,-0.5384345384345385,0.4965811965811966,-0.44477611940298506,0.0,0.0,0.0,-0.5910652920962199,1.1043956043956045,0.19466975666280417,0.0,0.0,1.0,0.0,0.0,-1.0,0.0,0.0,-1.0,0.0,0.717948717948718,0.0,0.0,0.8115942028985508,0.0,0.0,0.0,0.0,0.07352941176470588,0.0,0.0,0.0,0.0,0.0,0.674171357098186,0.0,-0.1216691804927099,0.0
0.0,-0.35,-0.04483695652173913,0.0,-0.1,0.0,-0.5,0.06521739130434782,-0.4864864864864865,0.0,0.0,-0.75,-0.6,0.0,0.0,0.0,0.0,1.0,0.0,1.7163917163917164,-0.6076923076923076,1.4656716417910447,1.0,0.0,0.0,1.258713794796269,0.0,0.4078794901506373,2.0,0.0,0.0,1.0,1.0,0.0,1.0,0.0,-1.0,1.0,-0.10256410256410256,0.5,0.0,0.33126293995859213,0.0,0.0,0.0,0.0,-0.36764705882352944,0.0,0.0,0.0,0.0,-1.0,-0.18386491557223253,1.0,0.9824032176973353,0.0
0.0,0.5,0.030014822134387352,0.0,0.2,0.0,0.5,0.0,-0.5675675675675675,2.0,0.0,-1.5,-1.4,1.948249619482496,0.0,0.0,0.0,1.0,0.0,0.7476307476307477,-0.258974358974359,0.49850746268656715,0.25,0.0,0.0,0.30436917034855177,0.0,-0.3429895712630359,0.0,-1.0,1.0,0.0,0.0,0.0,0.0,0.0,0.0,0.0,-0.1794871794871795,0.5,0.0,0.19875776397515527,0.0,0.0,0.0,0.0,-0.36764705882352944,0.0,0.0,0.0,0.0,0.0,-0.34146341463414615,-0.3333333333333333,0.005027652086475616,1.874152840949754
1.0,-1.8,-1.2123270750988142,0.0,0.5,1.0,-0.5,-1.2391304347826086,-1.1891891891891893,0.0,0.0,-3.0,-2.6,0.0,0.0,0.0,-1.0,1.0,0.0,-0.5384345384345385,0.2504273504273504,-0.7313432835820896,0.25,-1.0,0.0,-0.9091801669121257,0.989010989010989,-0.1853997682502897,0.0,-1.0,0.0,1.0,0.0,0.0,0.5,0.0,-1.0,1.0,-1.641025641025641,0.5,1.0,0.13664596273291926,-4.0,-4.0,0.0,0.0,-0.36764705882352944,96.0,0.0,0.0,0.0,-4.0,-0.6041275797373354,-0.3333333333333333,-0.5138260432378079,0.0
0.0,0.5,10.807435770750988,-1.0,-0.8,0.0,-1.0,-0.41304347826086957,0.0,-1.0,4.0,-0.75,-0.6,0.0,0.0,0.0,0.0,0.0,-2.0,1.0284310284310285,-0.3923076923076923,0.7412935323383084,0.0,0.0,0.0,1.1310751104565537,0.0,0.3074546156817304,1.0,-1.0,0.0,-1.0,0.0,-1.0,0.0,-4.0,1.0,0.0,-0.6666666666666666,-1.0,0.0,0.2028985507246377,0.0,0.0,0.0,1.3333333333333333,1.6470588235294117,0.0,0.0,0.0,0.0,0.0,0.8872211799041065,-0.3333333333333333,0.5510306686777275,0.0
1.0,-0.5,-1.081645256916996,0.0,0.5,1.0,1.0,-1.0434782608695652,0.05405405405405406,2.0,0.0,-0.25,0.4,0.0,0.0,-2.0,1.0,1.0,0.0,-0.5384345384345385,0.18888888888888888,-0.8029850746268656,0.25,0.0,0.0,-0.498772704958272,1.1442307692307692,0.3120896098879876,0.0,-1.0,0.0,0.0,0.0,-1.0,0.5,0.0,0.0,1.0,-1.4102564102564104,0.5,-1.0,-1.0434782608695652,0.0,0.0,0.0,1.1428571428571428,0.5588235294117647,0.0,0.0,0.0,-2.0,0.0,0.20137585991244517,-0.3333333333333333,-0.22624434389140272,0.0
0.0,-0.9,-0.6085721343873518,-1.0,-0.9,-0.6666666666666666,-0.5,-0.5,-1.1891891891891893,0.0,0.0,-1.0,-1.0,0.9802130898021308,0.0,0.0,0.0,1.0,0.0,-0.2786942786942787,0.07948717948717948,-0.5621890547263682,1.0,0.0,0.0,-0.21207658321060383,0.3076923076923077,-0.40324449594438005,1.0,-1.0,0.0,0.0,0.0,-1.0,-0.5,0.0,0.0,1.0,-0.7692307692307693,0.5,-1.0,-0.5300207039337475,0.0,0.0,0.0,0.0,-0.36764705882352944,248.0,0.0,0.0,0.0,0.0,0.24690431519699788,-0.6666666666666666,-0.5701357466063348,0.9280105618962194
-2.0,0.25,-0.36425395256917,-1.0,0.9,1.0,1.0,0.782608695652174,0.40540540540540543,0.0,0.0,0.0,0.0,0.669710806697108,-1.0,0.0,1.0,0.0,0.0,0.22534222534222534,-0.32393162393162395,-0.3174129353233831,0.0,0.0,0.0,-0.5007363770250368,1.51510989010989,0.727694090382387,1.0,0.0,1.0,0.0,0.0,0.0,1.0,0.0,-1.0,0.5,0.7435897435897436,-1.0,0.0,0.2981366459627329,0.0,0.0,0.0,0.0,1.838235294117647,0.0,0.0,0.0,0.0,1.0,0.26923076923076905,1.0,0.2895927601809955,0.8041321003718779
0.0,-0.5,-0.5628705533596838,0.0,0.6,1.0,0.5,-0.8043478260869565,0.35135135135135137,0.0,0.0,0.25,0.2,0.0,-1.0,-2.0,1.0,0.0,0.0,-0.04703404703404703,-0.8162393162393162,-0.8587064676616916,0.0,0.0,0.0,-1.0054000981836033,0.7692307692307693,-0.5083043646195442,1.0,-1.0,0.0,0.0,0.0,-1.0,0.0,0.0,-1.0,1.0,-0.23076923076923078,0.0,0.0,0.39751552795031053,0.0,0.0,0.0,1.5238095238095237,-0.36764705882352944,0.0,0.0,0.0,-2.0,0.0,-0.6537419220346048,-0.3333333333333333,-0.7883358471593765,0.0
0.0,-0.5,-0.29582509881422925,-1.0,0.7,0.0,-0.5,-0.17391304347826086,-0.7837837837837838,0.0,0.0,-1.0,-1.0,0.0,0.0,0.0,0.0,1.0,0.0,0.23797823797823797,-0.8162393162393162,-0.2537313432835821,0.5,0.0,0.0,-0.4378988708885616,0.0,-0.9269988412514485,0.0,-1.0,0.0,0.0,0.0,0.0,-0.5,0.0,0.0,1.0,-0.38461538461538464,0.5,-1.0,-0.4968944099378882,0.0,0.0,0.0,0.0,-0.36764705882352944,236.0,0.0,0.0,-3.0,0.0,-0.9403377110694177,-1.0,-0.7551533433886375,0.0
0.0,0.2,0.6199357707509882,-1.0,-0.6,1.0,0.0,-0.8478260869565217,0.02702702702702703,2.0,0.0,-0.25,-0.2,0.0,0.0,0.0,0.0,1.0,0.0,-0.08073008073008073,-0.15128205128205127,-0.5502487562189055,0.25,0.0,-4.0,-0.46735395189003437,1.114010989010989,0.30281962147547314,0.0,-1.0,1.0,0.0,0.0,0.0,0.0,0.0,0.0,1.0,-1.0512820512820513,0.5,-1.0,-0.9937888198757764,0.0,0.0,0.0,0.0,-0.36764705882352944,0.0,0.0,0.0,0.0,0.0,0.8784657077340002,-0.3333333333333333,-0.10457516339869281,0.0
0.0,-0.5,-0.25901679841897235,0.0,-0.7,0.0,-0.5,0.10869565217391304,-0.43243243243243246,0.0,0.0,-1.5,-1.4,0.8280060882800608,0.0,0.0,0.0,0.0,0.0,0.32643032643032643,-0.09145299145299145,0.09651741293532339,1.0,0.0,0.0,-0.09229258713794797,0.0,-0.6550791811510236,0.0,0.0,0.0,0.0,0.0,0.0,-0.5,0.0,-1.0,1.25,0.0,-0.5,-2.0,-1.9875776397515528,-2.0,-2.0,0.0,0.0,-0.36764705882352944,0.0,0.0,0.0,0.0,0.0,-0.32395247029393354,-0.6666666666666666,-0.40120663650075417,0.7288695504878593
1.0,-1.35,-1.582633399209486,0.0,-1.2,0.0,0.5,0.6739130434782609,0.2702702702702703,2.0,0.0,0.0,0.0,0.1095890410958904,-1.0,0.0,1.0,0.0,0.0,-0.5384345384345385,1.5341880341880343,0.7631840796019901,0.0,0.0,0.0,0.6421207658321061,0.0,-0.0772499034376207,0.0,0.0,0.0,-1.0,0.0,-1.0,0.0,0.0,0.0,0.0,0.6153846153846154,-1.0,0.0,-0.33954451345755693,0.0,0.0,0.0,0.8571428571428571,-0.07352941176470588,0.0,0.0,0.0,0.0,0.0,0.1605169897852822,-0.3333333333333333,0.3117144293614882,0.11248417805331716
0.0,0.75,0.28396739130434784,0.0,0.0,0.0,0.5,-0.06521739130434782,-0.6486486486486487,-1.0,4.0,-0.75,-0.6,0.0,0.0,-2.0,0.0,1.0,-2.0,0.5538785538785539,0.03675213675213675,0.5681592039800994,1.0,0.0,0.0,0.37309769268532156,0.0,-0.28891463885670143,1.0,-1.0,0.0,-1.0,0.0,0.0,-0.5,0.0,0.0,0.0,-0.2564102564102564,0.5,0.0,0.19047619047619047,0.0,0.0,0.0,0.0,-0.36764705882352944,0.0,176.0,0.0,-3.0,0.0,0.5060662914321449,-0.6666666666666666,0.07541478129713423,0.0
0.0,0.45,0.00037055335968379444,0.0,0.0,1.0,-0.5,-0.6739130434782609,0.02702702702702703,0.0,0.0,-1.0,-1.0,1.3637747336377473,0.0,0.0,0.0,1.0,0.0,0.00351000351000351,-0.23162393162393163,-0.5243781094527363,0.0,0.0,0.0,-0.3907707412862052,1.0384615384615385,0.27809965237543455,0.0,-1.0,1.0,0.0,0.0,-1.0,0.5,0.0,1.0,0.0,-0.9743589743589743,0.5,-1.0,-0.6956521739130435,0.0,0.0,0.0,1.0,-0.36764705882352944,0.0,0.0,0.0,0.0,0.0,0.14634146341463414,0.0,-0.10759175465057819,1.5093611046452335
0.0,1.4,0.4815958498023715,-1.0,0.4,0.0,1.0,0.717391304347826,0.32432432432432434,0.0,0.0,0.0,0.0,1.5098934550989345,-1.0,0.0,1.0,0.0,0.0,-0.5384345384345385,1.9632478632478632,1.2626865671641792,0.0,0.0,0.0,1.074128620520373,0.0,0.26264967168791037,0.0,0.0,0.0,0.0,0.0,-1.0,0.5,0.0,0.0,0.0,0.6666666666666666,0.0,1.0,1.598343685300207,0.0,0.0,0.0,0.0,0.27941176470588236,0.0,0.0,0.0,0.0,0.0,0.12132582864290153,0.0,0.7853192559074912,1.6659882584923484
0.0,0.3,-0.04631916996047431,-1.0,0.8,1.0,0.0,0.43478260869565216,-0.02702702702702703,0.0,0.0,-1.5,-1.4,0.730593607305936,-1.0,0.0,1.0,0.0,0.0,0.05967005967005967,-0.12222222222222222,-0.3174129353233831,0.0,0.0,0.0,-0.5007363770250368,1.206043956043956,0.38006952491309387,0.0,0.0,1.0,0.0,0.0,-1.0,0.5,0.0,-1.0,0.0,0.3333333333333333,0.0,0.0,0.10766045548654245,0.0,0.0,0.0,0.8571428571428571,0.6617647058823529,0.0,0.0,0.0,0.0,0.0,0.3114446529080672,0.3333333333333333,0.06334841628959276,0.8246573433261679
0.0,-0.425,-0.6567440711462451,-1.0,1.0,0.0,1.0,0.2608695652173913,-0.24324324324324326,0.0,0.0,-1.5,-1.4,0.0,-1.0,0.0,1.0,0.0,-3.0,-0.02176202176202176,-0.8162393162393162,0.9880597014925373,1.0,0.0,0.0,0.8149239077074129,0.0,0.05870992661259174,1.0,-1.0,1.0,-2.0,0.0,-1.0,-1.0,0.0,-1.0,0.0,0.1282051282051282,0.0,0.0,0.19875776397515527,0.0,0.0,0.0,0.0,0.4264705882352941,0.0,140.0,0.0,0.0,0.0,2.6091307066916807,-0.6666666666666666,0.5138260432378079,0.0
0.0,1.1,0.611042490118577,0.0,0.2,1.0,0.5,0.08695652173913043,-0.4594594594594595,3.0,5.0,0.5,-0.6,0.0,0.0,0.0,0.0,0.0,0.0,-0.5384345384345385,0.564957264957265,-0.36517412935323385,1.0,0.0,0.0,0.14531173294059893,1.10989010989011,0.7802240247199691,0.0,0.0,1.0,0.0,0.0,0.0,1.0,0.0,0.0,0.0,-0.07692307692307693,0.0,0.0,0.2236024844720497,0.0,0.0,0.0,0.0,-0.36764705882352944,0.0,276.0,0.0,0.0,0.0,0.34365228267667275,0.6666666666666666,0.2996480643539467,0.0
1.0,-1.75,-1.4336709486166008,0.0,-0.5,1.6666666666666667,0.0,0.6956521739130435,0.2972972972972973,0.0,0.0,0.0,0.0,0.487062404870624,0.0,0.0,1.0,0.0,-2.0,0.10600210600210601,-0.6658119658119658,-0.8845771144278607,0.0,0.0,0.0,-0.029455081001472753,0.0,-0.6056392429509463,1.0,-1.0,0.0,-1.0,0.0,0.0,-0.5,0.0,-1.0,0.25,0.6410256410256411,0.0,0.0,0.18633540372670807,0.0,0.0,0.0,0.0,0.04411764705882353,0.0,0.0,0.0,0.0,0.0,-0.21188242651657263,-0.6666666666666666,-0.864756158873806,0.43529292557682603
0.0,2.0,1.3583250988142292,-1.0,0.4,0.0,1.0,0.717391304347826,0.35135135135135137,0.0,0.0,0.0,0.0,1.8508371385083713,-1.0,0.0,1.0,-1.0,-2.0,1.356967356967357,0.25384615384615383,1.9592039800995025,0.0,0.0,0.0,1.745704467353952,0.0,0.791039011201236,1.0,0.0,0.0,-1.0,0.0,-1.0,0.5,0.0,0.0,0.0,0.6666666666666666,0.0,1.0,1.7722567287784678,0.0,0.0,0.0,1.4880952380952381,0.5588235294117647,0.0,0.0,0.0,0.0,1.0,0.9768605378361469,0.3333333333333333,1.4811463046757165,2.2457493522227767
0.0,-1.45,-1.0248270750988142,0.0,1.0,0.0,1.0,0.5869565217391305,0.16216216216216217,0.0,0.0,-1.75,-1.6,0.0,-1.0,0.0,1.0,0.0,-3.0,1.1407511407511408,-0.30683760683760686,1.0,0.0,0.0,0.0,1.1094747177221405,0.0,0.29045963692545385,1.0,0.0,0.0,-1.0,0.0,-3.0,0.0,0.0,-1.0,0.0,0.5128205128205128,0.0,0.0,0.07867494824016563,0.0,0.0,0.0,0.5714285714285714,0.3382352941176471,0.0,0.0,0.0,0.0,0.0,0.8551177819470495,0.0,0.6706887883358471,0.0
0.0,0.5,-0.24666501976284586,0.0,0.7,0.0,-0.5,-0.21739130434782608,-0.8378378378378378,2.0,0.0,-1.5,-1.4,0.0,0.0,0.0,0.0,1.0,0.0,0.3460863460863461,-0.23504273504273504,-0.042786069651741296,1.0,0.0,0.0,-0.22974963181148747,0.0,-0.7632290459636926,1.0,-1.0,0.0,-1.0,0.0,0.0,-0.5,0.0,-1.0,1.0,0.41025641025641024,0.5,0.0,0.5962732919254659,0.0,0.0,0.0,0.0,-0.014705882352941176,0.0,192.0,0.0,0.0,0.0,-0.5691056910569102,-0.6666666666666666,-0.5419808949220714,0.0
0.0,0.25,0.9008152173913043,0.0,-0.7,0.0,0.0,0.5217391304347826,0.10810810810810811,0.0,0.0,0.0,0.0,1.308980213089802,0.0,0.0,1.0,0.0,-2.0,0.8571428571428571,0.011111111111111112,0.9681592039800995,0.0,0.0,0.0,0.7972508591065293,0.0,0.044804943993820005,1.0,0.0,0.0,0.0,0.0,-1.0,0.5,0.0,0.0,0.0,0.4358974358974359,-1.0,0.0,0.11594202898550725,0.0,0.0,0.0,0.8333333333333334,0.20588235294117646,0.0,0.0,0.0,0.0,0.0,-0.2313946216385241,0.3333333333333333,0.4947209653092006,1.3805832282019674
0.0,1.75,1.0411314229249011,0.0,0.4,1.0,1.5,0.717391304347826,0.32432432432432434,2.0,0.0,0.0,0.0,4.700152207001522,-3.0,0.0,1.0,0.0,-3.0,-0.5384345384345385,2.864102564102564,2.3114427860696516,0.0,0.0,0.0,1.928325969563083,0.7884615384615384,1.8215527230590962,0.0,0.0,1.0,0.0,0.0,-3.0,1.5,0.0,0.0,0.5,0.6666666666666666,-1.0,1.0,0.8861283643892339,0.0,0.0,0.0,2.4642857142857144,0.8676470588235294,0.0,0.0,0.0,0.0,0.0,1.176151761517615,1.0,2.3298139768728006,6.595688113869794
0.0,0.45,0.2861907114624506,0.0,-0.7,0.0,1.0,0.7391304347826086,0.3783783783783784,2.0,0.0,0.0,0.0,2.045662100456621,-1.0,0.0,1.0,-1.0,-2.0,1.2699192699192698,-0.10341880341880341,1.4199004975124379,0.0,0.0,0.0,1.2390770741286206,0.0,0.39242950946311317,1.0,0.0,0.0,0.0,0.0,-1.0,0.5,0.0,0.0,0.0,0.6923076923076923,0.0,1.0,1.4327122153209109,0.0,0.0,0.0,1.2380952380952381,0.27941176470588236,0.0,0.0,0.0,0.0,0.0,0.331457160725453,0.3333333333333333,0.9492207139265962,2.31443552324996
1.0,-1.0,-0.8778409090909091,0.0,0.5,0.0,-1.0,-0.782608695652174,0.16216216216216217,2.0,0.0,-0.25,-0.2,2.6484018264840183,0.0,0.0,-1.0,-0.5,0.0,-0.30256230256230254,0.44700854700854703,-0.1681592039800995,1.0,0.0,0.0,0.08640157093765341,0.0,-0.5144843568945539,0.0,-1.0,0.0,-1.0,0.0,0.0,0.5,0.0,-1.0,1.0,0.38461538461538464,0.5,0.0,0.7950310559006211,0.0,0.0,0.0,0.0,0.6911764705882353,0.0,0.0,0.0,-2.0,-2.0,-1.1369606003752337,-0.3333333333333333,-0.4434389140271493,2.4311669812399663
0.0,1.4,1.6191946640316206,-1.0,0.4,0.0,1.5,0.6739130434782609,0.2972972972972973,2.0,0.0,0.0,0.0,2.3013698630136985,-1.0,0.0,1.0,-1.0,-2.0,1.232011232011232,0.16153846153846155,1.6746268656716419,0.0,0.0,0.0,1.4982817869415808,0.0,0.5963692545384318,1.0,0.0,0.0,0.0,0.0,-1.0,1.0,0.0,0.0,0.0,0.6153846153846154,-1.0,1.0,1.2091097308488612,0.0,0.0,0.0,3.0892857142857144,1.2794117647058822,0.0,0.0,0.0,0.0,0.0,0.08317698561600996,0.6666666666666666,1.2106586224233282,2.7019163128956456
0.0,0.1,0.584856719367589,-1.0,0.4,0.0,1.5,0.6521739130434783,0.2702702702702703,2.0,0.0,0.0,0.0,3.4216133942161338,-1.0,0.0,1.0,-1.0,-2.0,1.6616356616356616,-0.43162393162393164,1.5930348258706468,0.0,0.0,0.0,1.3843888070692194,0.0,0.5067593665507918,1.0,0.0,0.0,-1.0,0.0,-3.0,0.0,0.0,0.0,0.0,0.5897435897435898,-1.0,1.0,1.6314699792960663,0.0,0.0,0.0,1.2261904761904763,0.35294117647058826,0.0,0.0,0.0,0.0,0.0,1.263706483218678,0.0,1.1111111111111112,3.9536620820104216
1.0,-1.0,-1.7239377470355732,0.0,0.5,1.0,0.5,-1.2608695652173914,0.2972972972972973,0.0,0.0,-0.25,-0.2,0.0,-1.0,0.0,1.0,1.0,0.0,-0.11863811863811864,0.2282051282051282,-0.16218905472636816,0.0,0.0,0.0,-0.33578792341678937,1.25,0.5592893008883739,1.0,-1.0,1.0,1.0,0.0,-3.0,0.5,-3.0,0.0,0.0,-1.6666666666666667,0.5,-1.0,-1.308488612836439,-4.0,-4.0,0.0,0.0,-0.36764705882352944,0.0,0.0,0.0,0.0,0.0,0.6016260162601619,0.3333333333333333,0.2584213172448467,0.0
1.0,-1.9,-1.229866600790514,0.0,-0.1,0.0,0.0,0.5434782608695652,0.10810810810810811,2.0,0.0,0.0,0.0,0.7062404870624048,0.0,0.0,1.0,-1.0,0.0,0.7209547209547209,-0.2709401709401709,0.44676616915422884,0.0,0.0,0.0,0.2533136966126657,0.0,-0.3831595210505987,1.0,0.0,0.0,-1.0,0.0,0.0,-0.5,0.0,-1.0,0.0,0.46153846153846156,0.5,0.0,-0.32298136645962733,0.0,0.0,0.0,0.0,1.4705882352941178,0.0,0.0,0.0,0.0,0.0,0.2924327704815506,-0.3333333333333333,-0.04725992961287079,0.6722317273664911
0.0,0.05,-0.42502470355731226,-1.0,0.7,0.0,-0.5,-0.2391304347826087,0.1891891891891892,0.0,0.0,-1.5,-0.6,0.0,0.0,-2.0,0.0,1.0,0.0,0.28711828711828713,-0.11367521367521367,0.014925373134328358,0.5,0.0,0.0,-0.17280314187530682,0.0,-0.7184241019698725,1.0,-1.0,0.0,0.0,0.0,-1.0,0.0,0.0,-1.0,1.0,-0.4358974358974359,0.5,-1.0,-0.8944099378881988,0.0,0.0,0.0,0.0,1.5735294117647058,0.0,0.0,0.0,0.0,0.0,-1.0506566604127574,-0.3333333333333333,-0.48366013071895425,0.0
0.0,0.5,0.030014822134387352,0.0,0.0,0.0,-0.5,-0.5,0.35135135135135137,0.0,0.0,-1.0,-1.0,0.0,-1.0,0.0,0.0,1.0,0.0,0.3137943137943138,0.04871794871794872,0.2417910447761194,0.5,0.0,0.0,0.051055473735886106,0.0,-0.5422943221320974,0.0,-1.0,0.0,0.0,0.0,-1.0,-0.5,0.0,0.0,0.0,-0.7692307692307693,0.5,-1.0,-0.8944099378881988,0.0,0.0,0.0,0.0,0.8088235294117647,120.0,0.0,0.0,0.0,0.0,-0.06829268292682933,-1.0,-0.25439919557566615,0.0
0.0,0.45,0.20022233201581027,0.0,0.0,0.0,-0.5,-0.17391304347826086,-0.7837837837837838,2.0,0.0,-1.0,-1.0,1.0228310502283104,0.0,0.0,0.0,1.0,0.0,0.6353106353106354,-0.4111111111111111,0.16218905472636816,1.0,0.0,0.0,-0.027491408934707903,0.0,-0.6040942448821939,1.0,-1.0,1.0,0.0,0.0,0.0,0.0,0.0,-1.0,0.0,-0.38461538461538464,0.0,0.0,0.14492753623188406,0.0,0.0,0.0,0.0,-0.36764705882352944,0.0,0.0,0.0,0.0,0.0,-0.8346883468834682,0.0,-0.334841628959276,0.9145414040020279
0.0,0.0,0.6829298418972332,-1.0,0.2,0.0,-0.5,-0.043478260869565216,-0.6216216216216216,0.0,0.0,-0.75,-0.6,0.0,0.0,0.0,0.0,0.0,-3.0,0.8627588627588627,0.01452991452991453,0.9800995024875622,0.5,0.0,0.0,0.7795778105056456,0.0,0.03089996137504828,0.0,0.0,0.0,0.0,0.0,0.0,0.5,0.0,0.0,0.0,-0.23076923076923078,0.5,0.0,0.028985507246376812,0.0,0.0,0.0,1.3333333333333333,-0.36764705882352944,0.0,180.0,0.0,0.0,0.0,-0.25390869293308305,0.0,0.4917043740573152,0.0
0.0,-0.5,0.3264575098814229,0.0,0.5,-0.6666666666666666,-0.5,-1.5869565217391304,-0.6486486486486487,0.0,0.0,0.25,0.2,0.0,0.0,-3.0,0.0,1.0,0.0,0.3938223938223938,-0.32051282051282054,-0.07462686567164178,1.0,-1.0,-4.0,1.3333333333333333,0.8901098901098901,1.4677481653147935,0.0,0.0,0.0,0.0,1.0,0.0,2.0,-2.0,0.0,0.0,-0.2564102564102564,0.5,0.0,0.16563146997929606,0.0,-4.0,-2.0,0.8452380952380952,-0.36764705882352944,0.0,0.0,0.0,0.0,0.0,0.2609130706691682,1.0,0.8939165409753645,0.0
1.0,-2.45,-1.964550395256917,0.0,-0.2,1.3333333333333333,-1.0,-0.06521739130434782,0.21621621621621623,0.0,0.0,-1.75,-1.6,0.0,0.0,-2.0,0.0,0.0,-3.0,0.18462618462618463,-0.6196581196581197,-0.7194029850746269,1.0,0.0,0.0,-0.8973981345115366,0.0,-1.2885283893395134,1.0,-1.0,0.0,-2.0,0.0,-1.0,-1.5,0.0,-1.0,0.0,-0.2564102564102564,0.5,-1.0,-0.8033126293995859,0.0,0.0,0.0,0.0,-0.36764705882352944,0.0,0.0,0.0,0.0,0.0,-0.28893058161350826,-1.3333333333333333,-1.2257415786827552,0.0
1.0,-2.45,-1.6831768774703557,0.0,-0.2,1.0,-0.5,0.06521739130434782,-0.4864864864864865,0.0,0.0,-1.75,-1.6,0.0,0.0,0.0,1.0,0.0,-1.0,-0.5384345384345385,-0.36495726495726494,-1.4477611940298507,1.0,0.0,0.0,-0.9248895434462445,0.945054945054945,-0.24719969100038625,0.0,-1.0,1.0,0.0,0.0,0.0,-1.0,0.0,0.0,0.5,-0.10256410256410256,-1.0,-1.0,-0.5962732919254659,0.0,0.0,0.0,0.8392857142857143,-0.014705882352941176,0.0,0.0,0.0,0.0,0.0,1.742338961851156,-1.0,-0.9160382101558572,0.0
0.0,0.45,0.002840909090909091,0.0,0.0,-0.6666666666666666,0.0,-0.6956521739130435,-1.1891891891891893,0.0,0.0,0.25,0.2,0.0,0.0,0.0,0.0,1.0,0.0,0.02737802737802738,-0.4094017094017094,-0.3691542288557214,1.0,0.0,-4.0,-0.2533136966126657,0.8516483516483516,0.1761297798377752,1.0,-1.0,0.0,0.0,0.0,-2.0,-0.5,0.0,1.0,0.0,-1.0,0.5,-1.0,-0.9937888198757764,0.0,0.0,0.0,0.0,-0.36764705882352944,32.0,0.0,0.0,-2.0,0.0,1.560225140712945,-0.6666666666666666,-0.0955253896430367,0.0
0.0,1.75,1.5067934782608696,-1.0,-0.4,1.0,0.0,0.717391304347826,0.32432432432432434,0.0,0.0,0.0,0.0,0.0,-1.0,0.0,1.0,0.0,0.0,-0.5384345384345385,0.4282051282051282,-0.5243781094527363,0.5,0.0,0.0,-0.7049582719685813,1.0,-0.012359984550019312,0.0,0.0,1.0,0.0,0.0,0.0,1.0,0.0,-1.0,0.0,0.6666666666666666,0.0,0.0,-0.2111801242236025,0.0,0.0,0.0,0.0,-0.36764705882352944,0.0,0.0,0.0,0.0,1.0,-0.7792370231394617,0.6666666666666666,-0.29663147310206134,0.0
0.0,0.0,-0.3822875494071146,0.0,0.0,0.0,-0.5,-0.2826086956521739,-0.918918918918919,0.0,0.0,-2.25,0.2,0.0,0.0,0.0,0.0,1.0,0.0,-0.013338013338013339,-0.19572649572649573,0.5522388059701493,1.0,0.0,-4.0,0.35738831615120276,0.0,-0.30127462340672073,0.0,-1.0,1.0,0.0,0.0,0.0,0.0,0.0,0.0,1.0,-0.41025641025641024,0.5,-1.0,-0.7122153209109731,0.0,0.0,0.0,0.0,-0.36764705882352944,0.0,0.0,0.0,0.0,0.0,-0.26266416510318935,-0.3333333333333333,0.059326294620412265,0.0
1.0,-1.0,-0.9126729249011858,0.0,0.5,0.0,-0.5,-0.7608695652173914,0.05405405405405406,0.0,0.0,-1.0,-1.0,0.0,0.0,0.0,-1.0,-0.5,0.0,-0.5384345384345385,-0.49145299145299143,-1.5950248756218905,0.5,0.0,-4.0,-0.3946980854197349,0.0,-0.8930088837388953,0.0,-1.0,0.0,-1.0,0.0,0.0,-1.0,0.0,-1.0,0.0,-1.0769230769230769,0.5,-1.0,-0.8571428571428571,0.0,0.0,0.0,0.8571428571428571,-0.07352941176470588,80.0,0.0,0.0,0.0,0.0,-0.08755472170106311,-1.3333333333333333,-1.410759175465058,0.0
-3.0,-0.5,-0.39513339920948615,0.0,-0.3,0.0,-1.0,-1.1521739130434783,-1.1891891891891893,0.0,0.0,0.25,0.2,0.0,0.0,0.0,0.0,1.0,0.0,0.15654615654615656,-0.43162393162393164,-0.5402985074626866,1.0,-1.0,-4.0,-0.7206676485027,0.0,-1.149478563151796,0.0,-1.0,0.0,-1.0,0.0,0.0,-1.0,0.0,-1.0,1.25,0.0,-0.5,-2.0,-1.9875776397515528,-2.0,-2.0,-2.0,0.0,7.323529411764706,115.0,0.0,0.0,-3.0,-4.0,-0.814258911819887,-1.3333333333333333,-1.044746103569633,0.0
0.0,1.05,0.793848814229249,-1.0,0.3,0.0,1.0,0.41304347826086957,-0.02702702702702703,2.0,0.0,-2.25,-2.0,0.0,-1.0,0.0,1.0,0.0,0.0,1.18989118989119,2.5495726495726494,4.395024875621891,0.0,0.0,0.0,4.204221894943545,0.0,2.7253765932792584,1.0,1.0,0.0,1.0,0.0,-1.0,2.0,0.0,0.0,0.0,0.3076923076923077,0.0,0.0,0.2732919254658385,0.0,0.0,0.0,1.5714285714285714,0.7352941176470589,291.0,0.0,0.0,0.0,0.0,1.6863039399624757,1.6666666666666667,3.9708396178984415,0.0
0.0,-0.5,-0.08856225296442688,0.0,-0.9,-0.6666666666666666,0.5,-1.0434782608695652,-1.1891891891891893,0.0,0.0,0.25,0.2,0.0,0.0,-2.0,1.0,1.0,0.0,-0.07651807651807652,0.3752136752136752,0.06865671641791045,0.0,0.0,0.0,0.09032891507118311,0.9436813186813187,0.5500193124758594,1.0,0.0,0.0,1.0,0.0,0.0,1.0,0.0,-1.0,1.0,-1.4102564102564104,0.5,-1.0,-0.9937888198757764,0.0,0.0,-2.0,0.0,1.1029411764705883,0.0,0.0,0.0,-4.0,0.0,0.017510944340212622,0.6666666666666666,0.3690296631473102,0.0
0.0,-0.25,-0.414649209486166,0.0,0.7,0.0,-0.5,-0.13043478260869565,0.2702702702702703,2.0,0.0,-1.5,-1.4,0.5418569254185692,0.0,0.0,1.0,1.0,0.0,0.09336609336609336,-0.10854700854700855,-0.2537313432835821,0.0,0.0,0.0,-0.36917034855179187,0.0,-0.872923908845114,0.0,-1.0,0.0,0.0,0.0,-1.0,-0.5,0.0,-1.0,0.0,-0.3333333333333333,-1.0,-1.0,-0.7950310559006211,0.0,0.0,0.0,0.38095238095238093,-0.36764705882352944,0.0,0.0,0.0,-2.0,0.0,-0.8177611006879293,-1.0,-0.7199597787833082,0.4434698325247066
0.0,0.0,-0.48011363636363635,-1.0,0.0,0.0,-0.5,-0.32608695652173914,-0.24324324324324326,0.0,0.0,-1.0,-1.0,0.0,0.0,0.0,0.0,1.0,0.0,-0.3825903825903826,0.07606837606837606,-0.1582089552238806,0.25,0.0,0.0,-0.3436426116838488,0.0,-0.8528389339513326,0.0,-1.0,0.0,-1.0,0.0,0.0,-0.5,0.0,-1.0,0.0,-0.5641025641025641,-1.0,-1.0,-0.7577639751552795,0.0,0.0,0.0,0.07142857142857142,3.823529411764706,0.0,0.0,0.0,-1.0,0.0,-0.7722326454033765,-0.6666666666666666,-0.6586224233283057,0.0
1.0,-2.45,-1.8746294466403162,0.0,-1.0,1.0,0.0,0.0,-0.5675675675675675,0.0,0.0,-1.5,-1.4,1.735159817351598,0.0,0.0,0.0,1.0,0.0,-0.03861003861003861,-0.2760683760683761,-0.6358208955223881,1.0,0.0,0.0,-0.8149239077074129,0.75,-0.38006952491309387,0.0,-1.0,1.0,0.0,0.0,0.0,0.5,0.0,-1.0,1.0,-0.1794871794871795,0.5,-1.0,-0.8944099378881988,0.0,0.0,0.0,0.8571428571428571,0.04411764705882353,0.0,0.0,0.0,0.0,0.0,-0.9193245778611627,0.0,-0.5922574157868276,1.6529614817235163
-2.0,0.25,0.08016304347826086,0.0,0.9,1.0,0.5,0.6956521739130435,0.2972972972972973,0.0,0.0,0.0,0.0,0.0,-1.0,0.0,1.0,0.0,0.0,0.023166023166023165,-0.019658119658119658,-0.24975124378109453,0.5,0.0,0.0,-0.4339715267550319,1.239010989010989,0.4696794129007339,0.0,0.0,1.0,0.0,0.0,-1.0,0.5,0.0,-1.0,0.0,0.6410256410256411,0.0,0.0,0.5093167701863354,0.0,0.0,0.0,0.0,1.2205882352941178,0.0,0.0,0.0,0.0,0.0,0.45653533458411505,0.3333333333333333,0.1558572146807441,0.0
0.0,0.0,-0.0762104743083004,0.0,-0.5,0.0,-0.5,-0.17391304347826086,-0.7837837837837838,2.0,0.0,-1.0,-1.0,0.0,0.0,0.0,0.0,1.0,0.0,0.44155844155844154,-0.09829059829059829,0.4427860696517413,0.0,0.0,0.0,0.249386352479136,0.0,-0.3862495171881035,1.0,-1.0,0.0,-1.0,0.0,0.0,0.0,0.0,-1.0,1.0,-0.38461538461538464,0.5,0.0,-0.07867494824016563,-4.0,-4.0,0.0,0.0,-0.36764705882352944,184.0,0.0,0.0,-4.0,0.0,-0.4231811548884716,-0.3333333333333333,-0.05128205128205128,0.0
0.0,1.5,1.5127223320158103,-1.0,-0.6,0.0,0.5,-0.30434782608695654,0.08108108108108109,0.0,0.0,-2.25,0.2,0.0,0.0,0.0,0.0,1.0,0.0,1.2123552123552124,-0.382051282051282,1.0139303482587065,1.0,0.0,0.0,1.402061855670103,0.0,0.5206643491695635,1.0,0.0,0.0,-2.0,0.0,0.0,0.0,0.0,1.0,0.0,-0.5384615384615384,-1.0,0.0,0.016563146997929608,0.0,0.0,0.0,0.0,0.4264705882352941,0.0,161.0,0.0,-3.0,0.0,1.289972899728997,0.0,0.8275515334338863,0.0
0.0,-2.3,-1.7713685770750989,0.0,0.1,1.0,0.0,0.021739130434782608,-0.5405405405405406,0.0,0.0,-0.75,-2.2,0.0,0.0,0.0,0.0,1.0,0.0,-0.1776061776061776,-0.6401709401709401,-0.2716417910447761,1.0,0.0,0.0,-0.45557191948944525,0.6414835164835165,-0.2193897257628428,0.0,0.0,1.0,0.0,0.0,0.0,0.0,0.0,0.0,0.0,-0.15384615384615385,0.5,0.0,-0.16563146997929606,0.0,0.0,0.0,1.5476190476190477,-0.36764705882352944,0.0,0.0,0.0,0.0,0.0,-0.10798415676464435,0.3333333333333333,-0.3036701860231272,0.0
1.0,-0.5,-0.46504446640316205,0.0,0.5,1.0,-0.5,-0.45652173913043476,-1.135135135135135,2.0,0.0,0.25,0.2,2.191780821917808,0.0,0.0,0.0,1.0,0.0,-0.5384345384345385,0.8247863247863247,-0.0626865671641791,0.5,0.0,0.0,-0.249386352479136,1.3736263736263736,0.7663190421011974,0.0,0.0,0.0,1.0,1.0,0.0,2.0,0.0,-1.0,1.0,-0.717948717948718,0.5,0.0,-0.33126293995859213,0.0,0.0,-2.0,0.0,-0.36764705882352944,0.0,0.0,0.0,0.0,0.0,-0.534083802376485,1.0,0.4434389140271493,2.6486511745528882
0.0,0.5,0.018651185770750988,-1.0,0.8,1.0,1.0,0.43478260869565216,0.0,0.0,0.0,0.0,0.0,0.76103500761035,-1.0,0.0,1.0,0.0,0.0,-0.004914004914004914,-0.13760683760683762,-0.42686567164179107,0.0,0.0,0.0,-0.043200785468826705,1.1620879120879122,0.6906141367323291,0.0,0.0,1.0,0.0,0.0,-1.0,1.0,0.0,0.0,0.0,0.3333333333333333,0.0,0.0,-0.037267080745341616,0.0,0.0,0.0,1.0833333333333333,0.8235294117647058,0.0,0.0,0.0,0.0,0.0,0.2166979362101312,0.6666666666666666,0.21015585721468075,0.9081019032251909
-2.0,0.25,-0.39933300395256915,-1.0,0.9,0.0,0.0,0.782608695652174,0.40540540540540543,0.0,0.0,0.0,0.0,0.0,-1.0,0.0,1.0,0.0,0.0,-0.5005265005265005,1.2196581196581198,0.4507462686567164,0.0,0.0,0.0,0.25724104074619536,0.0,-0.38006952491309387,0.0,0.0,0.0,-1.0,0.0,-1.0,-1.0,0.0,-1.0,0.0,0.7435897435897436,-1.0,0.0,0.8115942028985508,0.0,0.0,0.0,0.0,1.1323529411764706,0.0,0.0,0.0,0.0,1.0,1.3658536585365846,-1.0,-0.043237807943690296,0.0
1.0,-0.5,0.030014822134387352,0.0,0.5,1.0,0.5,-0.9782608695652174,0.2972972972972973,1.0,0.0,-1.0,-1.0,0.0,0.0,-4.0,-1.0,1.0,0.0,-0.34047034047034047,0.12051282051282051,-0.6019900497512438,0.0,0.0,0.0,-0.7815414825724104,0.9464285714285714,-0.1328698339127076,0.0,0.0,0.0,0.0,0.0,-1.0,0.5,0.0,0.0,1.0,-1.3333333333333333,0.5,0.0,-0.4968944099378882,0.0,0.0,-2.0,0.0,-0.36764705882352944,116.0,0.0,0.0,0.0,0.0,-0.5190744215134455,0.0,-0.4142785319255908,0.0
0.0,0.5,0.030014822134387352,0.0,0.0,0.0,-0.5,-0.30434782608695654,-0.9459459459459459,0.0,0.0,-1.0,-1.0,0.8036529680365296,0.0,0.0,0.0,1.0,0.0,0.8529308529308529,-0.7307692307692307,0.09850746268656717,0.0,0.0,0.0,-0.09032891507118311,0.0,-0.6535341830822712,1.0,-1.0,0.0,0.0,0.0,0.0,0.0,0.0,-1.0,0.0,-0.5384615384615384,0.0,-1.0,-0.8695652173913043,0.0,0.0,0.0,1.3333333333333333,0.9264705882352942,0.0,0.0,0.0,-2.0,0.0,-0.928080050031269,-0.3333333333333333,-0.3991955756661639,0.7077722406890974
0.0,0.25,1.255064229249012,0.0,0.0,0.0,-0.5,-0.4782608695652174,0.16216216216216217,2.0,0.0,0.25,0.2,0.426179604261796,-1.0,0.0,0.0,1.0,0.0,0.37416637416637416,-0.5119658119658119,0.03283582089552239,0.0,0.0,0.0,0.5419734904270986,0.0,-0.1560448049439938,1.0,-1.0,0.0,-1.0,0.0,0.0,0.0,-4.0,1.0,0.75,-0.7435897435897436,0.5,-1.0,-0.7950310559006211,0.0,0.0,0.0,1.9285714285714286,0.25,0.0,168.0,0.0,0.0,0.0,0.011673962893474917,-0.3333333333333333,-0.1085972850678733,0.4294772833049389
0.0,-1.5,-0.6636610671936759,-1.0,0.4,0.0,0.5,0.6956521739130435,0.32432432432432434,0.0,0.0,0.0,0.0,0.5722983257229832,-1.0,0.0,1.0,0.0,0.0,-0.5384345384345385,1.5222222222222221,0.7492537313432835,0.0,0.0,0.0,0.551791850760923,0.0,-0.14831981460023175,0.0,0.0,0.0,-1.0,0.0,-1.0,0.0,0.0,0.0,0.0,0.6410256410256411,0.0,0.0,-0.024844720496894408,0.0,0.0,0.0,0.7857142857142857,0.14705882352941177,0.0,0.0,0.0,0.0,1.0,0.026266416510318934,-0.3333333333333333,0.2584213172448467,0.5777834950507974
0.0,0.0,-0.09350296442687747,0.0,0.0,0.0,-0.5,-0.32608695652173914,-0.972972972972973,0.0,0.0,0.0,0.0,0.0,0.0,0.0,0.0,1.0,0.0,0.19305019305019305,-0.5273504273504274,-0.2537313432835821,1.0,0.0,0.0,-0.4378988708885616,0.0,-0.9269988412514485,1.0,-1.0,0.0,0.0,0.0,0.0,-0.5,0.0,-1.0,1.0,-0.41025641025641024,0.5,0.0,0.5962732919254659,0.0,0.0,0.0,0.0,-0.36764705882352944,0.0,0.0,0.0,0.0,0.0,-0.9403377110694177,-0.6666666666666666,-0.7551533433886375,0.0
0.0,0.05,-0.07201086956521739,0.0,-0.1,0.0,0.0,0.21739130434782608,-0.2972972972972973,0.0,0.0,0.0,0.0,0.0,0.0,-2.0,1.0,1.0,0.0,-0.06669006669006669,0.4623931623931624,0.18407960199004975,1.0,0.0,0.0,-0.013745704467353952,0.0,-0.593279258400927,0.0,-1.0,1.0,0.0,0.0,0.0,-0.5,0.0,-1.0,0.0,0.07692307692307693,0.5,0.0,0.016563146997929608,0.0,0.0,0.0,0.7142857142857143,-0.36764705882352944,158.0,0.0,0.0,0.0,0.0,-0.18386491557223253,-0.6666666666666666,-0.3167420814479638,0.0
0.0,-0.75,0.2755681818181818,0.0,-0.6,-0.3333333333333333,-0.5,-1.0217391304347827,-1.1891891891891893,0.0,0.0,0.25,0.2,0.0,0.0,0.0,-1.0,1.0,0.0,-0.5384345384345385,0.4965811965811966,-0.44477611940298506,0.25,-1.0,0.0,-0.5851742758959254,0.0,-1.0428736964078795,0.0,-1.0,0.0,-1.0,0.0,0.0,-0.5,0.0,-1.0,1.0,-1.3846153846153846,0.5,-1.0,-1.1594202898550725,-1.0,-1.0,0.0,0.0,-0.36764705882352944,112.0,0.0,0.0,-2.0,0.0,-1.203001876172607,-1.0,-0.9270990447461036,0.0
0.0,1.2,0.677248023715415,0.0,0.4,0.0,2.0,0.782608695652174,0.40540540540540543,2.0,0.0,-1.75,-1.6,1.856925418569254,-3.0,0.0,0.0,-1.0,0.0,1.4777114777114777,0.1581196581196581,2.018905472636816,0.0,0.0,0.0,1.8321060382916052,0.0,0.8590189262263422,1.0,0.0,1.0,0.0,0.0,-3.0,1.5,0.0,0.0,0.0,0.7435897435897436,-1.0,1.0,1.7391304347826086,0.0,0.0,0.0,0.9285714285714286,0.4264705882352941,0.0,0.0,0.0,0.0,1.0,-0.03599471892154795,1.3333333333333333,1.5555555555555556,2.278084102809473
0.0,0.5,0.23950098814229248,-1.0,0.2,1.6666666666666667,0.0,-0.021739130434782608,-0.5945945945945946,0.0,0.0,-1.5,-1.4,2.0273972602739727,0.0,0.0,0.0,1.0,0.0,-0.5384345384345385,0.36153846153846153,-0.6019900497512438,1.0,0.0,0.0,0.5714285714285714,1.0178571428571428,1.0119737350328313,0.0,0.0,1.0,0.0,0.0,0.0,0.5,0.0,0.0,0.0,-0.20512820512820512,0.0,0.0,0.42650103519668736,0.0,0.0,0.0,0.0,1.161764705882353,0.0,0.0,0.0,-4.0,-4.0,1.3345841150719193,0.3333333333333333,0.3308195072900955,2.547439867280538
0.0,0.45,0.18021245059288538,-1.0,0.3,1.0,0.5,0.5,0.08108108108108109,0.0,0.0,0.0,0.0,5.607305936073059,-1.0,0.0,1.0,0.0,0.0,-0.5384345384345385,1.3444444444444446,0.5422885572139303,0.0,0.0,0.0,0.37309769268532156,1.4656593406593406,1.3595983005021244,0.0,0.0,1.0,0.0,0.0,-1.0,0.5,0.0,0.0,0.0,0.41025641025641024,0.0,1.0,1.6935817805383022,0.0,0.0,0.0,1.3095238095238095,-0.36764705882352944,0.0,0.0,0.0,0.0,0.0,1.897435897435896,0.3333333333333333,1.135243841126194,7.410246641634178
0.0,0.0,0.012969367588932806,-1.0,-0.7,1.0,0.0,0.5434782608695652,0.10810810810810811,0.0,0.0,0.0,0.0,0.0,0.0,0.0,1.0,0.0,-1.0,0.45279045279045277,-0.6658119658119658,-0.39303482587064675,0.0,0.0,0.0,-0.4025527736867943,1.2554945054945055,0.5129393588258014,1.0,0.0,1.0,0.0,0.0,0.0,0.5,0.0,-1.0,0.0,0.46153846153846156,0.0,0.0,0.2732919254658385,0.0,0.0,0.0,0.0,0.16176470588235295,0.0,0.0,0.0,-2.0,0.0,0.526579111944965,0.6666666666666666,0.11161387631975868,0.0
0.0,-0.85,0.3556077075098814,0.0,-0.6,1.0,0.5,-1.0217391304347827,0.2702702702702703,1.0,0.0,-1.0,-1.0,0.0,-1.0,0.0,-1.0,0.0,0.0,-0.5384345384345385,1.364957264957265,0.5661691542288557,0.0,0.0,0.0,0.3711340206185567,1.1043956043956045,0.9517188103514871,0.0,-1.0,1.0,0.0,0.0,-1.0,1.5,0.0,1.0,1.0,-1.3846153846153846,0.5,-1.0,-0.8198757763975155,0.0,0.0,0.0,0.0,-0.36764705882352944,0.0,145.0,0.0,-2.0,0.0,0.0807449100132027,0.6666666666666666,0.881850175967823,0.0
0.0,-0.5,0.3264575098814229,0.0,0.5,1.0,-1.0,-1.5869565217391304,0.16216216216216217,0.0,0.0,-1.0,-1.0,0.0,0.0,0.0,-1.0,0.5,1.0,-0.5384345384345385,-0.8162393162393162,-1.973134328358209,1.0,-1.0,-4.0,-0.7717231222385862,0.8241758241758241,-0.26264967168791037,0.0,0.0,0.0,0.0,1.0,0.0,0.5,0.0,-1.0,1.25,0.0,-0.5,-2.0,-1.9875776397515528,-2.0,-2.0,-2.0,1.3095238095238095,1.3088235294117647,210.0,0.0,0.0,0.0,0.0,-0.729205753595997,0.0,-1.191553544494721,0.0
0.0,1.0,0.6199357707509882,-1.0,0.0,0.0,0.0,-0.34782608695652173,-1.0,0.0,0.0,0.0,0.0,0.0,0.0,0.0,0.0,1.0,0.0,0.5524745524745525,-0.017948717948717947,0.5024875621890548,0.0,0.0,-4.0,0.3082965144820815,0.0,-0.3398995751255311,0.0,-1.0,1.0,0.0,0.0,0.0,0.0,0.0,1.0,0.0,-0.5897435897435898,0.5,-1.0,-0.5962732919254659,0.0,0.0,0.0,0.0,0.22058823529411764,0.0,0.0,0.0,0.0,0.0,-0.3356264331874084,-0.3333333333333333,0.00904977375565611,0.0
1.0,-1.0,-1.106348814229249,0.0,-0.9,-0.6666666666666666,0.0,-0.5652173913043478,-1.1891891891891893,0.0,0.0,-1.75,-1.6,0.0,0.0,-2.0,0.0,1.0,0.0,0.02176202176202176,0.21794871794871795,0.024875621890547265,0.0,0.0,0.0,-0.16298478154148258,0.9065934065934066,0.3089996137504828,0.0,0.0,0.0,0.0,0.0,0.0,0.5,0.0,1.0,1.0,-0.7692307692307693,0.5,0.0,-0.2484472049689441,0.0,0.0,0.0,0.0,-0.014705882352941176,36.0,0.0,0.0,0.0,0.0,0.19637273295809884,0.0,0.19004524886877827,0.0
0.0,3.0,7.563117588932807,-1.0,-0.5,1.0,2.0,0.7391304347826086,0.3783783783783784,2.0,0.0,-1.75,-1.6,4.639269406392694,-3.0,0.0,1.0,-1.0,-2.0,2.6346086346086346,0.6846153846153846,4.271641791044776,0.0,0.0,0.0,4.027491408934708,2.1126373626373627,4.962533796832754,1.0,1.0,1.0,0.0,0.0,-3.0,2.5,0.0,0.0,0.5,0.6923076923076923,-1.0,1.0,1.6728778467908902,0.0,0.0,0.0,1.2380952380952381,5.602941176470588,0.0,0.0,0.0,0.0,1.0,3.477514355563134,2.3333333333333335,5.364504776269482,8.65937309523731
0.0,1.25,0.5702816205533597,-1.0,0.3,1.0,0.5,0.5,0.08108108108108109,0.0,0.0,0.0,0.0,3.6164383561643834,-1.0,0.0,1.0,0.0,0.0,0.47104247104247104,0.31196581196581197,0.7711442786069652,0.0,0.0,0.0,0.5812469317623957,1.3942307692307692,1.4430281962147546,1.0,0.0,1.0,0.0,0.0,-1.0,1.0,0.0,0.0,0.0,0.41025641025641024,-1.0,1.0,1.4658385093167703,0.0,0.0,0.0,1.4226190476190477,0.5147058823529411,0.0,0.0,0.0,0.0,0.0,1.2826766729205745,1.0,1.30517848164907,4.83398461338442
-2.0,-0.4,-0.4887598814229249,0.0,0.9,0.0,0.5,0.6956521739130435,0.2972972972972973,0.0,0.0,0.0,0.0,0.0,-1.0,0.0,1.0,0.0,0.0,-0.5384345384345385,1.3324786324786324,0.5283582089552239,0.0,0.0,0.0,0.35149729995090817,0.0,-0.30590961761297797,0.0,0.0,0.0,0.0,0.0,-1.0,0.0,0.0,0.0,0.0,0.6410256410256411,0.5,0.0,-0.11180124223602485,0.0,0.0,0.0,0.2261904761904762,1.75,0.0,0.0,0.0,0.0,0.0,-0.27141963727329566,-0.3333333333333333,0.04424333836098542,0.0
0.0,0.0,0.9440464426877471,0.0,0.0,0.0,-0.5,-0.3695652173913043,0.16216216216216217,2.0,0.0,0.25,0.2,0.0,0.0,0.0,0.0,0.0,0.0,-0.009126009126009126,0.12564102564102564,-0.1263681592039801,1.0,0.0,0.0,-0.3122238586156112,0.0,-0.8281189648512939,0.0,-1.0,0.0,-1.0,0.0,0.0,-1.0,0.0,-1.0,0.0,-0.6153846153846154,0.5,-1.0,-0.9440993788819876,0.0,0.0,0.0,1.5535714285714286,-0.36764705882352944,156.0,0.0,0.0,0.0,0.0,0.09631019387116943,-1.3333333333333333,-0.6264454499748617,0.0
0.0,-0.15,1.3511610671936758,-1.0,0.4,1.0,1.5,0.7608695652173914,0.3783783783783784,2.0,0.0,0.0,0.0,1.6316590563165905,-3.0,0.0,1.0,-1.0,-3.0,1.3288873288873289,-0.6076923076923076,0.9164179104477612,0.0,0.0,0.0,0.7638684339715267,1.6991758241758241,1.929702587871765,1.0,0.0,1.0,0.0,0.0,-3.0,2.5,0.0,0.0,0.0,0.717948717948718,-1.0,1.0,1.565217391304348,0.0,0.0,0.0,0.75,0.6029411764705882,0.0,0.0,0.0,0.0,1.0,0.3526067428506449,2.0,1.6953242835595776,2.319818033953719
0.0,-0.6,-0.09399703557312253,-1.0,-0.5,0.0,-1.0,-1.1521739130434783,0.21621621621621623,0.0,0.0,0.25,0.2,0.0,0.0,0.0,-1.0,1.0,-1.0,-0.04984204984204984,-0.5085470085470085,-0.9223880597014925,0.0,0.0,0.0,-0.9464899361806578,0.0,-1.3271533410583236,1.0,-1.0,0.0,-1.0,0.0,0.0,-0.5,0.0,-1.0,1.25,0.0,-0.5,-2.0,-1.9875776397515528,-2.0,-2.0,-2.0,0.0,-0.36764705882352944,144.0,0.0,0.0,0.0,0.0,-1.8474046278924316,-0.6666666666666666,-1.3534439416792359,0.0
0.0,0.2,5.728631422924901,-1.0,-0.6,0.0,0.0,-0.34782608695652173,-0.5135135135135135,2.0,0.0,0.25,-0.4,0.0,-1.0,0.0,1.0,1.0,0.0,1.173043173043173,0.5786324786324787,2.0766169154228855,1.0,0.0,0.0,2.804123711340206,0.0,1.6237929702587872,1.0,1.0,0.0,1.0,1.0,0.0,1.5,-6.0,1.0,0.0,-0.1282051282051282,0.0,0.0,0.016563146997929608,0.0,0.0,0.0,0.0,-0.36764705882352944,200.0,0.0,0.0,0.0,-2.0,0.9271072197901463,1.3333333333333333,2.0824534942182003,0.0
0.0,0.75,0.17823616600790515,0.0,1.1,1.6666666666666667,0.0,0.32608695652173914,-0.13513513513513514,0.0,0.0,-1.5,-1.4,1.3333333333333333,-1.0,0.0,0.0,0.0,-3.0,0.5608985608985609,0.34273504273504274,0.9343283582089552,0.0,0.0,0.0,0.8286696121747669,0.0,0.06952491309385864,1.0,0.0,0.0,0.0,0.0,-1.0,-0.5,0.0,0.0,0.0,0.20512820512820512,0.0,0.0,0.4968944099378882,0.0,0.0,0.0,1.3333333333333333,-0.36764705882352944,0.0,0.0,0.0,0.0,-4.0,1.3185741088180107,-0.3333333333333333,0.4937154348919055,1.41378367998846
1.0,-0.5,-0.8210227272727273,-1.0,-0.9,1.0,0.0,-1.1521739130434783,0.13513513513513514,0.0,0.0,0.25,0.2,0.0,0.0,0.0,-1.0,-0.5,-1.0,-0.5384345384345385,0.2282051282051282,-0.7572139303482587,0.0,0.0,0.0,-0.6597938144329897,0.8392857142857143,-0.15758980301274622,0.0,0.0,0.0,0.0,0.0,0.0,0.0,0.0,-1.0,1.0,-1.5384615384615385,-1.0,0.0,0.09109730848861283,0.0,-4.0,0.0,0.0,-0.36764705882352944,84.0,0.0,0.0,0.0,0.0,0.008755472170106311,-0.3333333333333333,-0.5087983911513323,0.0
0.0,-0.5,-0.5628705533596838,0.0,0.0,0.0,-0.5,-0.391304347826087,0.35135135135135137,0.0,0.0,0.0,0.0,0.0,0.0,0.0,2.0,0.5,1.0,-0.5384345384345385,-0.8162393162393162,-1.973134328358209,0.0,0.0,0.0,-0.510554737358861,0.0,-0.9841637697952877,0.0,-1.0,0.0,-1.0,0.0,0.0,-0.5,-2.0,0.0,1.0,-0.3333333333333333,0.5,-1.0,-0.36438923395445133,0.0,0.0,0.0,0.0,-0.36764705882352944,0.0,0.0,0.0,0.0,0.0,-1.0699186991869911,-1.0,-1.6611362493715436,0.0
0.0,-1.0,-1.106348814229249,0.0,-0.9,0.0,-2.5,-0.5869565217391305,-1.1891891891891893,0.0,0.0,0.0,0.0,0.0,-2.0,-3.0,2.0,0.5,1.0,-0.5384345384345385,-0.8162393162393162,-1.973134328358209,0.25,-1.0,-3.0,-1.4786450662739323,0.0,-1.745847817690228,0.0,-1.0,0.0,-2.0,0.0,-2.0,-2.0,0.0,-1.0,1.25,0.0,-0.5,-2.0,-1.9875776397515528,-2.0,-2.0,-2.0,0.0,-0.36764705882352944,0.0,0.0,0.0,0.0,0.0,-1.041901188242651,-2.0,-2.156862745098039,0.0
0.0,0.2,-0.10437252964426877,-1.0,-0.4,1.0,1.0,0.6739130434782609,0.2702702702702703,0.0,0.0,0.0,0.0,0.0,-1.0,0.0,1.0,-1.0,-3.0,-0.5384345384345385,0.3923076923076923,-0.5661691542288557,0.0,0.0,0.0,-0.7461953853706431,0.9711538461538461,-0.0772499034376207,0.0,0.0,1.0,0.0,0.0,-1.0,0.0,0.0,0.0,0.0,0.6153846153846154,-1.0,0.0,-0.3188405797101449,0.0,0.0,0.0,0.5952380952380952,0.14705882352941177,0.0,0.0,0.0,0.0,0.0,0.1605169897852822,0.0,-0.3599798893916541,0.0
0.0,0.0,-0.6122776679841897,0.0,-0.5,1.0,-0.5,-1.3695652173913044,-0.08108108108108109,0.0,0.0,-1.0,-1.0,0.0,0.0,0.0,0.0,0.0,-2.0,0.8220428220428221,-0.5632478632478632,0.24975124378109453,1.0,0.0,0.0,-0.524300441826215,0.7239010989010989,-0.18076477404403243,1.0,-1.0,0.0,0.0,0.0,0.0,-0.5,0.0,-1.0,1.25,0.0,-0.5,-2.0,-1.9875776397515528,-2.0,-2.0,-2.0,0.5059523809523809,-0.36764705882352944,148.0,0.0,0.0,0.0,0.0,0.7512195121951212,-0.6666666666666666,-0.015082956259426848,0.0
0.0,-0.65,-0.1369812252964427,-1.0,-0.7,1.0,0.5,0.5434782608695652,0.13513513513513514,0.0,0.0,0.0,0.0,0.0,0.0,0.0,1.0,0.0,-3.0,-0.5384345384345385,0.688034188034188,-0.2218905472636816,0.0,0.0,0.0,-0.406480117820324,1.1593406593406594,0.40169949787562764,0.0,0.0,1.0,0.0,0.0,-1.0,1.0,0.0,-1.0,0.0,0.46153846153846156,-1.0,0.0,0.19461697722567287,0.0,0.0,0.0,0.7142857142857143,1.911764705882353,0.0,0.0,0.0,0.0,0.0,-0.19262038774233886,0.6666666666666666,0.1256913021618904,0.0
0.0,0.15,0.8044713438735178,-1.0,0.0,0.0,-1.0,-0.021739130434782608,-0.5945945945945946,2.0,0.0,-1.0,-1.0,0.0,0.0,0.0,0.0,1.0,0.0,0.303966303966304,-0.36495726495726494,-0.2537313432835821,1.0,0.0,0.0,-0.4378988708885616,0.0,-0.9269988412514485,0.0,-1.0,0.0,0.0,0.0,0.0,-0.5,0.0,-1.0,1.0,0.0,0.5,0.0,0.39751552795031053,0.0,0.0,0.0,1.2857142857142858,-0.36764705882352944,0.0,0.0,0.0,-1.0,0.0,-0.9403377110694177,-1.0,-0.7551533433886375,0.0
0.0,0.05,0.5124752964426877,-1.0,0.7,0.0,-0.5,-0.10869565217391304,-0.7027027027027027,2.0,0.0,-0.75,-0.6,1.1445966514459665,0.0,0.0,0.0,1.0,0.0,0.4064584064584065,-0.1700854700854701,0.11840796019900497,1.0,0.0,0.0,0.14138438880706922,0.0,-0.4712244109694863,0.0,-1.0,1.0,0.0,0.0,0.0,0.5,0.0,0.0,0.0,-0.3076923076923077,0.5,-1.0,-0.5962732919254659,0.0,0.0,0.0,2.7738095238095237,-0.36764705882352944,0.0,0.0,0.0,0.0,0.0,-1.066916823014383,0.0,-0.2704876822523881,1.063637882101381
0.0,0.0,0.4803606719367589,0.0,-0.7,0.0,1.0,0.6086956521739131,0.21621621621621623,0.0,0.0,0.0,0.0,2.9162861491628616,-1.0,0.0,1.0,0.0,-3.0,1.3681993681993683,-0.43504273504273505,1.173134328358209,0.0,0.0,0.0,1.009327442317133,0.0,0.21166473541908074,1.0,0.0,0.0,0.0,0.0,-1.0,0.0,0.0,0.0,0.0,0.5384615384615384,0.0,0.0,0.7867494824016563,0.0,0.0,0.0,1.0714285714285714,-0.36764705882352944,0.0,0.0,0.0,-2.0,0.0,0.7062747550552422,0.0,0.7068878833584716,3.185117136919103
0.0,0.75,1.2654397233201582,0.0,1.1,0.0,1.5,0.717391304347826,0.32432432432432434,2.0,0.0,0.0,0.0,3.5555555555555554,-3.0,0.0,1.0,-1.0,-3.0,1.2306072306072307,0.1717948717948718,1.6845771144278607,0.0,0.0,0.0,1.4747177221404026,0.0,0.5778292777134029,1.0,0.0,0.0,-1.0,0.0,-3.0,1.0,0.0,0.0,0.0,0.6666666666666666,-1.0,1.0,1.1801242236024845,0.0,0.0,0.0,1.6071428571428572,0.6323529411764706,0.0,0.0,0.0,0.0,0.0,0.056910569105691027,0.6666666666666666,1.2036199095022624,4.160828638595769
0.0,1.05,0.37586462450592883,0.0,0.3,1.0,1.0,0.5869565217391305,0.16216216216216217,0.0,0.0,0.0,0.0,0.4383561643835616,-1.0,0.0,1.0,0.0,0.0,-0.5384345384345385,0.8401709401709402,-0.04477611940298507,0.0,0.0,0.0,-0.17673048600883653,1.7692307692307692,1.268443414445732,0.0,0.0,1.0,1.0,0.0,-1.0,1.0,0.0,0.0,0.5,0.5128205128205128,-1.0,1.0,0.6956521739130435,0.0,0.0,0.0,0.0,0.45588235294117646,0.0,0.0,0.0,0.0,0.0,1.0353345841150714,0.6666666666666666,0.7792860734037205,0.571965492511853
0.0,0.4,0.16341403162055335,0.0,0.2,0.0,0.5,0.5434782608695652,0.13513513513513514,2.0,0.0,0.0,0.0,0.0,-1.0,0.0,1.0,-1.0,0.0,-0.33625833625833623,-0.1683760683760684,1.31044776119403,0.0,0.0,0.0,1.1644575355915563,0.0,0.33371958285052145,1.0,0.0,0.0,0.0,0.0,-1.0,0.5,-6.0,0.0,0.0,0.46153846153846156,-1.0,0.0,0.42650103519668736,0.0,0.0,0.0,0.4642857142857143,0.7058823529411765,0.0,0.0,0.0,0.0,0.0,0.2363977485928704,0.3333333333333333,0.8557063851181498,0.0
-1.0,-1.8,-1.3390563241106719,0.0,0.0,1.3333333333333333,0.5,0.5434782608695652,0.10810810810810811,0.0,0.0,-1.0,-1.0,1.1080669710806696,0.0,0.0,1.0,0.0,-3.0,0.2815022815022815,-0.8162393162393162,-0.5343283582089552,0.0,0.0,0.0,-0.6283750613647521,0.0,-1.0768636539204326,1.0,-1.0,0.0,-2.0,0.0,0.0,-1.0,0.0,-1.0,0.0,0.46153846153846156,-1.0,-1.0,-0.46790890269151136,0.0,0.0,0.0,0.7142857142857143,0.22058823529411764,0.0,0.0,0.0,0.0,0.0,-0.6085053158223886,-1.0,-0.9944695827048768,0.8376513626266328
0.0,-0.6,1.8837697628458498,-1.0,-0.4,1.0,0.5,0.717391304347826,0.32432432432432434,0.0,0.0,0.0,0.0,0.0,-1.0,0.0,1.0,0.0,-3.0,0.23938223938223938,-0.6452991452991453,-0.6716417910447762,0.0,0.0,0.0,-0.8306332842415317,1.1428571428571428,0.04943993820007725,1.0,0.0,1.0,0.0,0.0,-1.0,0.5,0.0,0.0,0.0,0.6666666666666666,0.0,0.0,-0.2236024844720497,0.0,0.0,0.0,0.5952380952380952,-0.014705882352941176,0.0,0.0,0.0,0.0,1.0,-0.2238899312070041,0.6666666666666666,-0.3308195072900955,0.0
0.0,0.5,1.0767045454545454,-1.0,0.2,-0.6666666666666666,0.5,0.32608695652173914,-0.16216216216216217,0.0,0.0,-1.5,-1.4,1.0837138508371384,-1.0,-2.0,1.0,0.0,0.0,0.8683748683748683,-0.8162393162393162,0.4228855721393035,0.5,0.0,0.0,0.5694648993618066,1.1071428571428572,1.1108536114329857,0.0,0.0,1.0,1.0,0.0,-1.0,1.5,0.0,-1.0,0.0,0.20512820512820512,0.5,1.0,1.2670807453416149,0.0,0.0,0.0,0.0,-0.36764705882352944,0.0,0.0,0.0,0.0,0.0,0.2811479396845247,1.0,0.9130216189039718,1.3821051954071326
0.0,0.0,-0.18317687747035574,-1.0,-0.9,-0.6666666666666666,0.0,-1.0869565217391304,-1.1891891891891893,0.0,0.0,-2.25,0.2,0.0,0.0,0.0,-1.0,0.0,0.0,-0.11723411723411724,0.49145299145299143,0.14626865671641792,0.0,0.0,-4.0,-0.33775159548355427,0.989010989010989,0.2641946697566628,0.0,-1.0,1.0,0.0,0.0,0.0,0.0,0.0,0.0,1.0,-0.7692307692307693,0.5,0.0,-0.16563146997929606,0.0,0.0,0.0,0.0,0.19117647058823528,0.0,0.0,0.0,0.0,0.0,0.8055034396497807,-0.3333333333333333,0.2222222222222222,0.0
0.0,-0.8,-0.5520009881422925,0.0,-0.1,1.3333333333333333,-0.5,-0.06521739130434782,-0.6486486486486487,0.0,0.0,0.0,0.0,0.0,0.0,-2.0,0.0,0.0,-3.0,0.3306423306423306,-0.5615384615384615,-0.44477611940298506,0.0,0.0,0.0,-0.6264113892979872,0.0,-1.0753186558516803,1.0,-1.0,0.0,-1.0,0.0,0.0,-0.5,0.0,-1.0,1.0,0.1794871794871795,0.5,0.0,0.5962732919254659,0.0,0.0,0.0,0.6190476190476191,-0.36764705882352944,0.0,0.0,0.0,0.0,0.0,-1.2765478424015002,-0.6666666666666666,-0.9482151835093011,0.0
1.0,-1.05,-0.3071887351778656,-1.0,0.5,0.0,-0.5,-0.391304347826087,0.02702702702702703,0.0,0.0,-1.0,-1.0,0.0,0.0,-2.0,0.0,1.0,0.0,-0.2857142857142857,-0.8162393162393162,-0.33134328358208953,1.0,0.0,0.0,-0.5144820814923907,0.0,-0.9872537659327926,1.0,-1.0,0.0,-1.0,0.0,0.0,-1.0,0.0,-1.0,1.0,-0.4358974358974359,0.0,0.0,0.9937888198757764,0.0,0.0,0.0,0.8333333333333334,0.36764705882352944,0.0,0.0,0.0,-2.0,0.0,-0.3545966228893056,-1.0,-0.8335847159376572,0.0
-2.0,0.25,-0.02556818181818182,0.0,0.9,1.0,0.5,0.6521739130434783,0.2702702702702703,0.0,0.0,0.0,0.0,0.0,-1.0,0.0,1.0,0.0,0.0,-0.5384345384345385,0.7427350427350428,-0.1582089552238806,0.0,0.0,0.0,-0.3436426116838488,1.6236263736263736,0.9733487833140209,0.0,0.0,1.0,1.0,0.0,-1.0,1.0,0.0,0.0,0.5,0.5897435897435898,-1.0,0.0,0.5590062111801242,0.0,0.0,0.0,1.0833333333333333,2.3088235294117645,0.0,0.0,0.0,0.0,0.0,0.617260787992495,0.6666666666666666,0.5299145299145299,0.0
0.0,-0.85,-1.3427618577075098,0.0,0.1,0.0,0.0,0.08695652173913043,-0.4594594594594595,0.0,0.0,-0.75,-0.6,0.0,0.0,0.0,0.0,0.0,0.0,0.2464022464022464,0.05555555555555555,0.15422885572139303,1.0,0.0,0.0,-0.035346097201767304,0.0,-0.6102742371572035,0.0,0.0,0.0,-1.0,0.0,0.0,-1.0,0.0,-1.0,0.0,-0.07692307692307693,0.0,0.0,-0.16563146997929606,0.0,0.0,0.0,0.0,0.4411764705882353,0.0,200.0,0.0,0.0,-4.0,0.7135709818636644,-1.0,-0.342885872297637,0.0
1.0,-1.0,-0.8593132411067194,0.0,0.5,0.0,-0.5,-0.34782608695652173,-1.0,2.0,0.0,-2.25,-2.0,0.0,0.0,0.0,0.0,1.0,0.0,-0.10600210600210601,0.24358974358974358,-0.1263681592039801,0.5,0.0,-4.0,-0.3122238586156112,0.0,-0.8281189648512939,0.0,-1.0,0.0,0.0,0.0,0.0,-0.5,0.0,-1.0,0.0,-0.5897435897435898,-1.0,-1.0,-0.7950310559006211,0.0,0.0,0.0,0.0,-0.36764705882352944,0.0,0.0,0.0,0.0,0.0,-0.7161976235146964,-1.0,-0.6264454499748617,0.0
0.0,0.85,0.4119318181818182,-1.0,0.4,0.0,1.0,0.717391304347826,0.32432432432432434,0.0,0.0,0.0,0.0,1.5220700152207,-1.0,0.0,1.0,-1.0,-3.0,-0.5384345384345385,2.105128205128205,1.427860696517413,0.0,0.0,0.0,1.2371134020618557,0.0,0.39088451139436076,0.0,0.0,0.0,0.0,0.0,-1.0,0.5,0.0,0.0,0.0,0.6666666666666666,0.0,1.0,1.7722567287784678,0.0,0.0,0.0,1.005952380952381,0.20588235294117646,0.0,0.0,0.0,0.0,0.0,0.32895559724827983,0.0,0.9522373051784816,1.7215489887954196
0.0,-0.15,-0.17329545454545456,0.0,-0.5,0.0,-1.0,-0.5217391304347826,0.24324324324324326,0.0,0.0,0.0,0.0,0.0,0.0,0.0,0.0,0.5,1.0,-0.5384345384345385,-0.8162393162393162,-1.973134328358209,0.0,0.0,0.0,0.07658321060382917,0.0,-0.5222093472383159,0.0,0.0,0.0,-1.0,0.0,-1.0,-0.5,0.0,-1.0,1.0,0.5641025641025641,-1.0,0.0,0.16563146997929606,0.0,0.0,-2.0,0.0,1.0441176470588236,0.0,0.0,0.0,-2.0,0.0,-0.02276422764227661,-0.6666666666666666,-1.3604826546003017,0.0
0.0,0.75,0.2832262845849802,0.0,0.4,1.0,0.5,0.6521739130434783,0.2702702702702703,0.0,0.0,0.0,0.0,1.7777777777777777,-1.0,0.0,1.0,0.0,0.0,0.6774306774306774,-0.5905982905982906,0.012935323383084577,0.0,0.0,0.0,-0.15905743740795286,1.4285714285714286,0.899188876013905,1.0,0.0,1.0,0.0,0.0,-1.0,1.0,0.0,0.0,0.5,0.5897435897435898,0.0,1.0,1.619047619047619,0.0,0.0,0.0,1.9047619047619047,0.5441176470588235,0.0,0.0,0.0,0.0,0.0,0.5121951219512192,1.0,0.5681246857717446,2.1949766038789438
1.0,-0.6,-0.7654397233201581,0.0,-0.9,-0.3333333333333333,-0.5,-1.108695652173913,-1.1891891891891893,0.0,0.0,-1.0,-1.0,0.0,0.0,0.0,-1.0,1.0,0.0,-0.5384345384345385,0.8811965811965812,0.0029850746268656717,1.0,0.0,-4.0,-0.07658321060382917,0.0,-0.6427191966010043,0.0,-1.0,0.0,-1.0,0.0,0.0,-0.5,0.0,0.0,1.0,-1.4871794871794872,0.5,-1.0,-0.8281573498964804,0.0,0.0,0.0,0.0,-0.36764705882352944,116.0,0.0,0.0,0.0,0.0,-0.2959349593495934,-1.0,-0.44042232277526394,0.0
0.0,-0.05,1.326951581027668,-1.0,0.0,0.0,-0.5,-0.34782608695652173,-1.0,0.0,0.0,0.25,0.2,0.0,0.0,0.0,0.0,1.0,0.0,0.7181467181467182,-0.4794871794871795,0.2,1.0,0.0,-4.0,0.009818360333824251,0.0,-0.574739281575898,1.0,-1.0,0.0,-1.0,0.0,0.0,0.0,0.0,0.0,0.0,-0.5897435897435898,-1.0,-1.0,-0.7494824016563147,0.0,0.0,0.0,1.5952380952380953,-0.36764705882352944,0.0,122.0,0.0,-1.0,0.0,-0.7792370231394617,-0.3333333333333333,-0.29663147310206134,0.0
-3.0,-0.5,0.38574604743083,0.0,-0.3,-0.6666666666666666,-1.0,-1.1521739130434783,-1.1891891891891893,0.0,0.0,-1.0,-1.0,0.0,0.0,0.0,0.0,1.0,0.0,0.35591435591435594,-0.8162393162393162,-0.7054726368159204,0.5,0.0,0.0,-0.37309769268532156,0.603021978021978,-0.197759752800309,0.0,-1.0,1.0,0.0,0.0,0.0,0.5,0.0,-1.0,0.75,0.358974358974359,0.5,-1.0,0.37267080745341613,0.0,0.0,0.0,0.0,0.3235294117647059,120.0,0.0,0.0,0.0,0.0,-0.6241400875547213,0.0,-0.5087983911513323,0.0
0.0,-0.65,3.0616353754940713,-0.6666666666666666,-0.4,1.0,0.5,0.5,0.08108108108108109,0.0,0.0,-1.5,-1.4,0.0,0.0,0.0,1.0,0.0,-2.0,0.3095823095823096,-0.6025641025641025,-0.5223880597014925,0.0,0.0,0.0,-0.7029945999018163,0.9848901098901099,-0.027809965237543453,0.0,0.0,1.0,0.0,0.0,0.0,0.0,0.0,0.0,0.0,0.41025641025641024,0.5,0.0,-0.3064182194616977,0.0,0.0,0.0,1.5714285714285714,-0.04411764705882353,0.0,0.0,0.0,0.0,0.0,0.25390869293308305,0.3333333333333333,-0.30568124685771747,0.0
0.0,-1.35,-1.5520009881422925,0.0,-1.2,0.0,0.5,0.6521739130434783,0.2702702702702703,0.0,0.0,0.0,0.0,0.1095890410958904,-1.0,0.0,1.0,0.0,-2.0,-0.5384345384345385,1.5324786324786326,0.7611940298507462,0.0,0.0,0.0,0.9229258713794797,0.0,0.1436848203939745,0.0,0.0,0.0,-1.0,0.0,-1.0,0.5,0.0,0.0,0.0,0.5897435897435898,-1.0,0.0,-0.2484472049689441,0.0,0.0,0.0,0.8511904761904762,-0.07352941176470588,0.0,0.0,0.0,0.0,0.0,-0.07129455909943733,0.0,0.45449974861739567,0.11803506424191461
0.0,0.05,0.4601037549407115,-1.0,0.7,0.0,-0.5,-0.34782608695652173,0.05405405405405406,2.0,0.0,0.25,0.2,1.095890410958904,0.0,0.0,0.0,0.0,0.0,1.2895752895752897,-0.6623931623931624,0.7970149253731343,1.0,0.0,0.0,0.5989199803632793,0.0,-0.11123986095017381,1.0,-1.0,1.0,0.0,0.0,0.0,-0.5,-2.0,0.0,1.0,-0.5897435897435898,0.5,0.0,0.19875776397515527,0.0,0.0,0.0,0.0,-0.36764705882352944,0.0,95.0,0.0,0.0,0.0,0.9088180112570348,-0.3333333333333333,0.3066867772750126,1.1160569392138817
0.0,0.35,0.1312994071146245,0.0,-0.1,0.0,-0.5,0.021739130434782608,-0.5135135135135135,0.0,0.0,-1.5,-1.4,0.0,0.0,0.0,0.0,0.0,-3.0,0.9652509652509652,-0.4829059829059829,0.7910447761194029,0.5,0.0,0.0,0.5930289641629848,0.0,-0.11587485515643106,1.0,-1.0,0.0,-1.0,0.0,0.0,0.0,0.0,0.0,0.0,-0.1282051282051282,0.0,0.0,-0.2567287784679089,0.0,0.0,0.0,1.4285714285714286,0.19117647058823528,0.0,0.0,0.0,0.0,0.0,0.08755472170106311,-0.3333333333333333,0.3006535947712418,0.0
0.0,-0.35,1.0939970355731226,0.0,-0.5,0.0,-0.5,-0.717391304347826,-0.6756756756756757,0.0,0.0,0.5,0.4,0.0,0.0,0.0,0.0,1.0,0.0,-0.13127413127413126,0.3905982905982906,0.008955223880597015,0.0,0.0,0.0,-0.17869415807560138,0.0,-0.7230590961761297,1.0,-1.0,0.0,0.0,0.0,0.0,0.0,0.0,0.0,1.25,0.0,-0.5,-2.0,-1.9875776397515528,-2.0,-2.0,0.0,0.8571428571428571,-0.36764705882352944,0.0,0.0,0.0,0.0,0.0,-1.0594121325828636,-0.3333333333333333,-0.48969331322272497,0.0
0.0,-0.2,3.0389081027667983,0.0,-0.5,-0.6666666666666666,0.0,-1.1956521739130435,-1.1891891891891893,0.0,0.0,0.25,0.2,0.0,0.0,0.0,-1.0,0.0,-1.0,-0.5384345384345385,1.1717948717948719,0.34129353233830845,0.0,0.0,0.0,0.14923907707412862,0.7019230769230769,0.32444959443800697,0.0,0.0,0.0,1.0,0.0,0.0,1.0,0.0,0.0,1.0,-0.6410256410256411,-1.0,0.0,-0.34782608695652173,0.0,0.0,-2.0,0.42857142857142855,0.16176470588235295,0.0,144.0,0.0,0.0,0.0,-0.3020637898686677,0.3333333333333333,0.3599798893916541,0.0
0.0,1.05,0.9554100790513834,-1.0,0.3,1.0,0.5,0.41304347826086957,0.16216216216216217,0.0,0.0,-1.5,-1.4,0.0,-1.0,0.0,1.0,0.0,0.0,0.4836784836784837,-0.18888888888888888,0.20597014925373133,0.0,0.0,0.0,0.15513009327442318,1.5508241758241759,1.283893395133256,1.0,0.0,1.0,1.0,0.0,-1.0,1.5,0.0,0.0,0.0,0.3076923076923077,0.0,0.0,0.4554865424430642,0.0,0.0,0.0,0.0,0.22058823529411764,0.0,0.0,0.0,0.0,0.0,0.49906191369605973,1.3333333333333333,0.9160382101558572,0.0
0.0,-0.2,-0.647356719367589,0.0,0.6,1.0,0.0,-1.2608695652173914,-1.1891891891891893,0.0,0.0,0.25,0.2,0.0,0.0,0.0,1.0,0.0,0.0,-0.5384345384345385,0.5615384615384615,-0.3691542288557214,1.0,-1.0,-3.0,-0.48306332842415317,1.1071428571428572,0.2827346465816918,1.0,-1.0,1.0,1.0,0.0,-2.0,0.0,0.0,-1.0,1.0,-1.5384615384615385,0.5,-1.0,-1.093167701863354,0.0,0.0,0.0,0.0,0.6029411764705882,136.0,0.0,0.0,0.0,0.0,0.8405253283302059,0.0,-0.026143790849673203,0.0
0.0,0.35,0.4247776679841897,-1.0,1.0,1.0,1.5,0.6956521739130435,0.35135135135135137,2.0,0.0,0.0,0.0,1.491628614916286,-1.0,0.0,1.0,0.0,0.0,-0.5384345384345385,1.1017094017094018,0.25970149253731345,0.0,0.0,0.0,0.09229258713794797,1.8818681318681318,1.6067979915025106,0.0,0.0,1.0,1.0,0.0,-3.0,2.5,0.0,0.0,0.5,0.6410256410256411,-1.0,1.0,0.7287784679089027,0.0,0.0,0.0,0.8571428571428571,0.20588235294117646,0.0,0.0,0.0,0.0,0.0,0.019898800386605072,1.6666666666666667,1.1533433886375062,2.0374055083263065
0.0,0.0,0.17107213438735178,-1.0,0.4,0.0,0.5,0.6739130434782609,0.2702702702702703,0.0,0.0,0.0,0.0,1.0228310502283104,-1.0,0.0,1.0,0.0,0.0,-0.5356265356265356,1.7735042735042734,1.045771144278607,0.0,0.0,0.0,0.8797250859106529,0.0,0.1096948628814214,0.0,0.0,0.0,0.0,0.0,-1.0,0.5,0.0,-1.0,0.0,0.6153846153846154,0.0,0.0,0.2153209109730849,0.0,0.0,0.0,0.0,-0.36764705882352944,0.0,0.0,0.0,0.0,0.0,-0.12632895559724835,0.0,0.5761689291101055,1.0938498232921652
0.0,0.45,0.7036808300395256,-1.0,0.8,-0.6666666666666666,1.0,0.21739130434782608,0.40540540540540543,0.0,0.0,0.25,0.2,0.0,-1.0,0.0,0.0,0.0,-2.0,1.4847314847314848,-0.7222222222222222,1.0039800995024875,0.0,0.0,0.0,0.8031418753068238,0.8736263736263736,1.0320587099266125,1.0,-1.0,1.0,-2.0,0.0,-1.0,-0.5,-3.0,0.0,0.5,0.07692307692307693,-1.0,0.0,0.546583850931677,-3.0,0.0,0.0,2.0773809523809526,0.22058823529411764,0.0,0.0,0.0,0.0,0.0,3.500437773608503,-0.3333333333333333,1.1553544494720964,0.0
0.0,0.15,-0.6043725296442688,-1.0,0.0,1.3333333333333333,-0.5,0.13043478260869565,-0.40540540540540543,0.0,0.0,-1.0,-1.0,0.0,0.0,0.0,0.0,0.0,-2.0,0.7855387855387855,-0.8162393162393162,-0.09651741293532339,1.0,0.0,0.0,-0.28276877761413843,0.0,-0.8049439938200077,1.0,-1.0,0.0,-1.0,0.0,0.0,-1.0,0.0,1.0,1.0,-0.02564102564102564,0.5,0.0,0.4968944099378882,0.0,0.0,0.0,0.25,-0.36764705882352944,0.0,0.0,0.0,0.0,0.0,0.16197623514696677,-1.0,-0.596279537456008,0.0
0.0,0.2,0.8948863636363636,-1.0,0.0,0.0,-0.5,-0.17391304347826086,-0.7837837837837838,0.0,0.0,-1.5,-1.4,0.6575342465753424,0.0,0.0,0.0,1.0,0.0,-0.2141102141102141,1.7427350427350428,1.4656716417910447,1.0,0.0,0.0,1.258713794796269,0.0,0.4078794901506373,0.0,0.0,0.0,3.0,1.0,0.0,2.0,0.0,-1.0,1.0,0.1794871794871795,0.5,0.0,0.39751552795031053,0.0,0.0,0.0,0.0,-0.36764705882352944,0.0,0.0,0.0,0.0,0.0,-0.9403377110694177,1.0,0.9824032176973353,0.7460876547078019
0.0,-0.5,-0.5302618577075099,0.0,0.0,0.0,0.0,-0.30434782608695654,-0.9459459459459459,0.0,0.0,0.5,0.4,1.2602739726027397,0.0,0.0,0.0,1.0,0.0,0.04282204282204282,-0.04700854700854701,-0.2537313432835821,0.0,0.0,0.0,-0.4378988708885616,0.0,-0.9269988412514485,1.0,-1.0,0.0,-1.0,0.0,-1.0,-1.0,0.0,-1.0,0.0,-0.5384615384615384,0.5,-1.0,-0.7950310559006211,0.0,0.0,0.0,1.0,-0.36764705882352944,0.0,0.0,0.0,0.0,-4.0,-0.18386491557223253,-1.0,-0.7551533433886375,1.0111636433399536
0.0,0.65,0.9092144268774703,-1.0,1.1,1.0,0.5,0.782608695652174,0.40540540540540543,0.0,0.0,0.0,0.0,0.0,0.0,0.0,1.0,-1.0,-3.0,-0.5384345384345385,0.6299145299145299,-0.28955223880597014,0.5,0.0,0.0,-0.4732449680903289,1.1620879120879122,0.3522595596755504,0.0,0.0,1.0,0.0,0.0,-1.0,0.0,0.0,-1.0,0.0,0.7435897435897436,0.0,0.0,0.7039337474120083,0.0,0.0,0.0,1.2380952380952381,1.3088235294117647,0.0,0.0,0.0,0.0,1.0,0.9718574108818006,0.0,0.059326294620412265,0.0
0.0,0.3,0.12067687747035573,-1.0,-0.4,1.6666666666666667,0.5,0.5869565217391305,0.16216216216216217,0.0,0.0,0.0,0.0,0.0,0.0,0.0,1.0,0.0,0.0,-0.5384345384345385,-0.15982905982905982,-1.208955223880597,0.0,0.0,0.0,-0.6146293568973982,0.9010989010989011,-0.05252993433758208,0.0,0.0,1.0,0.0,0.0,0.0,1.0,0.0,0.0,0.5,0.5128205128205128,0.0,0.0,-0.33126293995859213,0.0,0.0,0.0,0.5952380952380952,-0.36764705882352944,0.0,0.0,0.0,0.0,0.0,-0.8361475922451528,0.6666666666666666,-0.6686777275012569,0.0
0.0,0.0,0.252346837944664,0.0,0.0,1.6666666666666667,-0.5,-0.043478260869565216,0.2972972972972973,1.0,0.0,-1.0,-2.4,0.4992389649923896,0.0,0.0,0.0,1.0,-3.0,-0.048438048438048435,-0.7769230769230769,-1.2328358208955223,1.0,0.0,0.0,-1.0034364261168385,0.7321428571428571,-0.548474314407107,0.0,-1.0,0.0,0.0,0.0,0.0,-0.5,0.0,-1.0,0.5,-0.23076923076923078,0.5,-1.0,-0.7950310559006211,0.0,0.0,0.0,0.20833333333333334,-0.36764705882352944,0.0,0.0,0.0,-3.0,0.0,-0.08230143839899913,-0.6666666666666666,-1.003519356460533,0.4538097838959722
0.0,0.5,-0.24666501976284586,0.0,0.0,-0.6666666666666666,-0.5,-0.5652173913043478,-1.1891891891891893,0.0,0.0,-1.0,-1.0,0.0,0.0,0.0,0.0,1.0,0.0,0.08213408213408213,-0.14957264957264957,-0.3174129353233831,1.0,0.0,0.0,-0.5007363770250368,0.5274725274725275,-0.3831595210505987,0.0,-1.0,0.0,-1.0,0.0,0.0,0.0,0.0,-1.0,1.0,-0.8461538461538461,0.5,-1.0,-0.5962732919254659,0.0,0.0,0.0,0.9404761904761905,-0.36764705882352944,102.0,0.0,0.0,0.0,-4.0,-0.41734417344173436,-0.6666666666666666,-0.4333836098541981,0.0
0.0,-0.9,-0.7871788537549407,0.0,0.6,-0.6666666666666666,0.5,-0.9782608695652174,-1.1891891891891893,0.0,0.0,0.25,0.2,0.0,0.0,0.0,-1.0,1.0,0.0,-0.5384345384345385,0.6555555555555556,-0.25970149253731345,0.5,0.0,0.0,-0.41237113402061853,0.8241758241758241,0.020084974893781384,0.0,0.0,0.0,0.0,0.0,0.0,0.0,0.0,0.0,1.0,-1.3333333333333333,0.5,-1.0,-1.093167701863354,0.0,0.0,0.0,0.0,0.36764705882352944,0.0,0.0,0.0,0.0,0.0,0.34438190535751473,0.0,-0.14177978883861236,0.0
0.0,1.3,0.5678112648221344,-1.0,0.7,1.6666666666666667,-0.5,-0.15217391304347827,-0.7567567567567568,0.0,0.0,0.0,0.0,0.5905631659056316,0.0,0.0,0.0,1.0,-3.0,-0.07792207792207792,-0.32905982905982906,0.34328358208955223,0.0,0.0,0.0,0.4575355915562101,0.0,-0.22247972190034762,1.0,-1.0,0.0,0.0,0.0,0.0,0.0,0.0,1.0,0.0,-0.358974358974359,0.0,0.0,0.34782608695652173,0.0,0.0,0.0,0.9523809523809523,0.6323529411764706,240.0,0.0,0.0,0.0,-4.0,-0.11382113821138205,-0.3333333333333333,0.005027652086475616,0.5856699334529457
-2.0,-1.8,-1.4512104743083003,0.0,0.9,1.0,0.5,0.7391304347826086,0.35135135135135137,0.0,0.0,0.0,0.0,0.0,-1.0,0.0,1.0,0.0,0.0,-0.5384345384345385,0.36153846153846153,-0.6019900497512438,0.0,0.0,0.0,-0.7540500736377025,0.9464285714285714,-0.11123986095017381,0.0,0.0,0.0,-1.0,0.0,-1.0,-0.5,0.0,-1.0,1.0,0.6923076923076923,0.5,0.0,0.2484472049689441,0.0,0.0,0.0,0.0,1.1323529411764706,0.0,0.0,0.0,0.0,-4.0,0.9088180112570348,-0.6666666666666666,-0.40020110608345905,0.0
1.0,0.55,0.6599555335968379,0.0,0.5,-0.6666666666666666,-0.5,-0.41304347826086957,-1.0810810810810811,0.0,0.0,-1.0,-1.0,2.0395738203957383,0.0,0.0,-1.0,1.0,0.0,-0.5384345384345385,0.9786324786324786,0.11641791044776119,0.0,-1.0,-3.0,-0.07265586647029947,1.0233516483516483,0.511394360757049,0.0,0.0,0.0,1.0,0.0,0.0,0.5,0.0,-1.0,0.0,-0.6666666666666666,0.5,-1.0,-0.5300207039337475,-4.0,0.0,0.0,0.0,-0.36764705882352944,0.0,0.0,0.0,0.0,0.0,0.5240775484677923,0.0,0.3680241327300151,2.3586921563914536
0.0,0.15,1.2614871541501975,-1.0,0.0,0.0,0.0,-0.2826086956521739,-0.1891891891891892,0.0,0.0,0.25,0.2,0.517503805175038,0.0,0.0,0.0,1.0,0.0,0.29554229554229555,-0.2504273504273504,0.3034825870646766,0.0,0.0,0.0,0.6715758468335787,0.0,-0.05407493240633449,0.0,-1.0,0.0,0.0,0.0,-1.0,0.5,0.0,1.0,0.0,-0.5128205128205128,0.5,0.0,0.38095238095238093,0.0,0.0,0.0,1.2857142857142858,1.25,0.0,0.0,0.0,0.0,0.0,-0.39149468417761085,0.0,0.09451985922574158,0.5339852605209536
0.0,1.4,0.7968132411067194,0.0,0.4,0.0,1.0,0.7608695652173914,0.40540540540540543,2.0,0.0,0.0,0.0,1.8630136986301369,-3.0,0.0,1.0,-1.0,0.0,-0.5384345384345385,2.674358974358974,2.090547263681592,0.0,0.0,0.0,1.875306823760432,0.0,0.8930088837388953,0.0,0.0,1.0,0.0,0.0,-3.0,1.0,0.0,0.0,0.0,0.7435897435897436,0.0,1.0,3.7681159420289854,0.0,0.0,0.0,0.0,0.9558823529411765,0.0,0.0,0.0,0.0,1.0,0.5034396497811129,0.6666666666666666,1.6138763197586727,2.2979656084107267
0.0,0.55,0.5836215415019763,0.0,-0.5,1.3333333333333333,0.0,0.3695652173913043,-0.10810810810810811,0.0,0.0,-1.5,-1.4,0.6331811263318112,0.0,-2.0,0.0,0.0,-3.0,0.6072306072306072,-0.8162393162393162,-0.3492537313432836,1.0,0.0,0.0,-0.5321551300932744,0.0,-1.0011587485515643,1.0,-1.0,0.0,0.0,0.0,0.0,-0.5,0.0,-1.0,1.25,0.0,-0.5,-2.0,-1.9875776397515528,-2.0,-2.0,0.0,0.0,0.10294117647058823,0.0,0.0,0.0,0.0,0.0,-1.1084427767354592,-0.6666666666666666,-0.8516842634489693,0.4937108232380879
1.0,0.25,0.9934535573122529,0.0,0.5,0.6666666666666666,2.0,-1.7391304347826086,0.16216216216216217,0.0,0.0,0.25,0.2,0.0,-3.0,-4.0,-1.0,1.0,0.0,-0.5384345384345385,1.2982905982905983,0.48855721393034823,0.5,0.0,0.0,0.852233676975945,1.7225274725274726,2.0254924681344146,0.0,1.0,1.0,0.0,0.0,-1.0,1.5,0.0,0.0,1.0,0.20512820512820512,0.5,0.0,1.6563146997929608,-3.0,0.0,0.0,0.625,7.014705882352941,0.0,0.0,0.0,0.0,0.0,1.432978945174066,1.3333333333333333,1.541478129713424,0.0
1.0,-0.95,-0.8296689723320159,0.0,-0.9,-0.6666666666666666,-1.0,-0.8260869565217391,0.02702702702702703,0.0,0.0,-3.0,-2.6,0.0,0.0,0.0,-1.0,1.0,0.0,-0.5384345384345385,0.6948717948717948,-0.21393034825870647,0.0,0.0,0.0,-0.19243986254295534,0.8021978021978022,0.16840478949401314,0.0,-1.0,0.0,0.0,0.0,-1.0,0.0,0.0,-1.0,1.0,-1.1538461538461537,0.5,-1.0,-0.9937888198757764,0.0,0.0,0.0,0.0,-0.36764705882352944,54.0,120.0,0.0,0.0,0.0,0.6245570148009172,-0.6666666666666666,-0.02212166918049271,0.0
0.0,0.9,0.4853013833992095,0.0,1.1,0.0,1.0,0.6956521739130435,0.32432432432432434,2.0,0.0,0.0,0.0,1.2663622526636225,-1.0,0.0,1.0,-1.0,-2.0,1.5114075114075114,-0.1188034188034188,1.7442786069651741,0.0,0.0,0.0,1.8478154148257242,0.0,0.8713789107763615,1.0,0.0,0.0,-1.0,0.0,-1.0,0.5,0.0,1.0,0.0,0.6410256410256411,0.0,1.0,1.6563146997929608,0.0,0.0,0.0,1.9404761904761905,0.6029411764705882,0.0,0.0,0.0,0.0,1.0,1.1069418386491552,0.3333333333333333,1.4248366013071896,1.5566520203162777
0.0,-0.75,0.19478754940711462,0.0,-0.9,0.0,0.0,-1.1956521739130435,0.16216216216216217,0.0,0.0,-0.25,0.4,0.0,0.0,-2.0,-1.0,1.0,-1.0,-0.2435942435942436,-0.8162393162393162,-0.3492537313432836,0.0,0.0,0.0,-0.4889543446244477,0.0,-0.9671687910390112,1.0,-1.0,0.0,-1.0,0.0,-2.0,-0.5,0.0,-1.0,1.0,-0.48717948717948717,-1.0,-1.0,-0.8488612836438924,0.0,0.0,-2.0,0.0,-0.36764705882352944,112.0,0.0,0.0,-1.0,0.0,-1.0313946216385237,-0.6666666666666666,-0.8295625942684767,0.0
0.0,0.2,-0.18243577075098813,-1.0,0.7,1.3333333333333333,-0.5,0.1956521739130435,-0.32432432432432434,2.0,0.0,-1.5,-1.4,0.0,0.0,0.0,0.0,1.0,-3.0,0.40505440505440504,-0.5290598290598291,-0.30149253731343284,1.0,0.0,0.0,-0.44575355915562104,0.0,-0.9331788335264581,1.0,-1.0,0.0,-1.0,0.0,0.0,-1.0,0.0,-1.0,1.0,0.41025641025641024,0.5,0.0,0.19875776397515527,0.0,0.0,0.0,0.0,-0.36764705882352944,0.0,0.0,0.0,0.0,0.0,-0.20137585991244517,-1.0,-0.783308195072901,0.0
0.0,-0.25,3.8578310276679844,-1.0,-0.8,0.0,-0.5,-0.10869565217391304,0.24324324324324326,-1.0,4.0,0.25,0.2,0.0,0.0,0.0,0.0,1.0,-2.0,1.3204633204633205,-0.6230769230769231,0.8865671641791045,0.0,0.0,0.0,0.7579774177712322,0.0,0.013904982618771726,2.0,-1.0,0.0,-2.0,0.0,-3.0,-0.5,0.0,1.0,0.0,-0.3076923076923077,0.5,-1.0,-0.11594202898550725,0.0,0.0,0.0,0.0,0.3382352941176471,0.0,60.0,0.0,0.0,1.0,1.19249530956848,-0.3333333333333333,0.4333836098541981,0.0
1.0,-1.0,-0.09350296442687747,0.0,-0.9,0.0,-0.5,-0.9347826086956522,-0.918918918918919,0.0,0.0,0.0,0.0,0.0,0.0,0.0,-1.0,1.0,0.0,-0.5384345384345385,0.45213675213675214,-0.49651741293532337,1.0,0.0,-4.0,-0.6048109965635738,0.0,-0.817303978370027,0.0,-1.0,0.0,-1.0,0.0,0.0,-1.0,0.0,-1.0,1.0,0.20512820512820512,0.5,-1.0,-0.7122153209109731,0.0,0.0,-1.0,0.0,-0.36764705882352944,0.0,0.0,0.0,0.0,0.0,0.12695434646654152,-1.3333333333333333,-0.8064353946706888,0.0
0.0,-0.3,-0.2861907114624506,0.0,-0.7,1.0,0.5,0.6739130434782609,0.2702702702702703,0.0,0.0,0.0,0.0,0.0,-1.0,0.0,1.0,0.0,0.0,0.14952614952614954,-0.33760683760683763,-0.4407960199004975,0.0,0.0,0.0,-0.6224840451644575,1.1153846153846154,0.18230977211278485,0.0,0.0,1.0,0.0,0.0,-1.0,0.0,0.0,-1.0,0.0,0.6153846153846154,0.0,0.0,0.16563146997929606,0.0,0.0,0.0,0.0,0.29411764705882354,0.0,0.0,0.0,0.0,0.0,0.6508234313112361,0.0,-0.12770236299648063,0.0
0.0,1.35,0.9880187747035574,-1.0,0.4,1.0,2.0,0.7608695652173914,0.3783783783783784,0.0,0.0,-1.75,-1.6,2.557077625570776,-3.0,0.0,1.0,-1.0,-2.0,1.34011934011934,-0.15982905982905982,1.4537313432835821,0.0,0.0,0.0,1.258713794796269,0.7802197802197802,1.2854383932020086,1.0,0.0,1.0,0.0,0.0,-3.0,2.0,0.0,0.0,0.5,0.717948717948718,0.0,1.0,1.4989648033126295,0.0,0.0,0.0,2.2738095238095237,3.661764705882353,0.0,0.0,0.0,0.0,0.0,0.05428392745465903,1.6666666666666667,1.5475113122171946,3.3444866104615065
0.0,-0.5,-0.7110918972332015,0.0,-0.1,0.0,-0.5,0.1956521739130435,0.24324324324324326,0.0,0.0,-1.5,-1.4,0.0,0.0,-2.0,1.0,1.0,0.0,0.6072306072306072,-0.8162393162393162,-0.3492537313432836,0.0,0.0,0.0,-0.5321551300932744,0.0,-1.0011587485515643,1.0,-1.0,0.0,-1.0,0.0,0.0,-1.0,0.0,-1.0,1.0,0.1282051282051282,-1.0,0.0,1.391304347826087,0.0,0.0,0.0,0.0,-0.36764705882352944,0.0,0.0,0.0,0.0,0.0,-0.393996247654784,-1.0,-0.8516842634489693,0.0
1.0,0.0,-1.2459239130434783,0.0,-0.7,0.0,0.0,0.6521739130434783,0.24324324324324326,0.0,0.0,0.0,0.0,1.035007610350076,-1.0,0.0,1.0,0.0,-3.0,0.4233064233064233,-0.5376068376068376,-0.2855721393034826,0.0,0.0,0.0,-0.4693176239567992,0.0,-0.9517188103514871,1.0,-1.0,0.0,-2.0,0.0,-1.0,-1.0,0.0,-1.0,0.0,0.5897435897435898,-1.0,0.0,-0.2484472049689441,0.0,0.0,0.0,0.8333333333333334,-0.36764705882352944,0.0,0.0,0.0,0.0,0.0,-0.25390869293308305,-1.0,-0.7873303167420814,0.8226992035236557
0.0,0.9,-0.3677124505928854,-1.0,-0.7,0.0,-0.5,0.043478260869565216,-0.5135135135135135,2.0,0.0,-1.5,-1.4,0.0,0.0,0.0,0.0,0.0,0.0,-0.5384345384345385,0.7632478632478632,-0.13432835820895522,1.0,0.0,0.0,-0.32007854688267057,0.0,-0.8342989571263036,0.0,-1.0,0.0,0.0,0.0,0.0,-0.5,0.0,-1.0,1.0,0.02564102564102564,0.5,-1.0,-0.8281573498964804,0.0,0.0,0.0,0.0,-0.36764705882352944,0.0,0.0,0.0,-2.0,0.0,-0.7302063789868661,-1.0,-0.6344896933132227,0.0
0.0,-0.05,0.4504693675889328,-1.0,1.0,0.0,1.0,0.6956521739130435,0.32432432432432434,0.0,0.0,0.0,-0.8,1.4490106544901065,-1.0,0.0,1.0,0.0,-2.0,1.458055458055458,-0.14615384615384616,1.63681592039801,0.0,0.0,0.0,1.4511536573392243,0.0,0.5592893008883739,1.0,0.0,0.0,0.0,0.0,-1.0,0.5,0.0,0.0,0.0,0.6410256410256411,-1.0,1.0,1.1511387163561078,0.0,0.0,0.0,1.0714285714285714,0.7352941176470589,0.0,120.0,0.0,0.0,1.0,0.6016260162601619,0.3333333333333333,1.167420814479638,1.6901356912124434
1.0,-0.5,-1.4521986166007905,0.0,0.5,1.0,0.0,-1.3695652173913044,-0.02702702702702703,0.0,0.0,0.0,0.0,0.0,0.0,0.0,0.0,1.0,0.0,-0.5384345384345385,0.352991452991453,-0.6119402985074627,0.0,-1.0,-4.0,-0.7913598429062346,0.9395604395604396,-0.14831981460023175,0.0,-1.0,0.0,0.0,0.0,0.0,0.5,0.0,-1.0,1.0,-1.2820512820512822,0.5,-1.0,-1.093167701863354,0.0,-4.0,-2.0,0.0,1.9558823529411764,0.0,0.0,0.0,0.0,0.0,-0.5440900562851781,-0.3333333333333333,-0.42936148818501757,0.0
0.0,-0.85,-1.372653162055336,0.0,-1.2,0.0,0.5,0.717391304347826,0.35135135135135137,0.0,0.0,0.0,0.0,0.4383561643835616,-1.0,0.0,1.0,-1.0,-3.0,-0.5384345384345385,1.334188034188034,0.5303482587064676,0.0,0.0,0.0,0.6185567010309279,0.0,-0.09578988026264967,0.0,-2.0,2.0,-1.0,0.0,-1.0,0.5,0.0,0.0,0.0,0.6666666666666666,-1.0,1.0,0.6956521739130435,0.0,0.0,0.0,0.7142857142857143,-0.1323529411764706,0.0,0.0,0.0,0.0,1.0,-0.45903689806128817,0.6666666666666666,0.1820010055304173,0.4480234361657261
0.0,0.5,0.8659832015810277,0.0,-0.6,0.0,-0.5,0.08695652173913043,-0.4594594594594595,0.0,0.0,-0.75,-0.6,2.7945205479452055,0.0,0.0,0.0,0.0,-1.0,1.2628992628992628,-0.8162393162393162,0.872636815920398,0.0,0.0,0.0,1.0996563573883162,0.0,0.2827346465816918,1.0,0.0,0.0,0.0,0.0,-1.0,0.5,0.0,0.0,0.0,-0.07692307692307693,-1.0,0.0,0.5838509316770186,0.0,0.0,0.0,0.0,-0.36764705882352944,0.0,0.0,0.0,0.0,0.0,0.1538461538461536,0.3333333333333333,0.6013071895424836,3.095663271170394
1.0,-2.3,-1.8598073122529644,0.0,-1.1,1.0,0.0,0.15217391304347827,-0.3783783783783784,0.0,0.0,-1.0,-1.0,0.0,0.0,-2.0,0.0,0.0,0.0,-0.4247104247104247,-0.7769230769230769,-0.5482587064676617,1.0,0.0,0.0,-0.7285223367697594,1.1538461538461537,0.1421398223252221,1.0,0.0,1.0,0.0,0.0,0.0,0.0,0.0,0.0,0.0,0.0,-1.0,0.0,-0.11594202898550725,0.0,0.0,0.0,0.9583333333333334,-0.36764705882352944,0.0,0.0,0.0,-4.0,0.0,0.5749426725036475,0.3333333333333333,-0.2081447963800905,0.0
0.0,0.2,0.3578310276679842,0.0,0.4,1.0,1.0,0.6956521739130435,0.2972972972972973,0.0,0.0,0.0,0.0,1.704718417047184,-1.0,0.0,1.0,0.0,-3.0,0.22815022815022815,0.05897435897435897,0.13233830845771144,0.0,0.0,0.0,-0.05694648993618066,1.1620879120879122,0.6797991502510622,1.0,0.0,1.0,0.0,0.0,-3.0,1.0,0.0,0.0,0.5,0.5897435897435898,-1.0,0.0,1.060041407867495,0.0,0.0,0.0,1.0654761904761905,0.5147058823529411,0.0,0.0,0.0,0.0,0.0,0.20137585991244517,1.0,0.4856711915535445,2.0304192990195515
1.0,-1.0,-0.11820652173913043,0.0,-0.3,-0.6666666666666666,0.0,-0.782608695652174,-1.1891891891891893,0.0,0.0,0.25,0.2,0.0,0.0,-2.0,1.0,1.0,0.0,-0.5384345384345385,0.5170940170940171,-0.4208955223880597,1.0,0.0,0.0,-0.602847324496809,0.8173076923076923,-0.13750482811896486,0.0,-1.0,1.0,0.0,0.0,-1.0,0.0,0.0,0.0,1.0,-0.02564102564102564,0.5,-1.0,0.2650103519668737,0.0,0.0,-1.0,0.0,2.014705882352941,0.0,126.0,0.0,0.0,0.0,0.04669585157390016,-0.3333333333333333,-0.3257918552036199,0.0
0.0,0.5,0.1389575098814229,-1.0,0.8,1.0,1.0,0.41304347826086957,-0.05405405405405406,0.0,0.0,-1.5,-1.4,0.0,-1.0,0.0,1.0,0.0,-1.0,0.5693225693225693,-0.6128205128205129,-0.16616915422885573,0.0,0.0,0.0,-0.31418753068237604,1.3571428571428572,0.6967941290073387,1.0,0.0,1.0,0.0,0.0,-1.0,1.0,0.0,0.0,0.0,0.3076923076923077,-1.0,0.0,0.10766045548654245,0.0,0.0,0.0,0.7142857142857143,1.838235294117647,0.0,0.0,0.0,0.0,-4.0,0.22545340838023753,1.0,0.34590246354952237,0.0
-2.0,-2.0,-1.5554594861660078,0.0,0.9,1.0,0.5,0.6739130434782609,0.2972972972972973,0.0,0.0,-1.0,-1.0,0.0,-1.0,0.0,1.0,0.0,0.0,-0.5384345384345385,0.2094017094017094,-0.7791044776119403,0.0,0.0,0.0,-0.9563082965144821,0.8241758241758241,-0.4078794901506373,0.0,0.0,1.0,-1.0,0.0,-1.0,-1.0,0.0,-1.0,1.0,0.6153846153846154,0.0,0.0,0.0,0.0,0.0,0.0,0.0,2.161764705882353,0.0,0.0,0.0,0.0,0.0,1.2870544090056277,-0.6666666666666666,-0.6827551533433887,0.0
0.0,0.9,0.8212697628458498,-1.0,-0.7,0.0,0.5,0.6304347826086957,0.21621621621621623,0.0,0.0,0.0,0.0,0.6027397260273972,-1.0,0.0,1.0,0.0,-1.0,0.756054756054756,0.16153846153846155,1.0,0.0,0.0,0.0,0.7992145311732941,0.0,0.046349942062572425,1.0,0.0,0.0,0.0,0.0,-1.0,0.0,0.0,0.0,0.0,0.5641025641025641,0.0,0.0,0.2070393374741201,0.0,0.0,0.0,1.1428571428571428,0.16176470588235295,0.0,0.0,0.0,0.0,0.0,0.393996247654784,0.0,0.5118149824032177,0.6359232780612208
0.0,0.75,1.0181571146245059,0.0,0.0,1.0,0.5,-0.17391304347826086,-0.10810810810810811,0.0,0.0,-1.5,-1.4,1.0715372907153728,0.0,0.0,0.0,1.0,0.0,0.09898209898209898,-0.2794871794871795,-0.44477611940298506,1.0,0.0,0.0,0.19440353460972018,1.098901098901099,0.8064889918887601,0.0,0.0,1.0,0.0,0.0,0.0,0.5,0.0,2.0,0.0,-0.38461538461538464,0.5,0.0,0.024844720496894408,0.0,0.0,0.0,0.0,0.25,0.0,189.0,0.0,0.0,0.0,1.0018761726078795,0.3333333333333333,0.2765208647561589,1.3034564313325019
0.0,0.6,0.7375247035573123,-0.6666666666666666,-0.7,0.0,-0.5,0.5,0.05405405405405406,0.0,0.0,0.0,0.0,0.0,0.0,-2.0,1.0,0.0,0.0,0.4892944892944893,-0.28974358974358977,0.09651741293532339,0.5,0.0,0.0,-0.09229258713794797,0.0,-0.6550791811510236,1.0,-1.0,0.0,0.0,0.0,-1.0,0.0,0.0,-1.0,1.0,0.5128205128205128,0.5,0.0,0.39751552795031053,0.0,0.0,0.0,1.0,-0.36764705882352944,0.0,0.0,0.0,-4.0,0.0,-0.9309985407546376,-0.3333333333333333,-0.40120663650075417,0.0
0.0,0.4,-0.414649209486166,0.0,-0.5,1.0,-0.5,-0.5434782608695652,0.21621621621621623,0.0,0.0,-1.0,-1.0,0.0,0.0,-2.0,0.0,1.0,0.0,0.30817830817830816,-0.3153846153846154,-0.1900497512437811,0.0,0.0,0.0,0.049091801669121256,1.2307692307692308,0.8404789494013133,1.0,1.0,0.0,0.0,0.0,-3.0,1.0,0.0,-1.0,0.0,-0.8205128205128205,0.5,-1.0,-1.0351966873706004,0.0,0.0,0.0,0.6130952380952381,-0.36764705882352944,0.0,0.0,0.0,0.0,0.0,0.42901813633520924,1.0,0.42735042735042733,0.0
0.0,0.4,0.6644021739130435,0.0,-0.6,1.0,1.0,-0.8478260869565217,0.10810810810810811,0.0,0.0,-2.25,0.2,0.0,0.0,0.0,1.0,0.0,-1.0,0.06247806247806248,0.10170940170940171,-0.0527363184079602,1.0,0.0,0.0,1.6750122729504173,1.7225274725274726,2.672846658941676,0.0,0.0,1.0,1.0,0.0,0.0,2.0,0.0,1.0,0.25,-1.1794871794871795,0.5,0.0,-0.4140786749482402,0.0,0.0,0.0,0.0,-0.36764705882352944,0.0,0.0,0.0,0.0,-2.0,1.6267667292057524,1.3333333333333333,1.689291101055807,0.0
0.0,-0.45,-0.3793231225296443,0.0,0.7,0.0,-1.0,-0.2608695652173913,-0.8918918918918919,0.0,0.0,0.0,0.0,1.1689497716894977,0.0,-3.0,0.0,1.0,-1.0,0.7293787293787294,-0.6008547008547008,0.07462686567164178,0.5,0.0,0.0,-0.11389297987236131,0.0,-0.6720741599073001,1.0,-1.0,0.0,0.0,0.0,0.0,-0.5,0.0,-1.0,0.0,-0.48717948717948717,0.5,-1.0,-0.906832298136646,0.0,0.0,0.0,0.38095238095238093,-0.36764705882352944,39.0,0.0,0.0,0.0,0.0,-0.3624765478424011,-0.6666666666666666,-0.42332830568124685,1.0235360543915488
0.0,0.0,0.38821640316205536,0.0,-0.7,1.0,1.5,0.5869565217391305,0.16216216216216217,2.0,0.0,0.0,0.0,1.2420091324200913,-1.0,0.0,1.0,-1.0,-1.0,0.7307827307827308,0.1,0.8925373134328358,0.0,0.0,0.0,0.7638684339715267,0.929945054945055,1.0645036693704133,1.0,0.0,1.0,0.0,0.0,-3.0,1.0,0.0,1.0,0.0,0.5128205128205128,-1.0,1.0,1.060041407867495,0.0,0.0,0.0,1.505952380952381,1.7205882352941178,0.0,0.0,0.0,0.0,0.0,0.746404002501563,1.0,1.1201608848667672,1.5730640704936738
0.0,0.5,0.22640810276679843,-1.0,0.2,1.6666666666666667,0.0,0.10869565217391304,-0.43243243243243246,0.0,0.0,-1.5,-1.4,1.4185692541856925,0.0,0.0,0.0,0.0,-3.0,0.31098631098631097,-0.08632478632478632,0.08059701492537313,1.0,0.0,0.0,-0.10800196367206677,0.0,-0.6674391657010429,0.0,0.0,0.0,0.0,0.0,0.0,0.0,0.0,0.0,0.0,-0.05128205128205128,0.5,0.0,0.34782608695652173,0.0,0.0,0.0,0.0,-0.36764705882352944,0.0,0.0,0.0,-2.0,0.0,-0.954346466541588,0.0,-0.41729512317747613,1.243912978265828
0.0,0.0,0.5944911067193676,0.0,-0.7,1.0,1.0,0.6086956521739131,0.1891891891891892,0.0,0.0,0.0,0.0,0.6575342465753424,-1.0,0.0,1.0,0.0,-3.0,0.8515268515268515,-0.288034188034188,0.6119402985074627,0.0,0.0,0.0,0.4162984781541483,0.7870879120879121,0.6303592120509849,1.0,0.0,1.0,0.0,0.0,-3.0,0.5,0.0,0.0,0.5,0.5384615384615384,0.0,0.0,0.2111801242236025,0.0,0.0,0.0,0.9523809523809523,1.4264705882352942,0.0,0.0,0.0,0.0,0.0,0.7166979362101312,0.6666666666666666,0.6958270487682252,0.7765526517133297
0.0,0.0,-0.26593379446640314,0.0,-0.1,0.0,-0.5,0.7391304347826086,0.35135135135135137,0.0,0.0,0.0,0.0,0.0,0.0,0.0,1.0,0.0,0.0,-0.2492102492102492,0.7461538461538462,0.2557213930348259,0.0,0.0,0.0,0.06480117820324006,0.0,-0.5314793356508304,0.0,-1.0,0.0,0.0,0.0,0.0,0.0,0.0,-1.0,1.25,0.0,-0.5,-2.0,-1.9875776397515528,-2.0,-2.0,0.0,0.0,0.07352941176470588,0.0,0.0,0.0,0.0,1.0,-0.6975192828851363,-0.6666666666666666,-0.24032176973353445,0.0
1.0,-2.45,-1.9731966403162056,0.0,-0.2,1.3333333333333333,-1.0,-0.021739130434782608,-0.5945945945945946,0.0,0.0,-1.75,-1.6,0.0,0.0,0.0,0.0,0.0,-3.0,-0.3278343278343278,-0.8162393162393162,-0.7194029850746269,0.0,0.0,0.0,-0.8973981345115366,0.0,-1.2885283893395134,1.0,-1.0,0.0,-2.0,0.0,0.0,-1.5,0.0,-1.0,1.25,0.0,-0.5,-2.0,-1.9875776397515528,-2.0,-2.0,0.0,0.5714285714285714,-0.014705882352941176,0.0,0.0,0.0,0.0,0.0,-0.28893058161350826,-1.3333333333333333,-1.2257415786827552,0.0
0.0,0.5,-0.16761363636363635,0.0,0.0,1.3333333333333333,0.0,-0.21739130434782608,-0.8378378378378378,0.0,0.0,-1.0,-1.0,0.9497716894977168,0.0,-2.0,1.0,1.0,-2.0,0.5328185328185329,-0.5205128205128206,-0.11044776119402985,0.0,0.0,0.0,-0.06480117820324006,0.0,-0.6334492081884897,1.0,-1.0,0.0,0.0,0.0,-1.0,0.0,0.0,-1.0,0.0,-0.4358974358974359,0.0,0.0,0.0,0.0,0.0,0.0,0.7142857142857143,-0.36764705882352944,0.0,0.0,0.0,-2.0,-4.0,-0.8901396706274751,-0.3333333333333333,-0.4917043740573152,0.8416647391361887
0.0,-0.25,-0.3995800395256917,-1.0,-0.4,1.0,0.0,0.6304347826086957,0.24324324324324326,0.0,0.0,0.0,0.0,0.0,-1.0,0.0,1.0,0.0,0.0,0.10319410319410319,-0.258974358974359,-0.41492537313432837,0.0,0.0,0.0,-0.5498281786941581,0.9642857142857143,0.06952491309385864,1.0,0.0,1.0,0.0,0.0,-1.0,0.5,0.0,0.0,0.0,0.5641025641025641,-1.0,0.0,-0.36024844720496896,0.0,0.0,0.0,0.5952380952380952,0.7352941176470589,0.0,0.0,0.0,0.0,0.0,-0.19136960600375202,0.6666666666666666,-0.18803418803418803,0.0
0.0,-0.55,-0.5562005928853755,0.0,0.0,-0.3333333333333333,0.0,-0.41304347826086957,-1.0810810810810811,0.0,0.0,-1.0,-1.0,0.0,0.0,0.0,0.0,1.0,0.0,-0.5384345384345385,0.6059829059829059,-0.3174129353233831,0.5,0.0,0.0,-0.5007363770250368,0.0,-0.9764387794515257,0.0,-1.0,0.0,-1.0,0.0,-1.0,-1.0,0.0,-1.0,1.0,-0.46153846153846156,0.5,0.0,0.19875776397515527,0.0,0.0,0.0,0.0,-0.36764705882352944,0.0,0.0,0.0,0.0,0.0,-0.32395247029393354,-1.3333333333333333,-0.8195072900955254,0.0
0.0,1.0,0.5473073122529645,0.0,0.4,0.0,1.5,0.7391304347826086,0.35135135135135137,2.0,0.0,-1.75,-1.6,2.7519025875190257,-3.0,0.0,1.0,-1.0,-3.0,-0.47104247104247104,2.2162393162393164,1.6527363184079602,0.0,0.0,0.0,1.455081001472754,0.0,0.5623792970258787,0.0,0.0,0.0,0.0,0.0,-1.0,1.5,0.0,0.0,0.0,0.6923076923076923,0.5,1.0,1.2173913043478262,0.0,0.0,0.0,0.0,1.2205882352941178,0.0,260.0,0.0,0.0,1.0,-0.4095615315127507,0.6666666666666666,1.1774761186525893,3.211594902013189
0.0,0.75,0.6831768774703557,0.0,1.1,1.0,1.0,0.6521739130434783,0.24324324324324326,2.0,0.0,0.0,0.0,1.3759512937595129,-1.0,0.0,1.0,0.0,-2.0,0.6844506844506845,0.2282051282051282,0.9761194029850746,0.0,0.0,0.0,0.7756504663721159,1.0714285714285714,1.2329084588644263,1.0,0.0,1.0,1.0,0.0,-1.0,2.0,0.0,1.0,0.0,0.5897435897435898,-1.0,1.0,1.113871635610766,0.0,0.0,0.0,1.0,-0.36764705882352944,0.0,0.0,0.0,0.0,0.0,-0.005253283302063986,1.6666666666666667,1.2719959778783307,1.7862776682792798
0.0,-1.25,-0.3039772727272727,0.0,-0.5,0.0,-1.5,-1.2826086956521738,-1.1891891891891893,0.0,0.0,-0.25,-0.2,0.0,0.0,0.0,-1.0,1.0,0.0,-0.48087048087048084,0.5905982905982906,-0.2537313432835821,1.0,-1.0,-3.0,-0.4378988708885616,0.0,-0.9269988412514485,1.0,-1.0,0.0,-1.0,0.0,0.0,-0.5,0.0,-1.0,1.25,0.0,-0.5,-2.0,-1.9875776397515528,-2.0,-2.0,-2.0,0.0,-0.36764705882352944,100.0,0.0,0.0,0.0,0.0,-0.9403377110694177,-0.6666666666666666,-0.7551533433886375,0.0
0.0,1.0,0.3264575098814229,0.0,0.2,1.0,0.0,0.021739130434782608,0.08108108108108109,0.0,0.0,-1.5,-1.4,0.0,0.0,0.0,0.0,1.0,0.0,0.8037908037908038,-0.15982905982905982,1.055721393034826,1.0,0.0,0.0,0.905252822778596,1.4642857142857142,1.7767477790652761,0.0,0.0,1.0,1.0,0.0,0.0,1.5,0.0,0.0,0.0,-0.15384615384615385,0.0,0.0,0.5962732919254659,0.0,0.0,0.0,0.2261904761904762,3.2058823529411766,0.0,0.0,0.0,0.0,0.0,1.1197276075324851,1.0,1.6661639014580192,0.0
0.0,0.05,-0.5964673913043478,0.0,0.7,0.0,-0.5,0.08695652173913043,-0.4594594594594595,0.0,0.0,-0.75,-0.6,0.9315068493150684,0.0,0.0,0.0,1.0,0.0,0.2478062478062478,-0.09829059829059829,-0.022885572139303482,1.0,0.0,0.0,-0.21011291114383898,0.0,-0.7477790652761684,0.0,-1.0,0.0,0.0,0.0,0.0,0.0,0.0,-1.0,1.0,0.15384615384615385,0.5,0.0,0.016563146997929608,0.0,0.0,0.0,1.1428571428571428,-0.36764705882352944,0.0,0.0,0.0,0.0,0.0,-1.1061079841567638,-0.6666666666666666,-0.521870286576169,0.7959736627727262
-2.0,0.175,-1.818552371541502,0.0,0.9,1.0,0.0,0.5869565217391305,0.16216216216216217,0.0,0.0,-1.0,-1.0,3.1232876712328768,-1.0,0.0,1.0,0.0,0.0,0.05124605124605124,-0.24188034188034188,-0.46865671641791046,0.0,0.0,0.0,-0.6499754540991655,1.0384615384615385,0.07415990730011587,0.0,0.0,1.0,-1.0,0.0,-1.0,-1.0,0.0,0.0,1.0,0.5128205128205128,0.5,0.0,-0.16563146997929606,0.0,0.0,0.0,0.0,0.10294117647058823,0.0,0.0,0.0,0.0,0.0,2.6529080675422123,-0.6666666666666666,-0.21216691804927099,3.3150302064967225
0.0,0.5,0.22764328063241107,0.0,0.2,1.0,0.0,-0.021739130434782608,-0.5945945945945946,0.0,0.0,0.0,0.0,1.7534246575342465,0.0,0.0,0.0,1.0,0.0,-0.19164619164619165,0.01282051282051282,-0.5164179104477612,0.5,0.0,0.0,-0.14727540500736377,1.0686813186813187,0.503669370413287,1.0,-1.0,2.0,1.0,0.0,0.0,1.0,-3.0,0.0,0.0,-0.20512820512820512,0.0,0.0,0.016563146997929608,0.0,0.0,0.0,0.8809523809523809,-0.36764705882352944,0.0,147.0,0.0,0.0,0.0,-0.048155096935584715,1.0,0.043237807943690296,2.024945004006764
0.0,0.85,0.1288290513833992,-1.0,0.0,0.0,0.0,-0.2391304347826087,-0.8648648648648649,2.0,0.0,0.25,0.2,1.5890410958904109,0.0,0.0,0.0,1.0,0.0,-0.5384345384345385,1.0914529914529914,0.24776119402985075,1.0,0.0,0.0,0.05694648993618066,0.0,-0.5376593279258401,0.0,-1.0,1.0,0.0,0.0,0.0,-0.5,0.0,-1.0,0.0,-0.46153846153846156,0.5,0.0,-0.16563146997929606,0.0,0.0,0.0,0.0,-0.36764705882352944,0.0,385.0,0.0,0.0,0.0,-0.05778611632270186,-0.6666666666666666,-0.24836601307189543,1.4489948235668053
0.0,0.15,0.7073863636363636,-1.0,0.0,0.0,-0.5,-0.2826086956521739,-0.43243243243243246,2.0,0.0,0.25,0.2,0.0,0.0,0.0,0.0,1.0,0.0,-0.5384345384345385,0.8555555555555555,-0.026865671641791045,1.0,0.0,0.0,0.6578301423662248,0.0,-0.06488991888760139,0.0,-1.0,0.0,0.0,0.0,0.0,0.0,-4.0,0.0,0.0,-0.5128205128205128,0.0,-1.0,-0.8033126293995859,0.0,0.0,0.0,0.0,-0.36764705882352944,36.0,0.0,0.0,-3.0,0.0,0.18386491557223253,-0.6666666666666666,-0.07943690296631473,0.0
0.0,0.5,0.030014822134387352,0.0,0.0,1.6666666666666667,0.0,-0.391304347826087,-0.5945945945945946,0.0,0.0,-3.0,-2.6,0.9984779299847792,0.0,0.0,0.0,1.0,-3.0,0.40786240786240785,-0.21794871794871795,0.32736318407960197,0.0,0.0,0.0,0.8502700049091801,0.0,0.08651989185013519,1.0,-1.0,0.0,0.0,0.0,0.0,0.5,0.0,1.0,0.25,-0.6410256410256411,0.0,-1.0,-0.4803312629399586,0.0,0.0,0.0,0.0,-0.36764705882352944,189.0,0.0,0.0,0.0,0.0,-0.16385240775484675,0.0,0.19808949220713926,1.0625756793097716
0.0,0.0,0.5255681818181818,-1.0,0.0,1.0,-0.5,-0.08695652173913043,-0.6756756756756757,0.0,0.0,-0.75,-0.6,1.1689497716894977,0.0,0.0,1.0,0.0,-3.0,0.37416637416637416,-0.14957264957264957,0.09651741293532339,1.0,0.0,0.0,-0.09229258713794797,1.4285714285714286,0.9517188103514871,0.0,-1.0,2.0,2.0,0.0,-2.0,1.5,0.0,1.0,0.0,-0.28205128205128205,0.5,0.0,0.09937888198757763,0.0,0.0,0.0,1.994047619047619,-0.36764705882352944,0.0,0.0,0.0,0.0,-1.0,0.0807449100132027,1.3333333333333333,0.644544997486174,1.4552148755304166
0.0,0.6,-0.11326581027667984,0.0,0.0,1.6666666666666667,0.0,-0.1956521739130435,-0.8108108108108109,0.0,6.0,-0.75,0.2,1.5768645357686453,0.0,0.0,0.0,1.0,-2.0,0.33766233766233766,-0.32393162393162395,0.5104477611940299,1.0,0.0,0.0,0.5164457535591557,0.0,-0.1761297798377752,1.0,-1.0,1.0,0.0,0.0,0.0,0.0,0.0,-1.0,0.0,-0.41025641025641024,0.0,0.0,0.16563146997929606,0.0,0.0,0.0,1.0476190476190477,-0.36764705882352944,0.0,0.0,0.0,-4.0,0.0,-0.026266416510318934,0.0,0.11965811965811966,1.5814697078807247
1.0,-1.0,-0.11820652173913043,0.0,0.5,1.0,-0.5,-2.0217391304347827,-0.08108108108108109,0.0,0.0,0.0,0.0,0.0,0.0,0.0,-1.0,-0.5,0.0,-0.5384345384345385,0.2709401709401709,-0.7074626865671642,1.0,0.0,-4.0,0.0039273441335297005,0.907967032967033,0.4418694476631904,0.0,-1.0,0.0,0.0,0.0,-3.0,1.0,0.0,-1.0,1.0,-1.1025641025641026,0.5,-1.0,-0.9937888198757764,-4.0,-1.0,-2.0,0.0,-0.36764705882352944,293.0,0.0,0.0,-2.0,-4.0,-0.13570981863664783,0.0,-0.09351432880844646,0.0
0.0,-1.8,-1.207633399209486,0.0,0.4,0.0,1.0,0.717391304347826,0.32432432432432434,0.0,0.0,0.0,0.0,0.6575342465753424,-1.0,0.0,1.0,0.0,-1.0,-0.5047385047385048,1.7991452991452992,1.1194029850746268,0.0,0.0,0.0,0.917034855179185,0.0,0.13904982618771727,0.0,0.0,0.0,-1.0,0.0,-1.0,0.0,0.0,0.0,0.0,0.6666666666666666,0.0,0.0,0.6086956521739131,0.0,0.0,0.0,0.9285714285714286,0.7058823529411765,0.0,0.0,0.0,0.0,0.0,0.5691056910569102,-0.3333333333333333,0.6324786324786325,0.7075277728731592
0.0,0.75,0.5981966403162056,0.0,0.2,0.0,0.5,0.08695652173913043,-0.4594594594594595,2.0,0.0,-0.75,-0.6,1.2724505327245053,0.0,-2.0,0.0,1.0,0.0,0.6156546156546157,0.14786324786324787,0.7850746268656716,1.0,0.0,0.0,0.6362297496318114,0.0,-0.08188489764387795,0.0,0.0,0.0,0.0,0.0,0.0,0.0,0.0,0.0,0.0,-0.07692307692307693,-1.0,0.0,0.2650103519668737,0.0,0.0,0.0,1.1428571428571428,-0.36764705882352944,0.0,0.0,0.0,0.0,-1.0,0.1517615176151759,-0.3333333333333333,0.31975867269984914,1.304680052232572
0.0,0.5,-0.056447628458498024,0.0,0.0,0.0,-0.5,-0.41304347826086957,0.2972972972972973,0.0,0.0,0.25,0.2,0.0,0.0,0.0,0.0,1.0,0.0,0.13548613548613547,-0.6316239316239316,0.12835820895522387,1.0,0.0,0.0,-0.06087383406971036,0.0,-0.6303592120509849,0.0,-1.0,0.0,0.0,0.0,0.0,0.0,0.0,-1.0,0.0,-0.6666666666666666,0.5,-1.0,-0.9109730848861284,0.0,0.0,0.0,2.3214285714285716,-0.36764705882352944,0.0,0.0,0.0,0.0,0.0,-0.8843026891807375,-0.3333333333333333,-0.3690296631473102,0.0
0.0,-0.3,-0.6174654150197628,0.0,0.5,1.3333333333333333,0.0,0.15217391304347827,-0.3783783783783784,0.0,0.0,-0.75,-0.6,0.0,0.0,0.0,0.0,1.0,0.0,0.9441909441909442,-0.8162393162393162,0.12835820895522387,0.5,0.0,0.0,-0.06087383406971036,0.0,-0.6303592120509849,2.0,-2.0,0.0,-3.0,1.0,0.0,-1.0,0.0,-1.0,1.0,0.0,0.5,0.0,0.39751552795031053,0.0,0.0,0.0,1.5714285714285714,0.45588235294117646,0.0,0.0,0.0,-4.0,0.0,0.6566604127579734,-1.0,-0.3690296631473102,0.0
-1.0,-0.5,0.3501729249011858,0.0,0.6,0.3333333333333333,0.0,-1.2826086956521738,0.02702702702702703,2.0,0.0,0.0,0.0,0.0,-2.0,0.0,0.0,1.0,0.0,-0.17901017901017902,1.2076923076923076,0.8925373134328358,0.0,0.0,-4.0,0.6931762395679921,1.978021978021978,2.9833912707609116,0.0,0.0,0.0,5.0,1.0,-2.0,4.0,0.0,-1.0,1.25,0.0,-0.5,-2.0,-1.9875776397515528,-2.0,-2.0,-2.0,0.0,1.25,0.0,0.0,0.0,0.0,-4.0,0.28017510944340196,2.3333333333333335,2.3690296631473102,0.0
1.0,-0.95,-0.8296689723320159,0.0,-0.9,0.0,-2.0,-0.8043478260869565,-1.1891891891891893,0.0,0.0,-3.0,-2.6,0.0,-2.0,-3.0,-1.0,1.0,0.0,-0.5384345384345385,-0.36495726495726494,-1.4477611940298507,0.25,-1.0,-4.0,-0.563573883161512,0.0,-1.0258787176516029,0.0,-1.0,0.0,-2.0,0.0,-2.0,-1.0,-6.0,0.0,1.25,0.0,-0.5,-2.0,-1.9875776397515528,-2.0,-2.0,-2.0,0.0,-0.36764705882352944,0.0,0.0,0.0,0.0,0.0,-0.4640400250156345,-1.3333333333333333,-1.4228255404725993,0.0
1.0,-1.0,-0.8593132411067194,0.0,0.5,-0.6666666666666666,-0.5,-0.41304347826086957,-1.0810810810810811,0.0,0.0,0.25,0.2,0.0,0.0,0.0,0.0,1.0,0.0,-0.5384345384345385,0.5700854700854701,-0.3592039800995025,1.0,0.0,-4.0,-0.5419734904270986,0.7912087912087912,-0.11896485129393589,0.0,0.0,0.0,0.0,1.0,-1.0,0.5,0.0,-1.0,0.5,-0.6666666666666666,0.5,-1.0,-0.927536231884058,0.0,0.0,0.0,0.0,-0.36764705882352944,0.0,0.0,0.0,0.0,0.0,-0.4965603502188866,0.0,-0.2825540472599296,0.0
0.0,-0.15,-0.17329545454545456,0.0,-0.5,0.0,-0.5,-1.3695652173913044,-1.1891891891891893,0.0,0.0,-1.0,0.2,0.0,0.0,0.0,0.0,-0.5,0.0,-0.5384345384345385,0.5444444444444444,-0.3890547263681592,0.5,0.0,-4.0,-0.5714285714285714,0.0,-1.0320587099266125,0.0,-1.0,0.0,-1.0,0.0,0.0,-1.0,0.0,-1.0,1.25,0.0,-0.5,-2.0,-1.9875776397515528,-2.0,-2.0,-1.0,1.9523809523809523,-0.36764705882352944,164.0,0.0,0.0,-2.0,0.0,-0.4815509693558471,-1.3333333333333333,-0.8919054801407743,0.0
0.0,-0.85,-1.3578310276679841,0.0,-1.2,0.0,1.0,0.717391304347826,0.32432432432432434,2.0,0.0,0.0,0.0,0.0,-1.0,0.0,1.0,0.0,-3.0,1.0817830817830818,-0.1905982905982906,1.0517412935323383,0.0,0.0,0.0,0.9425625920471281,0.0,0.15913480108149866,1.0,0.0,0.0,-2.0,0.0,-3.0,0.5,0.0,0.0,0.0,0.6666666666666666,-1.0,1.0,0.6956521739130435,0.0,0.0,0.0,1.8571428571428572,-0.36764705882352944,0.0,0.0,0.0,0.0,1.0,-0.04627892432770472,0.3333333333333333,0.6113624937154349,0.0
0.0,-0.4,0.790143280632411,-1.0,0.4,0.0,1.0,0.6521739130434783,0.2702702702702703,2.0,0.0,-1.0,-1.0,2.8736681887366817,-3.0,0.0,1.0,-1.0,-2.0,1.1716391716391716,-0.3034188034188034,1.0477611940298508,0.0,0.0,0.0,0.8463426607756505,0.0,0.08342989571263036,0.0,-1.0,1.0,-2.0,0.0,-3.0,0.0,0.0,0.0,0.0,0.5897435897435898,0.0,0.0,0.4472049689440994,0.0,0.0,0.0,1.1011904761904763,1.6911764705882353,0.0,0.0,0.0,0.0,0.0,0.4640400250156345,-0.3333333333333333,0.5600804424333836,3.0561320384944035
-2.0,0.175,-0.5999258893280632,0.0,0.9,1.0,0.5,0.6086956521739131,0.1891891891891892,0.0,0.0,0.0,0.0,0.0,-1.0,0.0,1.0,0.0,0.0,0.49771849771849774,-0.2709401709401709,0.13034825870646766,0.0,0.0,0.0,-0.05891016200294551,1.1978021978021978,0.7184241019698725,1.0,0.0,1.0,0.0,0.0,-1.0,0.5,0.0,0.0,0.0,0.5384615384615384,-1.0,0.0,0.7039337474120083,0.0,0.0,0.0,0.0,3.088235294117647,0.0,0.0,0.0,0.0,0.0,0.8592870544090049,0.6666666666666666,0.5098039215686274,0.0
0.0,0.25,1.0823863636363635,0.0,0.0,1.6666666666666667,1.0,-0.021739130434782608,0.02702702702702703,0.0,0.0,-0.75,0.2,0.0,-1.0,0.0,0.0,0.0,-2.0,1.4412074412074412,0.11025641025641025,1.9114427860696517,0.5,0.0,0.0,1.7928325969563084,0.967032967032967,1.9157976052529935,1.0,0.0,1.0,1.0,0.0,-3.0,1.5,0.0,2.0,0.0,-0.20512820512820512,-1.0,0.0,0.2401656314699793,0.0,0.0,0.0,1.6011904761904763,1.2647058823529411,0.0,0.0,0.0,-2.0,0.0,1.2948370509346114,1.3333333333333333,2.1890397184514834,0.0
0.0,0.5,0.32472826086956524,0.0,0.2,1.0,-0.5,-0.08695652173913043,-0.6756756756756757,3.0,0.0,0.5,-1.4,1.6012176560121765,0.0,0.0,0.0,1.0,0.0,0.15373815373815375,-0.8162393162393162,-0.4208955223880597,0.0,0.0,0.0,-0.602847324496809,1.1538461538461537,0.2410196987253766,0.0,0.0,1.0,1.0,0.0,0.0,0.5,-4.0,-1.0,0.0,-0.28205128205128205,-1.0,0.0,-0.07453416149068323,0.0,0.0,0.0,1.2380952380952381,-0.36764705882352944,0.0,0.0,0.0,-3.0,0.0,0.08630393996247629,0.3333333333333333,-0.07943690296631473,1.759168683270815
-2.0,0.75,-0.07201086956521739,0.0,0.9,0.0,1.5,0.782608695652174,0.40540540540540543,0.0,0.0,-1.75,-1.6,0.9863013698630136,-3.0,0.0,1.0,-1.0,-1.0,1.0354510354510356,0.2863247863247863,1.5412935323383083,0.0,0.0,0.0,1.3333333333333333,0.0,0.46658941676322907,1.0,0.0,1.0,-1.0,0.0,-3.0,0.5,0.0,0.0,0.0,0.7435897435897436,-1.0,1.0,-0.008281573498964804,0.0,0.0,0.0,1.1607142857142858,1.5441176470588236,0.0,0.0,0.0,0.0,1.0,0.4515322076297682,0.6666666666666666,1.0588235294117647,1.1313698304995787
0.0,0.15,0.2597579051383399,-1.0,0.0,0.0,0.0,-0.043478260869565216,-0.6216216216216216,2.0,0.0,-0.75,-0.6,0.0,0.0,0.0,0.0,1.0,0.0,-0.14250614250614252,0.3188034188034188,-0.020895522388059702,1.0,0.0,0.0,-0.20814923907707414,0.0,-0.746234067207416,1.0,-1.0,1.0,0.0,0.0,0.0,-0.5,0.0,-1.0,1.0,-0.02564102564102564,0.5,0.0,0.39751552795031053,0.0,0.0,0.0,0.0,4.220588235294118,40.0,0.0,0.0,0.0,0.0,-0.5305816135084427,-0.3333333333333333,-0.5198592257415787,0.0
0.0,-0.5,-0.5628705533596838,0.0,0.0,0.0,-0.5,-0.5,-1.1891891891891893,2.0,0.0,-1.0,-1.0,0.0,0.0,0.0,0.0,0.5,1.0,-0.5384345384345385,-0.8162393162393162,-1.973134328358209,0.5,0.0,0.0,-0.07658321060382917,0.0,-0.6427191966010043,0.0,-1.0,0.0,0.0,0.0,0.0,0.5,-4.0,-1.0,1.0,-0.7692307692307693,0.5,0.0,-0.2484472049689441,0.0,0.0,0.0,0.0,0.029411764705882353,0.0,0.0,0.0,0.0,0.0,-1.344590368980612,-0.3333333333333333,-1.4389140271493213,0.0
0.0,0.75,0.24048913043478262,-1.0,-0.5,0.0,0.0,-0.43478260869565216,-1.1081081081081081,2.0,0.0,0.25,0.2,1.3150684931506849,0.0,0.0,0.0,1.0,-1.0,0.16356616356616357,0.19914529914529913,0.20398009950248755,0.0,0.0,0.0,0.013745704467353952,0.0,-0.5716492854383932,0.0,-1.0,0.0,0.0,0.0,0.0,-0.5,0.0,1.0,0.0,-0.6923076923076923,0.0,0.0,0.062111801242236024,0.0,0.0,0.0,0.0,-0.36764705882352944,0.0,287.0,0.0,0.0,0.0,-0.134834271419637,-1.0,-0.29260935143288086,1.1872895394661127
0.0,0.0,-0.43935276679841895,0.0,0.0,1.0,0.0,-0.15217391304347827,-0.7567567567567568,0.0,0.0,-1.0,-1.0,2.136986301369863,0.0,0.0,0.0,1.0,0.0,-0.5384345384345385,0.47606837606837604,-0.46865671641791046,1.0,0.0,0.0,-0.07069219440353461,1.0824175824175823,0.5793742757821553,0.0,-1.0,1.0,1.0,0.0,0.0,0.5,0.0,0.0,0.0,-0.358974358974359,0.5,0.0,-0.15734989648033126,0.0,0.0,0.0,0.0,1.4558823529411764,216.0,0.0,0.0,0.0,0.0,0.6341463414634144,0.0,0.11664152840623429,2.501452211658098
1.0,-2.45,-1.86326581027668,0.0,-0.2,1.3333333333333333,-1.0,-0.06521739130434782,-0.6486486486486487,0.0,0.0,-1.75,-1.6,0.0,0.0,0.0,0.0,0.0,-3.0,-0.3545103545103545,-0.8162393162393162,-0.7194029850746269,0.5,0.0,0.0,-0.8973981345115366,0.0,-1.2885283893395134,1.0,-1.0,0.0,-2.0,0.0,0.0,-1.5,0.0,-1.0,1.25,0.0,-0.5,-2.0,-1.9875776397515528,-2.0,-2.0,0.0,0.0,-0.36764705882352944,0.0,0.0,0.0,-2.0,0.0,-0.28893058161350826,-1.3333333333333333,-1.2257415786827552,0.0
-2.0,-0.25,-0.33436264822134387,0.0,0.9,1.0,0.5,0.7391304347826086,0.35135135135135137,0.0,0.0,-1.75,-1.6,0.0,-1.0,0.0,1.0,0.0,0.0,-0.5384345384345385,0.5735042735042735,-0.35522388059701493,0.0,0.0,0.0,-0.5203730976926854,1.157967032967033,0.3105446118192352,0.0,0.0,1.0,0.0,0.0,-1.0,0.5,0.0,-1.0,0.0,0.6923076923076923,0.0,0.0,0.33954451345755693,0.0,0.0,0.0,0.0,-0.36764705882352944,0.0,0.0,0.0,0.0,0.0,0.198874296435272,0.3333333333333333,-0.001005530417295123,0.0
0.0,-0.5,-0.09745553359683795,0.0,-0.5,1.0,-1.0,-0.717391304347826,-1.1891891891891893,0.0,0.0,-1.0,-1.0,0.0,0.0,0.0,0.0,1.0,-1.0,-0.5384345384345385,0.47435897435897434,-0.47064676616915424,1.0,0.0,0.0,-0.6519391261659303,1.0370879120879122,0.07106991116261105,1.0,-1.0,0.0,1.0,0.0,0.0,0.5,0.0,0.0,1.0,-1.0256410256410255,0.5,-1.0,-0.7619047619047619,-4.0,-1.0,-1.0,0.7142857142857143,-0.36764705882352944,0.0,0.0,0.0,-2.0,0.0,-0.18886804252657885,0.0,-0.21518350930115637,0.0
0.0,0.0,-0.17996541501976285,0.0,-0.7,1.0,0.5,0.5,0.05405405405405406,0.0,0.0,0.0,0.0,0.0,-1.0,0.0,1.0,0.0,0.0,-0.5384345384345385,0.688034188034188,-0.2218905472636816,0.0,0.0,0.0,-0.3495336278841433,1.1085164835164836,0.38933951332560834,0.0,0.0,1.0,-1.0,0.0,-1.0,0.5,0.0,0.0,0.0,0.41025641025641024,0.0,0.0,0.13250517598343686,0.0,0.0,0.0,0.0,1.3970588235294117,0.0,0.0,0.0,0.0,0.0,0.3264540337711067,0.3333333333333333,0.11764705882352941,0.0
1.0,-0.5,0.2078804347826087,0.0,-0.3,-0.6666666666666666,0.0,-1.4565217391304348,0.02702702702702703,0.0,0.0,-1.0,-1.0,0.0,0.0,0.0,0.0,1.0,0.0,-0.5384345384345385,0.47606837606837604,-0.46865671641791046,0.0,0.0,0.0,-0.6499754540991655,0.9793956043956044,0.00772499034376207,0.0,-1.0,0.0,0.0,0.0,0.0,0.5,0.0,-1.0,1.0,-1.8974358974358974,0.5,-1.0,-1.093167701863354,0.0,0.0,0.0,0.3392857142857143,-0.36764705882352944,239.0,0.0,0.0,-2.0,0.0,-0.29143214509068144,-0.3333333333333333,-0.25540472599296127,0.0
0.0,1.05,0.23678359683794467,-1.0,0.3,0.0,1.0,0.4782608695652174,0.02702702702702703,2.0,0.0,-1.0,-1.0,4.018264840182648,-1.0,-2.0,1.0,0.0,-2.0,1.8427518427518428,-0.11025641025641025,2.2238805970149254,0.0,0.0,0.0,2.0147275405007363,0.0,1.0027037466203168,1.0,0.0,1.0,-1.0,0.0,-1.0,0.5,0.0,0.0,0.0,0.38461538461538464,-1.0,1.0,1.4865424430641823,0.0,0.0,0.0,1.4047619047619047,0.3088235294117647,0.0,0.0,0.0,0.0,0.0,1.3195747342088793,0.6666666666666666,1.7526395173453997,5.0418266952399815
1.0,-2.45,-1.9265069169960474,0.0,-1.0,1.0,0.0,-0.043478260869565216,-0.6216216216216216,0.0,0.0,-1.5,-1.2,2.319634703196347,0.0,0.0,0.0,1.0,0.0,-0.5384345384345385,0.0811965811965812,-0.9283582089552239,1.0,0.0,0.0,-1.103583701521846,0.7788461538461539,-0.574739281575898,0.0,-1.0,1.0,0.0,0.0,0.0,0.0,0.0,-1.0,1.0,-0.23076923076923078,0.5,-1.0,-0.8944099378881988,0.0,0.0,0.0,0.0,-0.36764705882352944,0.0,0.0,0.0,0.0,-1.0,-0.7792370231394617,-0.3333333333333333,-0.8667672197083962,2.092331648447067
0.0,0.1,0.13055830039525693,-1.0,0.0,0.0,-0.5,-0.30434782608695654,0.32432432432432434,0.0,0.0,-1.5,-1.4,0.3287671232876712,-1.0,0.0,0.0,1.0,0.0,0.5931905931905932,-0.394017094017094,0.12238805970149254,0.0,0.0,0.0,-0.06676485027000491,0.0,-0.6349942062572422,1.0,-1.0,1.0,0.0,0.0,-1.0,-0.5,0.0,-1.0,0.0,-0.5384615384615384,0.0,-1.0,-0.6956521739130435,0.0,0.0,0.0,0.0,-0.36764705882352944,0.0,0.0,0.0,-2.0,0.0,-0.2784240150093808,-0.3333333333333333,-0.37506284565108094,0.2912072443924986
0.0,-0.5,-0.5628705533596838,0.0,-0.6,1.0,0.5,-0.9130434782608695,0.16216216216216217,0.0,0.0,-0.25,0.4,0.0,0.0,-3.0,-1.0,0.0,0.0,-0.5384345384345385,0.5102564102564102,-0.42885572139303485,1.0,0.0,0.0,-0.4634266077565047,0.8942307692307693,0.05870992661259174,0.0,-1.0,1.0,0.0,0.0,0.0,0.0,0.0,0.0,0.0,-1.2564102564102564,0.0,-1.0,-0.8695652173913043,0.0,0.0,-1.0,0.0,-0.36764705882352944,112.0,0.0,0.0,-2.0,0.0,0.41734417344173436,-0.3333333333333333,-0.20211161387631976,0.0
0.0,0.4,1.982336956521739,0.0,0.0,-0.6666666666666666,0.0,-0.5434782608695652,-1.1891891891891893,0.0,0.0,0.0,0.0,0.0,0.0,0.0,0.0,1.0,0.0,-0.5384345384345385,0.7427350427350428,-0.1582089552238806,1.0,0.0,0.0,-0.3436426116838488,0.75,-0.009269988412514484,0.0,-1.0,0.0,0.0,0.0,0.0,0.0,0.0,0.0,0.0,-0.8205128205128205,0.5,-1.0,-0.6211180124223602,0.0,0.0,0.0,1.1428571428571428,-0.36764705882352944,0.0,0.0,0.0,0.0,-4.0,0.28893058161350826,-0.3333333333333333,-0.10960281548516843,0.0
0.0,0.25,0.11326581027667984,0.0,-0.5,0.0,-0.5,-0.1956521739130435,0.13513513513513514,2.0,0.0,-1.0,-1.0,0.0,0.0,-2.0,1.0,1.0,0.0,0.35591435591435594,0.635042735042735,0.9840796019900497,0.0,0.0,0.0,0.7835051546391752,0.0,0.03398995751255311,1.0,-1.0,0.0,0.0,0.0,0.0,0.5,0.0,-1.0,1.0,-0.3076923076923077,-1.0,0.0,0.0,0.0,0.0,0.0,0.0,-0.36764705882352944,0.0,0.0,0.0,-2.0,0.0,-0.2489055659787367,0.0,0.49572649572649574,0.0
0.0,0.5,0.7177618577075099,0.0,0.2,1.0,0.5,0.06521739130434782,-0.4864864864864865,0.0,0.0,-0.75,-0.6,1.4185692541856925,0.0,0.0,0.0,0.0,0.0,-0.5384345384345385,0.5393162393162393,-0.39502487562189054,1.0,0.0,0.0,0.10800196367206677,1.0892857142857142,0.727694090382387,0.0,0.0,1.0,0.0,0.0,0.0,0.5,0.0,0.0,0.0,-0.10256410256410256,0.0,0.0,0.2898550724637681,0.0,0.0,0.0,0.0,1.2941176470588236,252.0,0.0,0.0,0.0,0.0,0.8742964352720448,0.3333333333333333,0.25037707390648567,1.7032979944240685
0.0,-0.9,9.167613636363637,-0.6666666666666666,0.3,1.0,1.0,0.45652173913043476,0.2972972972972973,2.0,0.0,0.0,0.0,3.2146118721461185,-1.0,0.0,1.0,0.0,0.0,1.3724113724113725,-0.6658119658119658,1.2686567164179106,0.0,0.0,0.0,1.1762395679921454,1.0467032967032968,1.5202780996523755,1.0,0.0,1.0,1.0,0.0,-1.0,1.0,0.0,0.0,0.0,0.358974358974359,0.0,1.0,0.9565217391304348,0.0,0.0,0.0,3.0773809523809526,0.75,0.0,0.0,0.0,0.0,0.0,1.3921200750469036,1.0,1.606837606837607,4.341440552790128
0.0,2.5,1.0082756916996047,0.0,0.0,0.0,0.0,-0.10869565217391304,-0.7027027027027027,2.0,0.0,0.25,0.2,1.3150684931506849,0.0,0.0,0.0,-0.5,0.0,-0.5384345384345385,1.5632478632478632,0.7970149253731343,0.5,0.0,0.0,0.5989199803632793,0.0,-0.11123986095017381,1.0,-1.0,0.0,-1.0,0.0,0.0,-0.5,-5.0,1.0,0.0,-0.3076923076923077,0.0,0.0,0.39751552795031053,0.0,0.0,0.0,0.0,-0.36764705882352944,240.0,0.0,0.0,0.0,0.0,0.9088180112570348,-0.6666666666666666,0.3066867772750126,1.339268327056658
0.0,1.0,0.13179347826086957,0.0,-0.5,1.3333333333333333,-1.0,-0.021739130434782608,-0.5945945945945946,0.0,0.0,-0.75,-0.6,0.0,0.0,0.0,0.0,0.0,-3.0,0.7532467532467533,-0.7512820512820513,0.2915422885572139,1.0,0.0,0.0,0.18458517427589594,0.0,-0.4372344534569332,1.0,0.0,0.0,0.0,0.0,0.0,0.0,0.0,-1.0,1.0,-0.15384615384615385,0.0,0.0,0.4472049689440994,0.0,0.0,0.0,0.0,-0.36764705882352944,180.0,0.0,0.0,-2.0,0.0,-0.519491348759641,0.0,-0.16088486676721972,0.0
0.0,-1.05,2.8205286561264824,-0.6666666666666666,0.9,0.0,1.0,0.6956521739130435,0.32432432432432434,0.0,0.0,0.0,0.0,0.0,-1.0,0.0,1.0,-1.0,-1.0,1.8778518778518778,-0.2076923076923077,2.1601990049751243,0.0,0.0,0.0,1.9833087874324988,0.0,0.9779837775202781,1.0,-1.0,1.0,-2.0,0.0,-3.0,1.0,0.0,0.0,0.0,0.6410256410256411,-1.0,1.0,2.7080745341614905,0.0,0.0,0.0,1.1428571428571428,3.5588235294117645,0.0,0.0,0.0,0.0,1.0,0.6238273921200747,0.6666666666666666,1.7043740573152337,0.0
0.0,1.8,0.4237895256916996,-1.0,-0.4,1.0,1.0,0.5869565217391305,0.16216216216216217,0.0,0.0,0.0,0.0,0.243531202435312,-1.0,0.0,1.0,0.0,0.0,-0.5384345384345385,1.587179487179487,0.8248756218905473,0.0,0.0,0.0,0.7206676485027,0.6620879120879121,0.7292390884511394,0.0,0.0,1.0,0.0,0.0,-1.0,0.5,0.0,0.0,0.0,0.5128205128205128,0.0,0.0,0.09937888198757763,0.0,0.0,0.0,1.119047619047619,1.4558823529411764,0.0,0.0,0.0,0.0,0.0,0.8767979987492175,0.3333333333333333,0.8677727501256913,0.29248722167473246
0.0,0.15,2.216279644268775,-1.0,0.0,1.0,0.0,-0.17391304347826086,-0.40540540540540543,-1.0,4.0,-0.75,-0.6,0.6879756468797564,0.0,-2.0,0.0,0.0,0.0,-0.2758862758862759,-0.6264957264957265,0.05870646766169154,1.0,0.0,0.0,0.7422680412371134,1.2568681318681318,1.4152182309772112,0.0,0.0,1.0,0.0,0.0,0.0,0.5,-1.0,0.0,0.75,-0.38461538461538464,0.5,0.0,0.4803312629399586,0.0,0.0,0.0,0.0,3.5294117647058822,0.0,0.0,0.0,0.0,-4.0,1.9874921826141327,0.3333333333333333,0.9270990447461036,0.916138535757458
0.0,-0.25,-0.33436264822134387,0.0,0.8,0.0,0.0,0.45652173913043476,0.10810810810810811,0.0,0.0,-1.5,-1.4,1.5707762557077625,0.0,0.0,1.0,0.0,0.0,1.0593190593190593,-0.3547008547008547,0.8288557213930349,0.0,0.0,0.0,1.1624938635247914,0.0,0.33217458478176903,1.0,0.0,0.0,0.0,0.0,-1.0,0.5,0.0,0.0,0.0,0.358974358974359,0.0,0.0,0.39337474120082816,0.0,0.0,0.0,1.3333333333333333,0.25,0.0,0.0,0.0,0.0,0.0,0.23389618511569724,0.3333333333333333,0.6113624937154349,1.7568686100866657
0.0,0.05,1.1602025691699605,0.0,0.7,0.0,-0.5,-0.3695652173913043,-0.1891891891891892,0.0,0.0,-1.75,0.2,0.0,0.0,0.0,0.0,1.0,0.0,0.8487188487188487,-0.47435897435897434,0.39104477611940297,0.5,0.0,0.0,0.6872852233676976,0.0,-0.04171494785631518,1.0,-1.0,1.0,0.0,0.0,0.0,0.0,-3.0,0.0,1.0,0.48717948717948717,0.5,0.0,0.39751552795031053,0.0,0.0,0.0,1.8095238095238095,-0.36764705882352944,0.0,0.0,0.0,0.0,0.0,0.2276422764227641,0.0,0.146807440925088,0.0
0.0,0.5,0.5240859683794467,0.0,-0.6,0.0,-1.0,-1.108695652173913,-1.1891891891891893,0.0,0.0,-1.0,-1.0,0.0,0.0,0.0,-1.0,-0.5,0.0,-0.5384345384345385,0.3803418803418803,-0.5800995024875621,0.0,0.0,0.0,0.18262150220913106,0.0,-0.4387794515256856,0.0,-1.0,0.0,-1.0,0.0,-2.0,-0.5,0.0,0.0,1.0,-1.4871794871794872,0.5,-1.0,-0.9440993788819876,0.0,-4.0,0.0,0.0,-0.36764705882352944,67.0,0.0,0.0,0.0,0.0,0.16635397123201992,-1.0,-0.6023127199597788,0.0
0.0,-0.3,-0.20886857707509882,0.0,-0.7,1.0,0.0,0.6956521739130435,0.2972972972972973,0.0,0.0,0.0,0.0,0.0,-1.0,0.0,1.0,0.0,0.0,-0.2674622674622675,0.11538461538461539,-0.5044776119402985,0.0,0.0,0.0,-0.6853215513009328,1.0137362637362637,0.01853997682502897,1.0,0.0,1.0,0.0,0.0,-1.0,0.5,0.0,-1.0,0.0,0.6410256410256411,-1.0,0.0,0.2484472049689441,0.0,0.0,0.0,0.5952380952380952,0.14705882352941177,0.0,0.0,0.0,0.0,0.0,-0.27392120075046883,0.6666666666666666,-0.26646556058320764,0.0
-1.0,-0.8,-0.7039278656126482,0.0,-0.5,1.0,0.0,-1.0434782608695652,-1.1891891891891893,1.0,0.0,0.25,0.2,0.0,0.0,-2.0,-1.0,1.0,0.0,0.23517023517023516,-0.6094017094017095,-0.6358208955223881,1.0,-1.0,0.0,-0.7658321060382917,0.9230769230769231,-0.14677481653147934,1.0,0.0,0.0,0.0,0.0,0.0,0.0,0.0,-1.0,1.0,-1.2820512820512822,0.5,-1.0,-0.7453416149068323,0.0,0.0,0.0,0.875,-0.36764705882352944,0.0,0.0,0.0,0.0,0.0,0.029184907233687538,0.0,-0.44042232277526394,0.0
0.0,-0.1,0.4376235177865613,-1.0,1.2,0.0,0.0,0.08695652173913043,-0.4594594594594595,0.0,0.0,-0.75,-0.6,0.0,-1.0,0.0,0.0,0.0,0.0,0.5384345384345385,-0.062393162393162394,0.43084577114427863,1.0,0.0,0.0,0.23760432007854687,0.0,-0.395519505600618,1.0,-1.0,1.0,0.0,0.0,0.0,0.0,0.0,0.0,0.0,-0.07692307692307693,0.0,0.0,0.2732919254658385,0.0,0.0,0.0,1.1785714285714286,0.25,0.0,0.0,0.0,0.0,0.0,-0.4406920992286842,0.0,-0.06334841628959276,0.0
0.0,2.0,1.2261610671936758,0.0,-0.6,0.0,0.0,-0.34782608695652173,0.2702702702702703,2.0,0.0,-1.75,-1.6,0.6453576864535768,0.0,0.0,1.0,1.0,0.0,1.1267111267111267,-0.3188034188034188,0.9661691542288557,0.0,0.0,0.0,1.4766813942071675,0.0,0.5793742757821553,1.0,0.0,0.0,0.0,0.0,-1.0,0.5,0.0,1.0,0.0,-0.5897435897435898,-1.0,0.0,-0.2650103519668737,0.0,0.0,0.0,0.0,0.9117647058823529,0.0,200.0,0.0,0.0,0.0,0.6341463414634144,0.3333333333333333,0.8416289592760181,0.7554243146317904
0.0,0.5,-0.06879940711462451,0.0,0.0,0.0,0.0,-0.17391304347826086,-0.7837837837837838,0.0,0.0,-1.5,-1.4,0.0,0.0,0.0,0.0,1.0,0.0,0.713934713934714,-0.39914529914529917,0.28756218905472636,1.0,0.0,0.0,0.09621993127147767,0.0,-0.5067593665507918,1.0,-1.0,0.0,0.0,0.0,0.0,-0.5,0.0,0.0,0.0,-0.38461538461538464,0.0,-1.0,-0.39751552795031053,0.0,0.0,0.0,2.5357142857142856,-0.36764705882352944,0.0,0.0,0.0,0.0,0.0,0.012257661038148637,-0.6666666666666666,-0.2081447963800905,0.0
0.0,-2.3,-1.7760622529644268,0.0,0.1,1.0,0.0,0.10869565217391304,-0.43243243243243246,0.0,0.0,-0.75,-2.2,0.0,0.0,0.0,0.0,1.0,0.0,-0.10179010179010178,0.11367521367521367,-0.2716417910447761,1.0,0.0,0.0,-0.45557191948944525,0.804945054945055,-0.035534955581305525,0.0,0.0,1.0,0.0,0.0,0.0,0.5,0.0,0.0,0.0,-0.05128205128205128,0.5,0.0,-0.16563146997929606,0.0,0.0,0.0,0.16666666666666666,-0.36764705882352944,0.0,0.0,0.0,0.0,0.0,-0.36147592245153193,0.3333333333333333,-0.18401206636500755,0.0
1.0,-0.5,0.030014822134387352,0.0,0.5,1.0,-1.0,-1.5869565217391304,-1.1891891891891893,0.0,0.0,-3.0,-0.2,0.0,0.0,0.0,-1.0,1.0,0.0,-0.5384345384345385,1.0555555555555556,0.20597014925373133,0.25,-1.0,0.0,0.015709376534118802,0.9326923076923077,0.47894940131324837,1.0,0.0,0.0,1.0,1.0,0.0,1.0,-3.0,-1.0,-0.25,-1.5384615384615385,0.5,1.0,1.2380952380952381,-4.0,-4.0,-2.0,0.0,-0.36764705882352944,90.0,0.0,0.0,0.0,0.0,-0.08317698561600996,0.6666666666666666,0.39215686274509803,0.0
0.0,-0.9,-0.11277173913043478,0.0,0.5,0.0,-0.5,-1.065217391304348,0.32432432432432434,0.0,0.0,0.0,0.0,0.0,-1.0,0.0,-1.0,1.0,0.0,-0.5384345384345385,0.4965811965811966,-0.44477611940298506,0.0,0.0,0.0,-0.5792832596956309,0.0,-1.0382387022016222,0.0,-1.0,0.0,-1.0,0.0,-1.0,-0.5,0.0,-1.0,1.0,-1.435897435897436,0.5,-1.0,-0.9937888198757764,-4.0,-4.0,-2.0,1.880952380952381,-0.36764705882352944,120.0,0.0,0.0,0.0,0.0,-1.1924953095684796,-1.0,-0.9240824534942182,0.0
0.0,0.5,0.5843626482213439,-1.0,1.0,0.0,1.0,0.7608695652173914,0.3783783783783784,2.0,0.0,0.0,0.0,2.8249619482496193,-1.0,0.0,1.0,-1.0,-1.0,-0.5384345384345385,2.681196581196581,2.098507462686567,0.0,0.0,0.0,1.8831615120274914,0.0,0.899188876013905,0.0,0.0,1.0,0.0,0.0,-1.0,0.5,0.0,0.0,0.0,0.717948717948718,-1.0,1.0,1.4658385093167703,0.0,0.0,0.0,1.9166666666666667,0.8382352941176471,0.0,0.0,0.0,0.0,1.0,1.151969981238273,0.3333333333333333,1.6219205630970337,3.4879080280816095
0.0,0.05,0.11524209486166008,-1.0,0.7,0.0,-0.5,-0.2608695652173913,-0.8918918918918919,2.0,0.0,0.25,0.2,0.3470319634703196,0.0,0.0,0.0,1.0,0.0,0.6226746226746227,-0.541025641025641,-0.006965174129353234,1.0,0.0,0.0,-0.19440353460972018,0.0,-0.7354190807261491,1.0,-1.0,0.0,0.0,0.0,0.0,-0.5,0.0,-1.0,1.0,-0.4358974358974359,0.5,0.0,0.38095238095238093,0.0,0.0,0.0,0.0,-0.36764705882352944,0.0,0.0,0.0,0.0,0.0,-0.5060662914321449,-0.6666666666666666,-0.5057817998994469,0.2977471117128791
0.0,-1.0,-0.3622776679841897,0.0,0.8,0.0,0.0,0.15217391304347827,-0.3783783783783784,0.0,0.0,-0.75,-0.6,0.0,0.0,0.0,0.0,0.0,0.0,0.22393822393822393,-0.3700854700854701,-0.136318407960199,1.0,0.0,0.0,-0.32204221894943547,0.0,-0.835843955195056,0.0,0.0,0.0,-1.0,0.0,0.0,-0.5,0.0,0.0,0.0,0.0,0.0,-1.0,-0.8944099378881988,0.0,0.0,0.0,0.47619047619047616,-0.36764705882352944,0.0,0.0,0.0,0.0,0.0,-0.733708567854909,-0.6666666666666666,-0.6365007541478129,0.0
-1.0,-0.75,-1.229866600790514,-0.6666666666666666,0.6,-0.6666666666666666,-0.5,-0.8913043478260869,0.16216216216216217,0.0,0.0,0.0,-0.2,0.0,0.0,0.0,-1.0,1.0,0.0,-0.2829062829062829,0.2282051282051282,-0.39502487562189054,0.0,0.0,0.0,-0.4693176239567992,0.9230769230769231,0.08651989185013519,0.0,-1.0,0.0,0.0,0.0,0.0,0.0,0.0,-1.0,1.0,-0.3076923076923077,0.5,-1.0,-0.8240165631469979,0.0,0.0,0.0,0.0,-0.36764705882352944,56.0,0.0,0.0,0.0,-4.0,0.46987700646237224,-0.6666666666666666,-0.16691804927099044,0.0
0.0,0.5,-1.628334980237154,0.0,-0.8,0.0,0.0,0.5,0.08108108108108109,0.0,0.0,0.25,0.2,0.0,0.0,0.0,1.0,0.0,-1.0,0.8697788697788698,-0.32393162393162395,0.5960199004975124,0.0,0.0,0.0,0.4005891016200295,0.0,-0.2672846658941676,1.0,-1.0,0.0,-1.0,0.0,-1.0,0.0,0.0,0.0,0.0,0.41025641025641024,0.5,0.0,-0.2028985507246377,0.0,0.0,0.0,1.8273809523809523,-0.36764705882352944,0.0,0.0,0.0,0.0,0.0,-0.19845736918907655,-0.3333333333333333,0.1035696329813977,0.0
0.0,1.0,0.4371294466403162,-1.0,-0.7,0.0,1.5,0.6304347826086957,0.21621621621621623,2.0,0.0,0.0,0.0,1.308980213089802,-1.0,0.0,1.0,0.0,-3.0,0.9484029484029484,0.152991452991453,1.2626865671641792,0.0,0.0,0.0,1.140893470790378,0.0,0.31517960602549244,1.0,0.0,0.0,0.0,0.0,-1.0,0.5,0.0,0.0,0.0,0.5641025641025641,-1.0,1.0,0.9192546583850931,0.0,0.0,0.0,1.5297619047619047,0.29411764705882354,0.0,0.0,0.0,0.0,0.0,0.2063789868667915,0.3333333333333333,0.8195072900955254,1.4592533951043745
0.0,-0.6,1.8012598814229248,-0.6666666666666666,0.3,1.0,0.5,0.5434782608695652,0.10810810810810811,0.0,0.0,0.0,0.0,0.182648401826484,-1.0,0.0,1.0,0.0,0.0,-0.5384345384345385,1.2264957264957266,0.40497512437810945,0.5,0.0,0.0,0.21207658321060383,0.8846153846153846,0.5793742757821553,0.0,0.0,1.0,1.0,0.0,0.0,0.5,0.0,-1.0,0.0,0.46153846153846156,-1.0,0.0,0.024844720496894408,0.0,0.0,0.0,0.0,0.8235294117647058,0.0,0.0,0.0,0.0,0.0,0.6341463414634144,0.3333333333333333,0.5580693815987934,0.21379933432975198
0.0,-0.425,-1.091032608695652,-1.0,1.0,1.0,0.5,0.2391304347826087,-0.2702702702702703,0.0,0.0,-1.5,-1.4,0.0,-1.0,0.0,0.0,0.0,-1.0,0.6240786240786241,-0.5085470085470085,0.39502487562189054,0.5,0.0,0.0,0.20225822287677958,1.2362637362637363,0.9671687910390112,1.0,0.0,0.0,0.0,0.0,-1.0,0.0,-4.0,0.0,0.0,0.10256410256410256,-1.0,0.0,0.40165631469979296,0.0,0.0,0.0,1.3035714285714286,-0.36764705882352944,0.0,0.0,0.0,0.0,0.0,2.1334167187825708,0.0,0.8054298642533937,0.0
-2.0,0.7,0.17996541501976285,0.0,0.9,1.0,0.5,0.7391304347826086,0.35135135135135137,0.0,0.0,0.0,0.0,0.0,-1.0,0.0,1.0,0.0,0.0,-0.5384345384345385,0.6777777777777778,-0.23383084577114427,0.0,0.0,0.0,-0.4182621502209131,1.2184065934065933,0.45886442641946695,0.0,1.0,0.0,0.0,0.0,-1.0,0.5,0.0,-1.0,0.0,0.6923076923076923,-1.0,0.0,0.4057971014492754,0.0,0.0,0.0,0.8571428571428571,1.1764705882352942,0.0,0.0,0.0,0.0,1.0,0.4390243902439024,0.3333333333333333,0.1568627450980392,0.0
-2.0,0.175,-1.0804100790513833,-0.6666666666666666,0.9,1.0,0.5,0.6739130434782609,0.2702702702702703,0.0,0.0,-1.0,-1.0,0.0,-1.0,0.0,1.0,0.0,0.0,-0.20287820287820288,-0.2829059829059829,-0.8766169154228856,0.0,0.0,0.0,-1.0525282277859598,0.7568681318681318,-0.5592893008883739,0.0,0.0,1.0,-1.0,0.0,-1.0,-1.0,0.0,-1.0,1.0,0.6153846153846154,0.5,0.0,0.0,0.0,0.0,0.0,0.0,0.5147058823529411,0.0,0.0,0.0,0.0,0.0,0.8580362726704185,-0.6666666666666666,-0.8305681246857718,0.0
0.0,-0.5,-0.34325592885375494,0.0,1.0,0.0,1.0,0.7391304347826086,0.35135135135135137,0.0,0.0,-1.0,-1.0,0.0,-1.0,0.0,1.0,0.0,-3.0,0.7883467883467884,-0.005982905982905983,0.8507462686567164,0.0,0.0,0.0,0.6519391261659303,0.0,-0.06952491309385864,1.0,0.0,0.0,-1.0,0.0,-1.0,0.5,0.0,0.0,0.0,0.6923076923076923,0.0,0.0,0.36024844720496896,0.0,0.0,0.0,0.8333333333333334,-0.36764705882352944,0.0,0.0,0.0,0.0,1.0,-0.416510318949343,0.3333333333333333,0.3609854198089492,0.0
0.0,-0.45,-0.4697381422924901,-1.0,0.4,0.0,0.0,0.6956521739130435,0.32432432432432434,0.0,0.0,0.0,0.0,1.5585996955859969,-1.0,0.0,1.0,0.0,-3.0,-0.5103545103545104,1.4777777777777779,0.7373134328358208,0.0,0.0,0.0,0.5400098183603338,0.0,-0.15758980301274622,0.0,0.0,0.0,-1.0,0.0,-1.0,0.0,0.0,0.0,0.0,0.6410256410256411,0.0,0.0,-0.08281573498964803,0.0,0.0,0.0,1.1428571428571428,0.04411764705882353,0.0,0.0,0.0,0.0,0.0,0.008755472170106311,-0.3333333333333333,0.2463549522373052,1.5700834957547052
1.0,0.0,-1.248147233201581,0.0,-0.7,0.0,0.0,0.6739130434782609,0.2702702702702703,0.0,0.0,0.0,0.0,0.8949771689497716,-1.0,0.0,1.0,0.0,-2.0,0.44015444015444016,-0.5581196581196581,-0.2855721393034826,0.0,0.0,0.0,-0.4693176239567992,0.0,-0.9517188103514871,1.0,-1.0,0.0,-2.0,0.0,-1.0,-1.5,0.0,0.0,0.0,0.6153846153846154,0.0,0.0,-0.2484472049689441,0.0,0.0,0.0,0.8869047619047619,-0.36764705882352944,0.0,0.0,0.0,0.0,0.0,0.983531373775276,-1.3333333333333333,-0.7873303167420814,0.7113928406939846
0.0,1.7,2.978384387351779,-1.0,0.3,1.0,2.0,0.45652173913043476,0.02702702702702703,0.0,6.0,-1.5,-1.4,7.123287671232877,-3.0,0.0,1.0,-1.0,-2.0,1.5043875043875043,0.8743589743589744,2.890547263681592,0.0,0.0,0.0,2.6647029945999017,2.5714285714285716,4.406334492081885,0.0,1.0,1.0,1.0,0.0,-3.0,2.0,0.0,1.0,0.0,0.358974358974359,-1.0,1.0,1.4575569358178053,0.0,0.0,0.0,2.2738095238095237,0.36764705882352944,0.0,0.0,0.0,0.0,0.0,3.591494684177609,2.0,4.304675716440422,12.77382050053537
0.0,-1.4,4.125370553359684,-1.0,1.1,1.0,0.5,0.34782608695652173,-0.10810810810810811,2.0,0.0,-1.0,-1.0,1.7838660578386605,-1.0,0.0,1.0,0.0,-2.0,0.8164268164268165,-0.3974358974358974,0.43482587064676614,0.0,0.0,0.0,0.2965144820814924,1.7596153846153846,1.6299729625337969,1.0,0.0,1.0,1.0,0.0,-1.0,1.5,0.0,1.0,0.0,0.23076923076923078,0.0,0.0,0.6128364389233955,0.0,0.0,0.0,1.9047619047619047,0.029411764705882353,0.0,0.0,0.0,0.0,0.0,0.9348898617191299,1.3333333333333333,1.256913021618904,2.443857807341281
0.0,-0.5,-1.007534584980237,0.0,0.5,0.0,-0.5,-1.1304347826086956,-0.7027027027027027,0.0,0.0,-1.0,-1.0,0.0,0.0,0.0,-1.0,1.0,0.0,-0.5384345384345385,1.0179487179487179,0.16218905472636816,0.0,0.0,0.0,-0.027491408934707903,0.0,-0.6040942448821939,0.0,-1.0,0.0,-1.0,0.0,0.0,-1.0,0.0,-1.0,1.0,-0.3076923076923077,0.5,-1.0,-0.6376811594202898,0.0,0.0,0.0,0.0,-0.36764705882352944,112.0,0.0,0.0,0.0,-4.0,0.731081926203877,-1.3333333333333333,-0.334841628959276,0.0
1.0,-0.95,-0.8296689723320159,0.0,-0.9,-0.6666666666666666,-0.5,-0.8043478260869565,-1.1891891891891893,0.0,0.0,0.25,0.2,0.0,0.0,-3.0,-1.0,1.0,0.0,-0.5384345384345385,0.7683760683760684,-0.12835820895522387,1.0,0.0,0.0,-0.039273441335297005,0.6483516483516484,0.11587485515643106,0.0,-1.0,1.0,0.0,0.0,0.0,-0.5,0.0,-1.0,1.0,0.38461538461538464,0.5,0.0,0.39751552795031053,0.0,0.0,0.0,0.6666666666666666,-0.36764705882352944,0.0,0.0,0.0,-2.0,0.0,1.4236397748592864,-0.6666666666666666,-0.013071895424836602,0.0
0.0,-0.8,1.0702816205533596,-1.0,1.1,0.0,0.0,0.30434782608695654,-0.1891891891891892,0.0,0.0,-1.5,-1.4,0.4383561643835616,0.0,0.0,0.0,0.0,0.0,0.8374868374868375,-0.658974358974359,0.23980099502487562,0.5,0.0,0.0,0.09818360333824251,0.0,-0.5052143684820394,1.0,0.0,0.0,-1.0,0.0,-1.0,-0.5,0.0,0.0,0.0,0.1794871794871795,0.5,0.0,0.2939958592132505,0.0,0.0,0.0,0.7440476190476191,-0.36764705882352944,0.0,0.0,0.0,0.0,0.0,0.01575984990619146,-0.3333333333333333,-0.23127199597787834,0.40346601433768897
1.0,-1.0,-0.8593132411067194,0.0,-0.9,0.0,-0.5,-1.1304347826086956,-1.1891891891891893,0.0,0.0,0.25,0.4,0.0,0.0,0.0,0.0,1.0,0.0,0.32643032643032643,-0.8162393162393162,-0.7472636815920398,0.5,0.0,0.0,-0.9248895434462445,0.0,-1.3101583623020472,0.0,-1.0,0.0,-1.0,0.0,0.0,-1.0,0.0,-1.0,1.0,-1.5128205128205128,0.5,-1.0,-1.1387163561076605,0.0,0.0,0.0,0.0,-0.36764705882352944,129.0,0.0,0.0,0.0,0.0,-1.2695434646654151,-1.3333333333333333,-1.2538964303670186,0.0
0.0,-0.65,-0.755558300395257,-1.0,-0.5,0.0,-0.5,-0.45652173913043476,-1.135135135135135,0.0,0.0,0.25,0.2,0.0,0.0,0.0,1.0,-1.0,-1.0,-0.2435942435942436,-0.44188034188034186,-0.022885572139303482,0.25,0.0,-4.0,0.11978399607265587,0.0,-0.48821938972576284,0.0,-1.0,0.0,-1.0,0.0,0.0,0.0,0.0,-1.0,1.0,-0.717948717948718,0.5,-1.0,-0.7122153209109731,0.0,0.0,0.0,0.0,-0.36764705882352944,0.0,0.0,0.0,0.0,0.0,-0.6158015426308104,-0.3333333333333333,-0.35294117647058826,0.0
0.0,-0.25,-0.25407608695652173,0.0,0.7,0.0,-0.5,-0.17391304347826086,0.40540540540540543,0.0,0.0,-1.0,-1.0,0.0,0.0,-2.0,0.0,1.0,0.0,0.23797823797823797,-0.43333333333333335,-0.19402985074626866,0.0,0.0,0.0,-0.3789887088856161,0.0,-0.880648899188876,1.0,-1.0,0.0,0.0,0.0,0.0,-0.5,0.0,0.0,1.0,-0.1794871794871795,0.5,-1.0,-0.5962732919254659,0.0,0.0,0.0,2.4761904761904763,1.75,0.0,0.0,0.0,-2.0,0.0,-0.8352720450281419,-0.6666666666666666,-0.6948215183509301,0.0
-2.0,-0.55,-1.2837203557312253,-0.6666666666666666,0.9,0.0,0.5,0.6739130434782609,0.2702702702702703,0.0,0.0,-1.0,-1.0,0.0,-1.0,0.0,1.0,0.0,-1.0,-0.515970515970516,1.5341880341880343,0.7950248756218905,0.0,0.0,0.0,0.5969563082965145,0.0,-0.11278485901892622,0.0,0.0,0.0,-1.0,0.0,-1.0,-0.5,0.0,-1.0,0.0,0.6153846153846154,0.0,0.0,0.2070393374741201,0.0,0.0,0.0,0.9285714285714286,1.9558823529411764,0.0,0.0,0.0,0.0,0.0,0.9053158223889924,-0.6666666666666666,0.3046757164404223,0.0
0.0,0.75,1.1987401185770752,0.0,1.1,0.0,1.0,0.6304347826086957,0.21621621621621623,2.0,0.0,0.0,0.0,3.835616438356164,-1.0,0.0,1.0,-1.0,-2.0,1.2502632502632502,0.0829059829059829,1.608955223880597,0.0,0.0,0.0,1.4000981836033382,0.0,0.5191193511008111,1.0,0.0,0.0,0.0,0.0,-1.0,0.5,0.0,0.0,0.0,0.5641025641025641,-1.0,1.0,1.1801242236024845,0.0,0.0,0.0,1.6071428571428572,0.7794117647058824,0.0,0.0,0.0,0.0,0.0,0.5365853658536587,0.3333333333333333,1.127199597787833,4.44192305623869
0.0,0.5,0.030014822134387352,0.0,0.2,0.0,0.5,-0.08695652173913043,-0.6756756756756757,2.0,0.0,-1.5,-1.4,1.0228310502283104,0.0,0.0,0.0,1.0,0.0,-0.5384345384345385,1.1735042735042736,0.34328358208955223,1.0,0.0,0.0,0.15120274914089346,0.0,-0.46349942062572425,0.0,-1.0,1.0,0.0,0.0,0.0,0.0,0.0,-1.0,0.0,-0.28205128205128205,0.5,0.0,0.19875776397515527,0.0,0.0,0.0,0.0,-0.36764705882352944,0.0,0.0,0.0,0.0,0.0,-0.5691056910569102,-0.3333333333333333,-0.1518350930115636,0.9525329357823861
0.0,0.6,0.7311017786561265,-1.0,1.0,1.0,1.0,0.717391304347826,0.32432432432432434,2.0,0.0,0.0,0.0,2.837138508371385,-3.0,0.0,1.0,-1.0,0.0,-0.5384345384345385,1.2931623931623932,0.48258706467661694,0.0,0.0,0.0,0.3475699558173785,1.8021978021978022,1.7180378524526845,0.0,0.0,1.0,1.0,0.0,-3.0,2.0,0.0,0.0,0.5,0.6666666666666666,-1.0,1.0,0.7701863354037267,0.0,0.0,0.0,1.9285714285714286,1.1029411764705883,0.0,0.0,0.0,0.0,1.0,0.544590368980613,1.3333333333333333,1.3383609854198089,3.9305477385992917
1.0,0.3,-0.45664525691699603,0.0,0.5,1.0,-0.5,-1.5869565217391304,0.05405405405405406,0.0,0.0,0.25,0.2,0.0,0.0,-2.0,-1.0,0.0,0.0,-0.5384345384345385,-0.20085470085470086,-1.2567164179104477,0.5,0.0,0.0,-0.10800196367206677,1.0714285714285714,0.5376593279258401,0.0,0.0,0.0,1.0,1.0,-1.0,1.0,0.0,0.0,1.0,0.48717948717948717,0.5,0.0,0.7950310559006211,0.0,0.0,-2.0,2.0476190476190474,-0.36764705882352944,40.0,0.0,0.0,-2.0,0.0,0.0,0.3333333333333333,-0.30869783810960283,0.0
0.0,0.0,-0.2664278656126482,0.0,-0.7,0.0,0.5,0.6739130434782609,0.2972972972972973,0.0,0.0,0.0,0.0,0.6636225266362252,-1.0,0.0,1.0,0.0,-3.0,0.4612144612144612,0.4846153846153846,0.9582089552238806,0.0,0.0,0.0,0.7795778105056456,0.0,0.03089996137504828,1.0,0.0,0.0,0.0,0.0,-1.0,0.5,0.0,-1.0,0.0,0.6153846153846154,0.0,0.0,0.5217391304347826,0.0,0.0,0.0,0.0,0.14705882352941177,0.0,0.0,0.0,0.0,0.0,-0.25390869293308305,0.3333333333333333,0.4806435394670689,0.6978107855895918
1.0,0.0,-0.9581274703557312,0.0,-0.3,1.0,-1.0,-0.9347826086956522,-1.1891891891891893,2.0,0.0,0.0,0.4,0.0,-2.0,-3.0,2.0,0.5,1.0,-0.5384345384345385,-0.8162393162393162,-1.973134328358209,0.25,-1.0,0.0,-1.4040255277368678,0.989010989010989,-0.574739281575898,0.0,0.0,0.0,0.0,1.0,-2.0,0.5,-2.0,-1.0,1.25,0.0,-0.5,-2.0,-1.9875776397515528,-2.0,-2.0,-2.0,0.0,-0.36764705882352944,0.0,0.0,0.0,0.0,0.0,-1.23452157598499,0.0,-1.3946706887883358,0.0
0.0,0.5,26.10437252964427,-0.6666666666666666,-0.8,0.0,0.5,-0.043478260869565216,0.21621621621621623,0.0,0.0,-0.75,-0.6,2.136986301369863,0.0,0.0,0.0,0.0,-2.0,1.173043173043173,-0.09145299145299145,1.2965174129353234,1.0,0.0,0.0,1.4472263132056946,0.0,0.5561993047508691,1.0,0.0,0.0,-1.0,0.0,-1.0,-0.5,0.0,1.0,0.0,-0.23076923076923078,0.5,0.0,1.0724637681159421,0.0,0.0,0.0,2.261904761904762,0.3382352941176471,0.0,0.0,0.0,0.0,0.0,2.421763602251406,-0.3333333333333333,0.9934640522875817,2.4912296424833222
0.0,-1.1,-0.8000247035573123,0.0,0.4,0.0,1.0,0.717391304347826,0.32432432432432434,2.0,0.0,-1.0,-1.0,1.0715372907153728,-1.0,0.0,1.0,0.0,0.0,0.6732186732186732,-0.028205128205128206,0.6616915422885572,0.0,0.0,0.0,0.4653902798232695,0.0,-0.21629972962533797,1.0,0.0,0.0,-1.0,0.0,-1.0,0.0,0.0,0.0,0.0,0.6666666666666666,-1.0,0.0,0.2898550724637681,0.0,0.0,0.0,1.1428571428571428,0.19117647058823528,0.0,0.0,0.0,0.0,0.0,-0.10214717531790714,0.0,0.16993464052287582,1.064267719571243
0.0,-0.25,-0.1137598814229249,-1.0,-0.4,1.0,0.5,0.7391304347826086,0.35135135135135137,2.0,0.0,0.0,0.0,0.0,-1.0,0.0,1.0,0.0,-3.0,-0.5384345384345385,0.4282051282051282,-0.5243781094527363,0.0,0.0,0.0,-0.7049582719685813,1.0,-0.012359984550019312,0.0,0.0,1.0,0.0,0.0,-1.0,1.0,0.0,0.0,0.0,0.6923076923076923,-1.0,0.0,-0.33126293995859213,0.0,0.0,0.0,0.5952380952380952,-0.014705882352941176,0.0,0.0,0.0,0.0,1.0,-0.7792370231394617,0.6666666666666666,-0.29663147310206134,0.0
0.0,0.05,-0.57225790513834,-1.0,0.7,0.0,-0.5,-0.15217391304347827,-0.7567567567567568,0.0,0.0,-1.5,-1.4,0.2496194824961948,0.0,0.0,1.0,1.0,0.0,-0.5384345384345385,0.6811965811965812,-0.2298507462686567,1.0,0.0,0.0,-0.3593519882179676,0.0,-0.8651989185013519,0.0,-1.0,0.0,0.0,0.0,0.0,0.0,0.0,-1.0,0.0,-0.358974358974359,0.5,-1.0,-0.2981366459627329,0.0,0.0,0.0,0.0,-0.36764705882352944,0.0,0.0,0.0,-2.0,-4.0,-1.3279132791327908,-0.6666666666666666,-0.702865761689291,0.2048624212536903
0.0,-0.7,-1.3212697628458498,-1.0,-0.9,0.0,-1.5,-0.8260869565217391,0.24324324324324326,0.0,0.0,0.0,0.0,0.0,-1.0,0.0,0.0,1.0,0.0,-0.5384345384345385,-0.3547008547008547,-1.4358208955223881,0.5,0.0,0.0,-0.7029945999018163,0.0,-1.1355735805330243,0.0,-1.0,0.0,-1.0,0.0,0.0,-0.5,-5.0,-1.0,1.25,0.0,-0.5,-2.0,-1.9875776397515528,-2.0,-2.0,-2.0,0.0,-0.36764705882352944,0.0,0.0,0.0,0.0,0.0,-1.4131332082551584,-1.0,-1.4881850175967823,0.0
-3.0,-0.2,-0.18935276679841898,0.0,-0.3,-0.6666666666666666,-1.0,-1.5869565217391304,-1.1891891891891893,0.0,0.0,-1.0,-1.0,0.0,0.0,0.0,3.0,1.0,-1.0,-0.5384345384345385,0.6521367521367522,-0.263681592039801,0.5,0.0,0.0,-0.4477172312223859,0.4381868131868132,-0.4418694476631904,0.0,-1.0,0.0,-1.0,0.0,0.0,0.5,0.0,-1.0,1.0,-0.41025641025641024,0.0,-1.0,-0.39751552795031053,0.0,0.0,-2.0,0.40476190476190477,-0.36764705882352944,98.0,0.0,0.0,0.0,-4.0,-1.0193871169480921,-0.3333333333333333,-0.4444444444444444,0.0
0.0,-1.5,-1.1876235177865613,-1.0,1.0,0.0,1.0,0.32608695652173914,-0.13513513513513514,0.0,0.0,-1.5,-1.4,0.0,-1.0,0.0,1.0,0.0,-1.0,0.5384345384345385,-0.028205128205128206,0.47064676616915424,0.5,0.0,0.0,0.2768777614138439,0.0,-0.3646195442255697,1.0,0.0,0.0,-1.0,0.0,-1.0,-0.5,0.0,0.0,0.0,0.20512820512820512,-1.0,0.0,-0.033126293995859216,0.0,0.0,0.0,1.0,1.3970588235294117,0.0,0.0,0.0,0.0,0.0,0.334459036898061,-0.3333333333333333,-0.023127199597787834,0.0
0.0,-0.5,0.09745553359683795,0.0,-0.9,0.0,-1.0,-0.06521739130434782,-0.6486486486486487,0.0,0.0,-1.5,-1.4,0.974124809741248,0.0,0.0,0.0,1.0,-3.0,0.5693225693225693,-0.523931623931624,-0.0626865671641791,1.0,-1.0,0.0,-0.249386352479136,0.0,-0.7786790266512167,1.0,-1.0,0.0,0.0,0.0,0.0,0.0,0.0,-1.0,1.0,-0.2564102564102564,0.5,0.0,0.39751552795031053,0.0,0.0,0.0,0.0,3.8676470588235294,0.0,0.0,0.0,0.0,0.0,-1.1644777986241395,-0.3333333333333333,-0.5620915032679739,0.8238531916543388
0.0,0.05,0.9976531620553359,-1.0,0.7,1.0,0.0,0.06521739130434782,0.2972972972972973,0.0,0.0,-1.5,-0.6,1.7595129375951293,-1.0,0.0,0.0,1.0,0.0,0.2098982098982099,-0.488034188034188,-0.5303482587064676,0.0,0.0,0.0,-0.7108492881688758,1.0357142857142858,0.023174971031286212,0.0,0.0,1.0,0.0,0.0,-1.0,0.0,0.0,-1.0,0.0,-0.10256410256410256,0.0,0.0,-0.020703933747412008,0.0,0.0,0.0,0.0,0.27941176470588236,0.0,0.0,0.0,0.0,0.0,0.35021888680425245,0.0,-0.2765208647561589,1.8470393976170953
0.0,0.4,0.16341403162055335,0.0,0.2,0.0,0.0,0.021739130434782608,-0.5405405405405406,2.0,0.0,-1.5,-1.4,1.0593607305936072,0.0,0.0,0.0,0.0,0.0,-0.5384345384345385,1.0025641025641026,0.14427860696517414,1.0,0.0,0.0,0.5164457535591557,0.0,-0.1761297798377752,0.0,0.0,0.0,0.0,0.0,0.0,0.5,0.0,0.0,0.0,-0.15384615384615385,0.0,0.0,-0.008281573498964804,0.0,0.0,0.0,0.0,-0.36764705882352944,0.0,0.0,0.0,-2.0,0.0,-0.5891181988742961,0.0,-0.06535947712418301,1.062454552784734
1.0,-0.5,0.3264575098814229,0.0,0.5,1.0,0.5,-1.8043478260869565,0.10810810810810811,0.0,0.0,0.25,0.0,0.0,0.0,-2.0,-1.0,1.0,0.0,-0.5384345384345385,0.4111111111111111,-0.5442786069651742,0.0,0.0,0.0,0.9602356406480118,1.3434065934065933,1.6840478949401314,0.0,-1.0,1.0,0.0,0.0,0.0,1.0,0.0,-1.0,1.0,0.41025641025641024,0.5,0.0,0.927536231884058,0.0,0.0,-1.0,0.0,0.3382352941176471,143.0,0.0,0.0,0.0,0.0,1.6241400875547207,0.3333333333333333,0.7973856209150327,0.0
0.0,0.5,0.1288290513833992,0.0,0.2,0.0,-0.5,0.0,0.16216216216216217,0.0,0.0,-1.5,-1.4,0.0,0.0,0.0,0.0,0.0,0.0,0.9835029835029835,-0.658974358974359,0.36716417910447763,0.5,0.0,0.0,0.17869415807560138,0.0,-0.4418694476631904,0.0,-1.0,1.0,0.0,0.0,-1.0,-0.5,0.0,0.0,0.0,-0.1794871794871795,0.5,0.0,-0.16977225672877846,0.0,0.0,0.0,1.3333333333333333,-0.36764705882352944,0.0,0.0,0.0,-2.0,0.0,0.15934959349593478,-0.3333333333333333,-0.1256913021618904,0.0
0.0,1.3,0.2627223320158103,0.0,0.3,1.0,0.5,0.43478260869565216,0.0,2.0,0.0,0.25,-1.2,3.963470319634703,-1.0,0.0,1.0,0.0,-2.0,1.1084591084591084,-0.5803418803418804,0.6358208955223881,0.0,0.0,0.0,0.46735395189003437,1.5013736263736264,1.4739281575898031,1.0,0.0,1.0,0.0,0.0,-1.0,1.5,0.0,0.0,0.0,0.3333333333333333,0.0,1.0,2.082815734989648,0.0,0.0,0.0,1.4880952380952381,1.8970588235294117,216.0,0.0,0.0,0.0,0.0,0.7383781530122993,1.3333333333333333,1.256913021618904,5.319898743081798
0.0,-0.05,0.10906620553359683,-1.0,-0.7,0.0,-0.5,-0.08695652173913043,-0.6756756756756757,0.0,0.0,-1.5,-0.6,0.0,0.0,0.0,0.0,0.0,-2.0,0.19585819585819586,-0.05042735042735043,-0.04079601990049751,1.0,0.0,0.0,-0.22778595974472263,0.0,-0.7616840478949402,0.0,-1.0,1.0,0.0,0.0,0.0,-0.5,0.0,0.0,0.0,-0.28205128205128205,0.5,-1.0,-0.7453416149068323,0.0,0.0,0.0,0.0,-0.36764705882352944,0.0,0.0,0.0,0.0,0.0,-0.5656035021888679,-0.6666666666666666,-0.5399698340874811,0.0
0.0,-0.425,-0.7202322134387352,-1.0,1.0,0.0,1.0,0.2608695652173913,-0.24324324324324326,0.0,0.0,-1.5,-1.4,0.0,-1.0,0.0,1.0,0.0,-2.0,1.0733590733590734,0.19914529914529913,1.4935323383084578,1.0,0.0,0.0,1.286205203730977,0.0,0.4295094631131711,1.0,0.0,0.0,-1.0,0.0,-1.0,-0.5,0.0,0.0,0.0,0.1282051282051282,0.0,0.0,0.34782608695652173,0.0,0.0,0.0,0.6785714285714286,0.04411764705882353,234.0,0.0,0.0,0.0,0.0,2.1345841150719185,-0.3333333333333333,1.0105580693815988,0.0
1.0,0.0,-1.248147233201581,0.0,-0.7,0.0,0.0,0.6739130434782609,0.2702702702702703,0.0,0.0,0.0,0.0,1.0289193302891932,-1.0,0.0,1.0,0.0,-3.0,0.391014391014391,-0.4982905982905983,-0.2855721393034826,0.0,0.0,0.0,-0.4693176239567992,0.0,-0.9517188103514871,1.0,-1.0,0.0,-2.0,0.0,-1.0,-1.5,0.0,-1.0,0.0,0.6153846153846154,0.0,0.0,-0.2484472049689441,0.0,0.0,0.0,0.9523809523809523,-0.36764705882352944,0.0,0.0,0.0,0.0,0.0,0.983531373775276,-1.3333333333333333,-0.7873303167420814,0.8178597964441047
0.0,0.0,-0.33559782608695654,0.0,0.0,0.0,-1.0,-0.06521739130434782,-0.6486486486486487,0.0,0.0,-1.0,-1.0,0.0,0.0,-2.0,0.0,1.0,0.0,-0.2702702702702703,0.33418803418803417,-0.2537313432835821,0.0,0.0,0.0,-0.4378988708885616,0.0,-0.9269988412514485,0.0,-1.0,0.0,0.0,0.0,0.0,-0.5,0.0,-1.0,1.0,0.358974358974359,0.5,0.0,-0.07039337474120083,0.0,0.0,0.0,0.0,-0.36764705882352944,0.0,0.0,0.0,0.0,0.0,-0.9403377110694177,-1.0,-0.7551533433886375,0.0
0.0,-0.5,-0.32275197628458496,0.0,-0.5,-0.6666666666666666,-1.0,-0.41304347826086957,-0.5945945945945946,0.0,0.0,-1.0,-1.0,0.0,0.0,0.0,1.0,1.0,0.0,-0.5384345384345385,0.7923076923076923,-0.10049751243781095,0.0,0.0,0.0,-0.17673048600883653,0.6497252747252747,0.009269988412514484,0.0,0.0,0.0,1.0,0.0,0.0,0.5,0.0,-1.0,1.0,-0.5641025641025641,0.5,-1.0,0.2815734989648033,0.0,0.0,0.0,0.0,-0.36764705882352944,0.0,156.0,0.0,0.0,0.0,-0.28893058161350826,0.0,-0.06837606837606838,0.0
0.0,0.8,0.9405879446640316,-1.0,-0.5,0.0,1.5,0.7391304347826086,0.3783783783783784,2.0,0.0,-1.75,-1.6,2.070015220700152,-3.0,0.0,1.0,-1.0,0.0,1.194103194103194,-0.023076923076923078,1.4059701492537313,0.0,0.0,0.0,1.1998036327933235,0.0,0.36152954808806487,1.0,0.0,0.0,0.0,0.0,-3.0,1.0,0.0,0.0,0.0,0.6923076923076923,-1.0,1.0,1.1925465838509317,0.0,0.0,0.0,1.9464285714285714,0.5735294117647058,0.0,0.0,0.0,0.0,0.0,-0.24953095684802987,0.6666666666666666,0.922071392659628,2.3283163578107584
0.0,-0.5,-0.6221590909090909,0.0,0.0,0.0,-1.0,-0.06521739130434782,-0.6486486486486487,0.0,0.0,-1.5,-0.6,0.0,0.0,0.0,0.0,1.0,0.0,-0.011934011934011933,-0.3888888888888889,-0.2537313432835821,1.0,0.0,0.0,-0.4378988708885616,0.0,-0.9269988412514485,0.0,-1.0,0.0,0.0,0.0,-1.0,-0.5,0.0,-1.0,1.0,0.23076923076923078,0.5,0.0,0.7453416149068323,0.0,0.0,0.0,0.5714285714285714,-0.36764705882352944,0.0,0.0,0.0,0.0,0.0,-0.9403377110694177,-1.0,-0.7551533433886375,0.0
0.0,0.2,3.0179100790513833,-1.0,-0.6,0.0,0.0,0.32608695652173914,0.35135135135135137,2.0,0.0,0.25,-0.6,1.582952815829528,-1.0,-2.0,0.0,0.0,0.0,0.595998595998596,-0.6931623931623931,-0.2218905472636816,0.0,0.0,0.0,1.1644575355915563,0.0,0.33371958285052145,1.0,0.0,0.0,0.0,0.0,-1.0,-0.5,0.0,0.0,0.0,0.20512820512820512,-1.0,0.0,0.2484472049689441,0.0,0.0,0.0,1.7380952380952381,0.27941176470588236,0.0,0.0,0.0,0.0,0.0,1.9174484052532823,-0.3333333333333333,0.08144796380090498,1.771014912829674
0.0,-0.3,-0.5347084980237155,0.0,-0.7,0.0,0.5,0.7391304347826086,0.35135135135135137,0.0,0.0,0.0,0.0,0.4992389649923896,-1.0,0.0,1.0,0.0,-3.0,0.47806247806247804,0.05213675213675214,0.4786069651741294,0.0,0.0,0.0,0.2847324496809033,0.0,-0.35843955195056004,1.0,0.0,0.0,-1.0,0.0,-1.0,0.0,0.0,-1.0,0.0,0.6923076923076923,0.0,0.0,0.629399585921325,0.0,0.0,0.0,0.7857142857142857,-0.36764705882352944,0.0,0.0,0.0,0.0,0.0,-0.3706483218678337,0.0,-0.015082956259426848,0.4783143777840216
0.0,0.75,0.49320652173913043,0.0,0.0,0.0,-0.5,-0.32608695652173914,-0.972972972972973,0.0,0.0,0.0,0.0,0.578386605783866,0.0,0.0,0.0,1.0,0.0,-0.5384345384345385,1.8914529914529914,1.1791044776119404,1.0,0.0,0.0,1.352970054000982,0.0,0.4820393974507532,1.0,0.0,0.0,1.0,1.0,0.0,1.5,0.0,-1.0,1.0,-0.3076923076923077,0.5,1.0,1.68944099378882,0.0,0.0,0.0,0.0,0.0,0.0,0.0,0.0,0.0,-4.0,-0.5107358765895347,1.0,0.8858722976370035,0.6653333840827096
1.0,-0.9,-0.8000247035573123,0.0,-0.3,-0.6666666666666666,-1.0,-1.0434782608695652,-1.1891891891891893,0.0,0.0,-1.0,-1.0,0.0,0.0,0.0,0.0,1.0,0.0,-0.325026325026325,0.25726495726495724,-0.4208955223880597,1.0,0.0,-4.0,-0.4693176239567992,0.0,-0.395519505600618,0.0,-1.0,0.0,-1.0,0.0,0.0,-0.5,0.0,-1.0,1.0,-0.46153846153846156,0.5,0.0,0.2443064182194617,0.0,0.0,0.0,0.0,-0.029411764705882353,112.0,0.0,0.0,0.0,0.0,0.2644152595372105,-1.0,-0.4937154348919055,0.0
0.0,-1.55,-1.010251976284585,-1.0,1.0,0.0,1.0,0.4782608695652174,0.05405405405405406,0.0,0.0,-1.75,-1.6,0.0,-1.0,0.0,1.0,0.0,0.0,1.1182871182871184,-0.10683760683760683,1.2009950248756218,0.0,0.0,0.0,1.0387825233186059,0.0,0.23483970645036695,1.0,0.0,0.0,-1.0,0.0,-1.0,-0.5,0.0,0.0,0.0,0.38461538461538464,0.0,0.0,0.5300207039337475,0.0,0.0,0.0,1.4107142857142858,1.8676470588235294,0.0,0.0,0.0,0.0,0.0,1.6933083176985604,-0.3333333333333333,0.7360482654600302,0.0
0.0,0.15,0.027544466403162056,-1.0,1.1,1.6666666666666667,0.5,0.6521739130434783,0.24324324324324326,0.0,0.0,0.0,0.0,2.6910197869101977,-1.0,0.0,1.0,-1.0,-3.0,0.5651105651105651,-0.6760683760683761,-0.24577114427860697,0.0,0.0,0.0,0.11585665193912617,0.0,-0.49130938586326767,1.0,0.0,0.0,0.0,0.0,-1.0,0.0,0.0,0.0,0.0,0.5897435897435898,-1.0,0.0,-0.17391304347826086,0.0,0.0,0.0,0.9523809523809523,-0.04411764705882353,0.0,0.0,0.0,0.0,0.0,-0.6216385240775482,0.0,-0.4675716440422323,2.486616479497592
0.0,0.25,0.47566699604743085,-1.0,-0.7,1.0,0.5,0.5434782608695652,0.13513513513513514,0.0,0.0,0.0,0.0,1.2298325722983257,-1.0,0.0,1.0,0.0,-3.0,-0.18462618462618463,0.7239316239316239,0.32139303482587067,0.0,0.0,0.0,0.12960235640648013,1.206043956043956,0.8760139049826188,0.0,0.0,1.0,0.0,0.0,-1.0,1.0,0.0,0.0,0.0,0.46153846153846156,-1.0,0.0,0.2525879917184265,0.0,0.0,0.0,1.1428571428571428,0.8676470588235294,0.0,0.0,0.0,0.0,0.0,0.4793621013133206,0.6666666666666666,0.7088989441930619,1.5128663406852374
0.0,0.5,0.1288290513833992,0.0,0.7,0.0,-0.5,-0.2608695652173913,-0.2972972972972973,2.0,0.0,-1.5,-1.4,0.0,0.0,0.0,0.0,1.0,0.0,0.29554229554229555,-0.3547008547008547,-0.2537313432835821,0.0,0.0,0.0,0.11192930780559647,0.0,-0.4943993820007725,1.0,-1.0,0.0,0.0,0.0,0.0,0.0,0.0,0.0,0.0,-0.48717948717948717,0.0,-1.0,-0.8944099378881988,0.0,0.0,0.0,0.9821428571428571,-0.36764705882352944,0.0,0.0,0.0,-3.0,0.0,-0.6274755055242858,-0.3333333333333333,-0.473604826546003,0.0
0.0,0.05,-0.12364130434782608,-1.0,0.7,0.0,-0.5,-0.10869565217391304,-0.7027027027027027,0.0,0.0,-0.75,-0.6,0.0,0.0,0.0,1.0,1.0,0.0,-0.5384345384345385,0.8042735042735043,-0.08656716417910448,1.0,0.0,0.0,-0.27295041728031416,0.0,-0.7972190034762456,0.0,-1.0,0.0,0.0,0.0,0.0,0.0,0.0,-1.0,0.0,-0.3076923076923077,0.5,-1.0,-0.7453416149068323,0.0,0.0,0.0,0.875,-0.36764705882352944,0.0,0.0,0.0,0.0,-1.0,-1.1994996873045647,-0.6666666666666666,-0.5862242332830568,0.0
1.0,-0.5,0.3264575098814229,0.0,0.5,0.6666666666666666,0.5,-1.2826086956521738,-0.6486486486486487,0.0,0.0,0.25,0.2,0.0,0.0,0.0,-1.0,0.0,-1.0,0.009126009126009126,0.021367521367521368,-0.2218905472636816,0.25,-1.0,0.0,-0.406480117820324,1.2197802197802199,0.4696794129007339,0.0,-1.0,1.0,-1.0,0.0,0.0,0.0,0.0,1.0,1.0,-1.6923076923076923,0.5,0.0,-0.6625258799171843,0.0,0.0,-2.0,0.0,4.647058823529412,0.0,0.0,0.0,0.0,0.0,1.1936627058578275,-0.3333333333333333,0.16993464052287582,0.0
0.0,-0.5,-0.23085474308300397,0.0,0.0,0.0,-1.5,-0.5,-1.1891891891891893,0.0,0.0,-0.25,-0.4,0.0,0.0,0.0,0.0,0.5,1.0,-0.5384345384345385,-0.8162393162393162,-1.973134328358209,0.5,-1.0,-3.0,-0.09229258713794797,0.0,-0.6550791811510236,0.0,0.0,0.0,-1.0,1.0,0.0,0.0,0.0,-1.0,1.0,-0.7948717948717948,0.5,0.0,-0.33126293995859213,0.0,0.0,0.0,0.0,-0.36764705882352944,0.0,0.0,0.0,0.0,0.0,-0.9309985407546376,-0.3333333333333333,-1.4469582704876822,0.0
0.0,0.1,0.24320652173913043,-1.0,-0.4,1.0,1.0,0.6956521739130435,0.2972972972972973,0.0,0.0,0.0,0.0,0.0,-1.0,0.0,1.0,0.0,0.0,-0.5384345384345385,0.7102564102564103,-0.19601990049751244,0.0,0.0,0.0,-0.36524300441826213,1.2362637362637363,0.5206643491695635,0.0,0.0,1.0,0.0,0.0,-1.0,1.0,0.0,0.0,0.0,0.6410256410256411,-1.0,1.0,1.3250517598343685,0.0,0.0,0.0,0.0,1.338235294117647,0.0,0.0,0.0,0.0,0.0,-0.024077548467792358,0.6666666666666666,0.2161890397184515,0.0
0.0,-0.5,0.3264575098814229,0.0,-0.5,0.0,-0.5,0.30434782608695654,-0.16216216216216217,0.0,0.0,-0.75,-0.6,0.0,0.0,0.0,0.0,0.0,-2.0,1.1463671463671463,-0.8162393162393162,0.41492537313432837,1.0,0.0,0.0,0.22189494354442807,0.0,-0.4078794901506373,3.0,1.0,0.0,0.0,0.0,0.0,-0.5,0.0,-1.0,1.25,0.0,-0.5,-2.0,-1.9875776397515528,-2.0,-2.0,0.0,0.7142857142857143,-0.36764705882352944,0.0,0.0,0.0,0.0,-2.0,0.2363977485928704,0.6666666666666666,-0.07943690296631473,0.0
0.0,-0.25,-0.040884387351778656,-1.0,-0.7,1.0,0.5,0.6739130434782609,0.2702702702702703,0.0,0.0,0.0,0.0,0.0,-1.0,0.0,1.0,0.0,0.0,-0.5384345384345385,0.6606837606837607,-0.2537313432835821,0.0,0.0,0.0,-0.4378988708885616,1.1868131868131868,0.4078794901506373,0.0,0.0,1.0,0.0,0.0,-1.0,0.5,0.0,-1.0,0.0,0.6153846153846154,0.0,0.0,0.38095238095238093,0.0,0.0,0.0,1.1130952380952381,0.45588235294117646,0.0,0.0,0.0,0.0,0.0,0.35647279549718563,0.3333333333333333,0.11362493715434892,0.0
1.0,-0.5,0.030014822134387352,0.0,0.5,1.0,-0.5,-1.3695652173913044,0.21621621621621623,0.0,0.0,0.25,0.4,0.0,0.0,-2.0,-1.0,-0.5,0.0,-0.5384345384345385,-0.36495726495726494,-1.4477611940298507,0.0,0.0,0.0,-0.6264113892979872,0.9120879120879121,-0.04943993820007725,0.0,0.0,0.0,-1.0,0.0,0.0,0.5,0.0,-1.0,1.0,-1.794871794871795,0.5,0.0,-0.4968944099378882,0.0,-3.0,0.0,1.6071428571428572,-0.36764705882352944,112.0,0.0,0.0,-4.0,-4.0,-0.3839899937460909,0.0,-0.7873303167420814,0.0
0.0,-0.25,-0.6695899209486166,-1.0,0.7,0.0,0.0,-0.2608695652173913,0.05405405405405406,2.0,0.0,-1.5,-1.4,0.0,0.0,-2.0,0.0,1.0,-1.0,0.6296946296946297,-0.6794871794871795,-0.1582089552238806,0.5,0.0,0.0,-0.3436426116838488,0.0,-0.8528389339513326,1.0,-1.0,0.0,0.0,0.0,-1.0,-0.5,0.0,-1.0,1.0,-0.46153846153846156,0.5,-1.0,-0.7950310559006211,0.0,0.0,0.0,1.0,-0.36764705882352944,0.0,0.0,0.0,-4.0,0.0,-0.7722326454033765,-0.3333333333333333,-0.6586224233283057,0.0
0.0,-0.25,-0.25407608695652173,0.0,0.8,0.0,0.5,0.5869565217391305,0.1891891891891892,0.0,0.0,0.0,0.0,0.6575342465753424,0.0,0.0,1.0,0.0,0.0,-0.5384345384345385,1.4897435897435898,0.7114427860696517,0.0,0.0,0.0,0.5144820814923907,0.0,-0.1776747779065276,0.0,0.0,0.0,0.0,0.0,0.0,0.0,0.0,-1.0,0.0,0.5128205128205128,0.5,0.0,0.2443064182194617,0.0,0.0,0.0,0.7142857142857143,0.4411764705882353,0.0,0.0,0.0,-4.0,0.0,-0.029184907233687538,-0.3333333333333333,0.22021116138763197,0.6592102623315514
0.0,0.0,0.8417737154150198,-1.0,0.7,1.6666666666666667,-0.5,-0.21739130434782608,0.13513513513513514,0.0,0.0,-1.5,-1.4,0.0,0.0,0.0,0.0,0.0,-3.0,0.08494208494208494,-0.6863247863247863,-0.9383084577114428,0.0,0.0,0.0,0.7403043691703486,0.0,0.0,0.0,0.0,0.0,0.0,0.0,0.0,0.0,-3.0,0.0,0.0,0.4358974358974359,0.0,0.0,0.0,0.0,0.0,0.0,1.7976190476190477,-0.36764705882352944,0.0,100.0,0.0,0.0,0.0,0.30644152595372093,0.0,-0.497737556561086,0.0
0.0,-1.45,-1.0087697628458498,-1.0,1.0,0.0,1.0,0.43478260869565216,-0.02702702702702703,0.0,0.0,-1.5,-1.4,0.0,-1.0,0.0,1.0,0.0,0.0,0.4906984906984907,0.21623931623931625,0.6875621890547263,0.5,0.0,0.0,0.49091801669121254,0.0,-0.19621475473155658,1.0,0.0,0.0,-1.0,0.0,-1.0,-0.5,0.0,0.0,0.0,0.3333333333333333,0.0,0.0,-0.07453416149068323,0.0,0.0,0.0,0.5714285714285714,-0.36764705882352944,70.0,0.0,0.0,0.0,0.0,0.7161976235146958,-0.3333333333333333,0.19607843137254902,0.0
0.0,0.5,-0.12734683794466403,-1.0,0.2,1.0,1.0,0.06521739130434782,0.05405405405405406,2.0,0.0,0.0,0.0,1.7595129375951293,-3.0,-2.0,0.0,1.0,0.0,0.26886626886626885,0.01623931623931624,0.29950248756218906,0.0,0.0,0.0,0.17280314187530682,2.1153846153846154,1.93279258400927,0.0,1.0,1.0,1.0,0.0,-1.0,2.5,0.0,1.0,0.5,0.358974358974359,-1.0,0.0,1.453416149068323,0.0,0.0,0.0,0.0,2.6323529411764706,0.0,0.0,0.0,0.0,0.0,0.35579055091250184,2.3333333333333335,1.3856209150326797,2.5025167272924063
0.0,-0.25,-0.16884881422924902,-1.0,-0.4,1.0,0.5,0.5869565217391305,0.16216216216216217,0.0,0.0,0.0,0.0,0.0,-1.0,0.0,1.0,0.0,0.0,-0.11723411723411724,0.2982905982905983,-0.07860696517412935,0.0,0.0,0.0,-0.21011291114383898,1.7527472527472527,1.2236384704519119,0.0,0.0,1.0,1.0,0.0,-1.0,1.0,0.0,0.0,0.5,0.5128205128205128,-1.0,0.0,0.3064182194616977,0.0,0.0,0.0,1.3333333333333333,0.4264705882352941,0.0,0.0,0.0,0.0,0.0,0.9718574108818006,0.6666666666666666,0.7330316742081447,0.0
1.0,-0.25,0.5487895256916996,-1.0,0.5,1.0,0.5,-2.0217391304347827,0.24324324324324326,3.0,0.0,-0.25,-0.2,0.0,-1.0,0.0,3.0,1.0,0.0,-0.5384345384345385,1.3034188034188035,0.4945273631840796,1.0,-1.0,0.0,0.4575355915562101,1.8131868131868132,1.8169177288528389,0.0,-1.0,1.0,1.0,0.0,-1.0,1.0,0.0,0.0,1.0,-0.7692307692307693,0.5,2.0,1.5900621118012421,0.0,0.0,-2.0,1.0773809523809523,-0.36764705882352944,386.0,0.0,0.0,0.0,0.0,1.8123827392120064,0.3333333333333333,1.4087481146304677,0.0
0.0,-0.55,0.27532114624505927,-1.0,0.3,0.0,0.5,0.5,0.05405405405405406,2.0,0.0,0.0,0.0,2.0578386605783865,-1.0,0.0,1.0,0.0,0.0,0.7518427518427518,0.552991452991453,1.4497512437810944,0.0,0.0,0.0,1.2430044182621502,0.0,0.395519505600618,1.0,0.0,0.0,0.0,0.0,-1.0,0.5,0.0,0.0,0.0,0.41025641025641024,-1.0,0.0,0.19461697722567287,0.0,0.0,0.0,1.4285714285714286,0.45588235294117646,154.0,0.0,0.0,0.0,0.0,0.33646028767979985,0.3333333333333333,0.9663147310206134,2.3295667183787256
0.0,-1.0,-0.2651926877470356,0.0,-0.5,-0.6666666666666666,-1.0,-0.6086956521739131,-1.1891891891891893,0.0,0.0,0.5,0.4,0.0,0.0,0.0,2.0,0.5,1.0,-0.5384345384345385,-0.8162393162393162,-1.973134328358209,1.0,-1.0,-3.0,0.0019636720667648502,0.6057692307692307,0.10042487446890691,0.0,0.0,0.0,1.0,0.0,0.0,1.5,-2.0,-1.0,1.0,-0.8974358974358975,0.5,-1.0,-0.9937888198757764,0.0,0.0,-2.0,0.5476190476190477,-0.36764705882352944,185.0,0.0,0.0,0.0,0.0,-0.9913140157042591,0.6666666666666666,-0.9552538964303671,0.0
1.0,-0.75,-0.16761363636363635,0.0,0.5,-0.6666666666666666,-1.0,-1.3695652173913044,0.2702702702702703,0.0,0.0,0.25,0.2,0.0,0.0,0.0,-1.0,1.0,0.0,-0.5384345384345385,0.1683760683760684,-0.826865671641791,0.5,0.0,0.0,-0.5792832596956309,0.47802197802197804,-0.5005793742757821,0.0,-1.0,0.0,0.0,0.0,0.0,0.5,-3.0,-1.0,1.25,0.0,-0.5,-2.0,-1.9875776397515528,-2.0,-2.0,-2.0,0.0,1.9852941176470589,0.0,0.0,0.0,0.0,0.0,-1.1144465290806747,-0.3333333333333333,-0.767219708396179,0.0
0.0,-0.25,-0.4270009881422925,0.0,-0.4,1.0,0.5,0.6521739130434783,0.24324324324324326,0.0,0.0,0.0,0.0,0.0,-1.0,0.0,1.0,0.0,0.0,-0.5384345384345385,0.31196581196581197,-0.6597014925373135,0.0,0.0,0.0,-0.8384879725085911,0.9065934065934066,-0.22247972190034762,0.0,0.0,1.0,0.0,0.0,-1.0,0.0,0.0,-1.0,0.0,0.5897435897435898,-1.0,0.0,-0.33126293995859213,0.0,0.0,0.0,0.0,0.3382352941176471,0.0,0.0,0.0,0.0,0.0,-0.11382113821138205,0.0,-0.5017596782302665,0.0
0.0,0.45,-0.05990612648221344,-1.0,-0.7,0.0,0.0,0.5217391304347826,0.08108108108108109,0.0,0.0,0.0,0.0,0.0,0.0,-2.0,1.0,0.0,-2.0,1.1463671463671463,-0.33931623931623933,0.9701492537313433,0.0,0.0,0.0,0.7992145311732941,0.0,0.046349942062572425,1.0,0.0,0.0,0.0,0.0,-1.0,0.0,0.0,-1.0,0.0,0.4358974358974359,0.0,0.0,0.39751552795031053,0.0,0.0,0.0,1.0,0.029411764705882353,0.0,0.0,0.0,0.0,0.0,0.393996247654784,0.0,0.49673202614379086,0.0
0.0,0.5,0.18811758893280633,0.0,0.4,1.0,1.0,0.6956521739130435,0.2972972972972973,0.0,0.0,0.0,0.0,1.0837138508371384,-1.0,0.0,1.0,0.0,-1.0,-0.5384345384345385,0.9444444444444444,0.07661691542288557,0.5,0.0,0.0,-0.09621993127147767,1.456043956043956,0.9795287755890305,0.0,0.0,1.0,0.0,0.0,-3.0,1.0,0.0,0.0,0.0,0.6410256410256411,0.0,1.0,1.6480331262939958,0.0,0.0,0.0,1.1428571428571428,0.39705882352941174,0.0,0.0,0.0,0.0,0.0,0.6260162601626013,0.6666666666666666,0.652589240824535,1.354930358258141
0.0,-0.45,-0.3825345849802372,0.0,0.0,0.0,0.0,-0.08695652173913043,0.2972972972972973,0.0,0.0,-0.75,-0.6,0.0,0.0,0.0,0.0,1.0,0.0,0.07792207792207792,-0.6196581196581197,0.06865671641791045,0.5,0.0,0.0,-0.11978399607265587,0.0,-0.6767091541135574,1.0,-1.0,0.0,0.0,0.0,-1.0,-0.5,0.0,-1.0,1.0,-0.28205128205128205,0.0,0.0,-0.16563146997929606,0.0,0.0,0.0,1.0178571428571428,0.3382352941176471,0.0,0.0,0.0,0.0,0.0,-0.37298311444652904,-0.6666666666666666,-0.42936148818501757,0.0
-2.0,-1.8,-1.5436017786561265,0.0,0.9,1.0,0.0,0.5652173913043478,0.13513513513513514,0.0,0.0,-1.0,-1.0,5.442922374429224,0.0,0.0,1.0,0.0,0.0,-0.00351000351000351,-0.22136752136752136,-0.5223880597014925,0.5,0.0,0.0,-0.6774668630338734,1.0013736263736264,0.010814986481266898,0.0,0.0,1.0,0.0,0.0,0.0,0.0,0.0,-1.0,1.0,0.48717948717948717,0.5,0.0,-0.16563146997929606,0.0,0.0,0.0,0.0,-0.014705882352941176,0.0,0.0,0.0,0.0,0.0,0.3268709610173021,0.0,-0.28054298642533937,5.698205197333935
0.0,-0.1,0.3187994071146245,-1.0,-0.7,1.0,1.0,0.7391304347826086,0.35135135135135137,0.0,0.0,0.0,0.0,0.0,-1.0,0.0,1.0,0.0,-3.0,-0.5103545103545104,0.6299145299145299,-0.24975124378109453,0.0,0.0,0.0,-0.4339715267550319,1.239010989010989,0.4696794129007339,0.0,0.0,1.0,0.0,0.0,-1.0,0.5,0.0,-1.0,0.0,0.6923076923076923,0.0,0.0,0.4057971014492754,0.0,0.0,0.0,0.8571428571428571,1.1764705882352942,0.0,0.0,0.0,0.0,0.0,0.45653533458411505,0.3333333333333333,0.1558572146807441,0.0
0.0,0.05,0.5280385375494071,-1.0,0.7,1.0,0.0,0.10869565217391304,-0.43243243243243246,2.0,0.0,-1.5,-1.4,1.9969558599695585,0.0,0.0,0.0,1.0,-1.0,0.07651807651807652,-0.41623931623931626,-0.6358208955223881,1.0,0.0,0.0,-0.8149239077074129,0.9807692307692307,-0.1205098493626883,0.0,0.0,1.0,0.0,0.0,0.0,0.0,0.0,0.0,0.0,-0.05128205128205128,-1.0,0.0,-0.16563146997929606,0.0,0.0,0.0,1.994047619047619,-0.36764705882352944,0.0,0.0,0.0,-4.0,-4.0,0.07879924953095681,0.0,-0.42332830568124685,2.0293160404206345
-2.0,-2.3,-1.7782855731225296,0.0,0.9,1.0,0.5,0.5652173913043478,0.13513513513513514,0.0,0.0,-1.0,-1.0,2.191780821917808,0.0,0.0,1.0,0.0,0.0,0.23236223236223236,-0.4829059829059829,-0.4925373134328358,0.5,0.0,0.0,-0.6480117820324006,1.021978021978022,0.05716492854383932,0.0,0.0,1.0,0.0,0.0,0.0,0.0,0.0,-1.0,1.0,0.48717948717948717,0.5,0.0,-0.16563146997929606,0.0,0.0,0.0,0.0,-0.36764705882352944,0.0,0.0,0.0,0.0,0.0,0.4144256827183652,0.0,-0.23529411764705882,2.3178593352108336
0.0,-0.25,0.6863883399209486,-1.0,0.3,1.0,1.0,0.4782608695652174,0.02702702702702703,0.0,0.0,0.0,0.0,3.1232876712328768,-1.0,0.0,1.0,0.0,-3.0,-0.4598104598104598,1.2316239316239317,0.6497512437810945,0.0,0.0,0.0,0.4732449680903289,1.6524725274725274,1.6485129393588258,0.0,0.0,1.0,1.0,0.0,-1.0,1.5,0.0,0.0,0.0,0.38461538461538464,0.0,1.0,1.1262939958592133,0.0,0.0,0.0,1.3214285714285714,1.0735294117647058,0.0,0.0,0.0,0.0,0.0,0.9582377875060798,1.0,1.3775766716943187,4.289016006705539
0.0,0.0,-0.09350296442687747,0.0,0.0,0.0,0.0,-0.30434782608695654,-0.9459459459459459,2.0,0.0,0.25,0.2,0.0,0.0,0.0,0.0,1.0,0.0,0.3208143208143208,-0.3854700854700855,-0.2537313432835821,0.0,0.0,0.0,-0.4378988708885616,0.0,-0.9269988412514485,0.0,-1.0,0.0,-1.0,0.0,0.0,-0.5,0.0,-1.0,1.0,0.717948717948718,0.5,-1.0,-0.7453416149068323,-5.0,-5.0,0.0,0.0,-0.36764705882352944,0.0,0.0,0.0,0.0,0.0,-0.9403377110694177,-1.0,-0.7551533433886375,0.0
1.0,-0.5,-0.6342638339920948,0.0,-0.9,0.0,-0.5,-1.065217391304348,-1.1891891891891893,0.0,0.0,0.25,0.2,0.0,0.0,0.0,1.0,1.0,-1.0,0.030186030186030187,0.44871794871794873,0.3054726368159204,1.0,0.0,0.0,0.42022582228767796,0.0,-0.2518346852066435,0.0,-1.0,0.0,-1.0,0.0,-2.0,-0.5,-4.0,-1.0,1.0,-0.38461538461538464,0.5,0.0,-0.16563146997929606,0.0,0.0,0.0,0.0,-0.36764705882352944,0.0,0.0,0.0,0.0,0.0,0.5901188242651652,-1.0,-0.033182503770739065,0.0
-2.0,0.1,-0.20713932806324112,0.0,0.9,1.0,0.5,0.782608695652174,0.40540540540540543,0.0,0.0,0.0,0.0,0.0,0.0,0.0,1.0,0.0,-1.0,-0.5047385047385048,0.43504273504273505,-0.46865671641791046,0.0,0.0,0.0,-0.6342660775650466,1.0755494505494505,0.12823483970645036,0.0,0.0,1.0,0.0,0.0,-1.0,0.5,0.0,-1.0,0.0,0.7435897435897436,0.5,0.0,0.5548654244306418,0.0,0.0,0.0,1.005952380952381,0.29411764705882354,0.0,0.0,0.0,0.0,0.0,-0.09631019387116943,0.3333333333333333,-0.1769733534439417,0.0
0.0,0.6,-0.011981225296442688,0.0,0.3,1.0,1.0,0.5652173913043478,0.13513513513513514,0.0,0.0,0.0,0.0,4.097412480974125,-1.0,0.0,1.0,0.0,-1.0,1.0944190944190944,-0.6641025641025641,0.5184079601990049,0.0,0.0,0.0,0.3554246440844379,1.5068681318681318,1.3920432599459251,1.0,0.0,1.0,0.0,0.0,-1.0,1.0,0.0,0.0,0.0,0.48717948717948717,0.0,1.0,1.556935817805383,0.0,0.0,0.0,0.0,1.5147058823529411,0.0,180.0,0.0,0.0,0.0,1.2104440275171975,1.0,1.14429361488185,5.439072729641735
0.0,-2.0,0.01741600790513834,-1.0,1.2,0.0,1.0,0.4782608695652174,0.05405405405405406,2.0,0.0,-2.25,-2.0,0.0,-1.0,-2.0,1.0,0.0,-3.0,0.07511407511407511,-0.8162393162393162,1.0,0.0,0.0,0.0,0.7992145311732941,0.0,0.046349942062572425,1.0,-1.0,1.0,-1.0,0.0,-3.0,0.0,0.0,0.0,0.0,0.38461538461538464,-1.0,0.0,0.004140786749482402,0.0,0.0,0.0,0.0,0.07352941176470588,0.0,216.0,0.0,0.0,0.0,0.393996247654784,0.0,0.5118149824032177,0.0
0.0,0.25,1.2619812252964426,-1.0,0.9,0.0,1.5,0.7608695652173914,0.3783783783783784,0.0,0.0,0.0,0.0,1.7290715372907153,-1.0,0.0,1.0,0.0,0.0,-0.5384345384345385,1.7444444444444445,1.0079601990049751,0.0,0.0,0.0,0.8227785959744722,0.0,0.06488991888760139,0.0,0.0,0.0,-1.0,0.0,-3.0,0.0,0.0,0.0,0.0,0.717948717948718,-1.0,0.0,0.463768115942029,0.0,0.0,0.0,0.0,2.1911764705882355,0.0,0.0,0.0,0.0,1.0,0.42901813633520924,-0.3333333333333333,0.5279034690799397,1.831576468965961
0.0,0.5,0.2328310276679842,0.0,0.2,1.0,0.5,0.32608695652173914,-0.16216216216216217,0.0,0.0,-1.5,-1.4,0.2557077625570776,0.0,0.0,0.0,0.0,0.0,0.014742014742014743,0.18547008547008548,-0.022885572139303482,1.0,0.0,0.0,-0.21011291114383898,1.0082417582417582,0.3862495171881035,0.0,0.0,1.0,0.0,0.0,0.0,0.5,0.0,0.0,0.0,0.20512820512820512,0.5,0.0,0.06625258799171843,0.0,0.0,0.0,1.3571428571428572,0.6029411764705882,156.0,0.0,0.0,-2.0,0.0,0.32145090681676036,0.3333333333333333,0.2161890397184515,0.28896745200951074
0.0,0.25,0.7483942687747036,-1.0,-0.1,-0.6666666666666666,0.0,-0.717391304347826,-0.24324324324324326,0.0,0.0,0.0,0.0,0.0,0.0,0.0,0.0,0.0,-1.0,0.3882063882063882,-0.2641025641025641,-0.01691542288557214,0.0,0.0,0.0,-0.20422189494354442,1.0535714285714286,0.4418694476631904,1.0,0.0,0.0,1.0,0.0,0.0,0.5,-2.0,-1.0,0.0,0.23076923076923078,0.5,-1.0,-0.2360248447204969,0.0,0.0,0.0,1.4583333333333333,-0.36764705882352944,156.0,0.0,0.0,0.0,0.0,0.41150719199499664,0.3333333333333333,0.25540472599296127,0.0
0.0,0.0,-0.09350296442687747,0.0,-0.7,0.0,0.5,0.6739130434782609,0.2972972972972973,2.0,0.0,0.0,0.0,0.0,-1.0,0.0,1.0,0.0,0.0,-0.5047385047385048,2.3222222222222224,1.7283582089552239,0.0,0.0,0.0,1.470790378006873,0.0,0.574739281575898,0.0,0.0,0.0,0.0,0.0,-1.0,1.0,0.0,0.0,0.0,0.6153846153846154,-1.0,0.0,0.016563146997929608,0.0,0.0,0.0,0.7142857142857143,0.11764705882352941,0.0,0.0,0.0,0.0,0.0,0.05253283302063787,0.3333333333333333,1.223730517848165,0.0
0.0,-1.15,10.87586462450593,-0.6666666666666666,1.0,1.0,1.0,0.6521739130434783,0.24324324324324326,2.0,0.0,-1.75,0.4,3.671232876712329,-3.0,0.0,1.0,0.0,-2.0,1.4496314496314497,-0.41623931623931626,1.31044776119403,0.0,0.0,0.0,1.1840942562592047,2.1826923076923075,2.8041714947856313,1.0,1.0,1.0,1.0,0.0,-3.0,3.0,-2.0,0.0,0.5,0.5897435897435898,-1.0,1.0,1.494824016563147,0.0,0.0,0.0,2.994047619047619,0.16176470588235295,0.0,210.0,0.0,0.0,0.0,0.8186366479049402,2.6666666666666665,2.463549522373052,5.738286790751475
0.0,0.05,-0.5500247035573123,-1.0,0.7,1.3333333333333333,-0.5,0.1956521739130435,-0.32432432432432434,2.0,0.0,0.25,0.2,0.0,0.0,0.0,0.0,0.0,-3.0,0.4233064233064233,-0.5205128205128206,-0.2656716417910448,1.0,0.0,0.0,-0.4496809032891507,0.0,-0.936268829663963,1.0,-1.0,0.0,-1.0,0.0,0.0,-0.5,0.0,-1.0,1.0,0.07692307692307693,0.5,0.0,0.39751552795031053,0.0,0.0,0.0,0.7142857142857143,-0.36764705882352944,0.0,0.0,0.0,0.0,0.0,-0.9613508442776731,-0.6666666666666666,-0.767219708396179,0.0
0.0,-0.15,-0.14859189723320157,0.0,-0.5,0.0,-1.0,-0.4782608695652174,-1.162162162162162,0.0,0.0,0.25,0.2,0.0,0.0,0.0,0.0,-0.5,0.0,0.6353106353106354,-0.8162393162393162,-0.309452736318408,1.0,0.0,-3.0,0.2611683848797251,0.0,-0.37697952877558905,0.0,-1.0,0.0,-1.0,0.0,0.0,0.0,0.0,-1.0,1.0,-0.7435897435897436,0.5,0.0,-0.34782608695652173,0.0,0.0,0.0,0.0,-0.36764705882352944,0.0,0.0,0.0,0.0,0.0,-0.4056702105482589,-0.6666666666666666,-0.4253393665158371,0.0
0.0,1.2,-0.40995553359683795,0.0,-0.5,1.6666666666666667,0.0,0.06521739130434782,-0.4864864864864865,0.0,0.0,-0.75,-0.6,0.0,0.0,0.0,0.0,1.0,-3.0,0.05405405405405406,0.004273504273504274,0.07462686567164178,1.0,0.0,0.0,0.05891016200294551,0.0,-0.5361143298570876,1.0,-1.0,0.0,0.0,0.0,0.0,0.0,0.0,0.0,1.0,-0.10256410256410256,0.5,0.0,0.7950310559006211,0.0,0.0,0.0,0.8571428571428571,-0.36764705882352944,0.0,0.0,0.0,-2.0,-4.0,-0.7062747550552426,-0.3333333333333333,-0.334841628959276,0.0
0.0,0.0,0.16588438735177866,0.0,0.0,0.0,-0.5,-0.32608695652173914,-0.972972972972973,0.0,0.0,0.25,0.2,0.0060882800608828,0.0,0.0,0.0,1.0,0.0,0.10179010179010178,-0.03675213675213675,-0.1582089552238806,0.0,0.0,-4.0,-0.3436426116838488,0.0,-0.8528389339513326,0.0,-1.0,0.0,-1.0,0.0,0.0,-0.5,0.0,-1.0,0.0,-0.5641025641025641,0.0,-1.0,-0.8488612836438924,0.0,0.0,0.0,0.0,-0.36764705882352944,0.0,0.0,0.0,0.0,0.0,-0.7722326454033765,-1.0,-0.6586224233283057,0.0050187047683558274
0.0,2.0,1.1728013833992095,0.0,0.4,0.0,1.0,0.717391304347826,0.32432432432432434,2.0,0.0,0.0,0.0,2.2831050228310503,-1.0,0.0,1.0,0.0,-3.0,-0.5384345384345385,2.4914529914529915,1.8776119402985074,0.5,0.0,0.0,1.7398134511536574,0.0,0.7864040169949787,0.0,0.0,0.0,0.0,0.0,-1.0,1.5,0.0,0.0,0.0,0.6666666666666666,-1.0,1.0,1.7184265010351967,0.0,0.0,0.0,1.875,0.29411764705882354,0.0,0.0,0.0,0.0,1.0,-0.12744076158710288,0.6666666666666666,1.436902966314731,2.7681463019320485
1.0,-1.9,-1.229866600790514,0.0,-0.1,0.0,0.0,0.5434782608695652,0.10810810810810811,2.0,0.0,0.0,0.0,1.948249619482496,0.0,0.0,1.0,-1.0,0.0,0.6774306774306774,-0.23846153846153847,0.4228855721393035,0.0,0.0,0.0,0.22974963181148747,0.0,-0.40169949787562764,1.0,0.0,0.0,-1.0,0.0,0.0,-0.5,0.0,-1.0,0.0,0.46153846153846156,-1.0,0.0,-0.2815734989648033,0.0,0.0,0.0,0.0,3.264705882352941,0.0,0.0,0.0,0.0,0.0,0.2504065040650407,-0.3333333333333333,-0.07139265962795374,1.845259505241793
0.0,0.8,0.4277420948616601,-1.0,-0.7,0.0,0.5,0.6956521739130435,0.32432432432432434,0.0,0.0,0.0,0.0,1.461187214611872,-1.0,0.0,1.0,0.0,-3.0,-0.5103545103545104,1.9085470085470086,1.2388059701492538,0.0,0.0,0.0,1.0348551791850762,0.0,0.23174971031286212,0.0,0.0,0.0,0.0,0.0,-1.0,0.5,0.0,-1.0,0.0,0.6410256410256411,0.0,1.0,1.5942028985507246,0.0,0.0,0.0,0.8571428571428571,0.5,0.0,0.0,0.0,0.0,1.0,0.07129455909943733,0.0,0.7531422825540472,1.6023494523019342
0.0,1.5,0.9563982213438735,-1.0,0.7,0.0,-0.5,0.021739130434782608,-0.5405405405405406,2.0,0.0,-1.5,-0.6,0.0,0.0,0.0,0.0,1.0,0.0,0.5314145314145314,-0.6418803418803419,-0.2537313432835821,1.0,0.0,0.0,-0.3789887088856161,0.0,-0.880648899188876,1.0,-1.0,0.0,0.0,0.0,0.0,-0.5,0.0,0.0,0.0,-0.15384615384615385,0.5,0.0,-0.16563146997929606,0.0,0.0,0.0,1.4345238095238095,-0.36764705882352944,0.0,0.0,0.0,-2.0,0.0,-0.8352720450281419,-0.6666666666666666,-0.7249874308697838,0.0
-1.0,-0.5,-0.2664278656126482,0.0,0.8,0.0,-0.5,0.08695652173913043,-0.4594594594594595,0.0,0.0,-0.75,-0.6,1.948249619482496,0.0,0.0,2.0,0.5,1.0,-0.5384345384345385,-0.8162393162393162,-1.973134328358209,1.0,0.0,0.0,1.8321060382916052,0.0,0.8590189262263422,0.0,0.0,0.0,1.0,1.0,0.0,2.0,0.0,1.0,1.0,-0.07692307692307693,0.5,0.0,0.6211180124223602,0.0,0.0,0.0,0.0,-0.36764705882352944,0.0,0.0,0.0,0.0,0.0,-0.42901813633520924,1.0,-0.46153846153846156,2.3901210258984635
0.0,0.4,0.2597579051383399,0.0,-0.1,1.3333333333333333,0.0,0.08695652173913043,-0.4594594594594595,0.0,0.0,-0.75,-1.2,0.547945205479452,0.0,0.0,0.0,0.0,-2.0,0.8304668304668305,-0.8162393162393162,-0.03283582089552239,1.0,0.0,0.0,-0.16298478154148258,0.0,-0.7106991116261104,1.0,-1.0,0.0,-1.0,0.0,0.0,-1.0,0.0,-1.0,0.0,-0.07692307692307693,0.5,0.0,0.09937888198757763,0.0,0.0,0.0,0.0,-0.36764705882352944,0.0,0.0,0.0,0.0,0.0,0.42901813633520924,-1.0,-0.5027652086475616,0.47391842681568525
0.0,-0.35,-0.39612154150197626,0.0,-0.4,0.0,0.5,0.4782608695652174,0.05405405405405406,0.0,0.0,-1.5,-1.4,0.2313546423135464,0.0,0.0,1.0,0.0,0.0,-0.5384345384345385,1.2982905982905983,0.48855721393034823,0.5,0.0,0.0,0.32596956308296515,0.0,-0.3259945925067594,0.0,0.0,0.0,0.0,0.0,0.0,0.0,0.0,0.0,0.0,0.38461538461538464,-1.0,0.0,-0.32298136645962733,0.0,0.0,0.0,1.3095238095238095,-0.058823529411764705,0.0,0.0,0.0,0.0,0.0,-0.3093600166770895,-0.3333333333333333,0.011060834590246356,0.22353902968655914
0.0,-0.25,-0.5744812252964426,0.0,0.8,1.0,0.0,0.41304347826086957,-0.05405405405405406,0.0,0.0,0.0,0.0,0.0,-1.0,-2.0,1.0,0.0,0.0,0.004914004914004914,-0.17692307692307693,-0.45870646766169154,0.0,0.0,0.0,-0.5439371624938635,1.0892857142857142,0.21475473155658556,0.0,0.0,1.0,0.0,0.0,-1.0,0.5,0.0,-1.0,0.0,0.3076923076923077,0.0,0.0,0.016563146997929608,0.0,0.0,0.0,0.0,1.4558823529411764,0.0,0.0,0.0,0.0,0.0,0.043777360850531556,0.3333333333333333,-0.11563599798893917,0.0
0.0,-0.15,1.681447628458498,-0.6666666666666666,-0.7,0.0,0.5,0.6086956521739131,0.21621621621621623,0.0,0.0,0.0,0.0,0.0,-1.0,0.0,1.0,0.0,0.0,-0.5384345384345385,1.5991452991452992,0.8388059701492537,0.0,0.0,0.0,0.6735395189003437,0.0,-0.05252993433758208,0.0,0.0,0.0,0.0,0.0,-1.0,0.0,0.0,-1.0,0.0,0.5384615384615384,0.0,0.0,0.5175983436853002,0.0,0.0,0.0,0.0,0.11764705882352941,0.0,0.0,0.0,0.0,0.0,0.20721284135918286,-0.3333333333333333,0.3660130718954248,0.0
0.0,0.15,-0.09325592885375494,-1.0,-0.1,1.3333333333333333,-0.5,0.10869565217391304,-0.43243243243243246,0.0,0.0,-0.75,-0.6,0.6331811263318112,0.0,-2.0,1.0,0.0,-3.0,1.0017550017550017,-0.8162393162393162,0.2099502487562189,0.0,0.0,0.0,0.045164457535591555,0.0,-0.5469293163383546,1.0,-1.0,0.0,-2.0,0.0,-1.0,-1.0,0.0,0.0,0.0,-0.05128205128205128,-1.0,0.0,0.505175983436853,0.0,0.0,0.0,1.8035714285714286,0.07352941176470588,0.0,0.0,0.0,0.0,0.0,0.8930581613508438,-1.0,-0.27350427350427353,0.5758230665607738
1.0,-1.75,-0.7852025691699605,0.0,0.5,0.6666666666666666,0.0,-1.2826086956521738,0.1891891891891892,0.0,0.0,0.25,0.4,0.0,0.0,0.0,0.0,1.0,0.0,-0.5384345384345385,0.45213675213675214,-0.49651741293532337,0.0,0.0,0.0,-0.6774668630338734,1.0192307692307692,0.03089996137504828,0.0,0.0,0.0,0.0,0.0,0.0,1.5,0.0,0.0,1.25,0.0,-0.5,-2.0,-1.9875776397515528,-2.0,-2.0,0.0,0.0,3.911764705882353,134.0,0.0,0.0,0.0,0.0,-1.0788687374053223,0.6666666666666666,-0.25439919557566615,0.0
0.0,0.5,0.07695158102766798,0.0,0.2,0.0,0.0,-0.13043478260869565,-0.7297297297297297,0.0,0.0,-2.25,0.2,0.0,0.0,0.0,0.0,1.0,0.0,-0.18603018603018603,0.023076923076923078,0.7572139303482587,1.0,0.0,0.0,0.5007363770250368,0.0,-0.18848976438779452,0.0,0.0,0.0,0.0,0.0,0.0,0.5,0.0,0.0,0.0,-0.3333333333333333,0.5,0.0,-0.09523809523809523,0.0,0.0,0.0,0.0,-0.36764705882352944,0.0,197.0,0.0,0.0,0.0,-0.6091307066916818,0.0,0.23629964806435394,0.0
1.0,-0.5,0.3264575098814229,0.0,0.5,-0.6666666666666666,-0.5,-1.2608695652173914,-1.1891891891891893,0.0,0.0,-1.0,-1.0,0.0,0.0,-2.0,1.0,-0.5,0.0,0.4247104247104247,-0.8162393162393162,-0.6079601990049751,1.0,0.0,0.0,-0.23760432007854687,0.9423076923076923,0.29045963692545385,1.0,0.0,0.0,1.0,0.0,0.0,0.5,0.0,-1.0,1.0,-0.48717948717948717,0.5,-1.0,-0.2650103519668737,0.0,0.0,0.0,0.0,-0.36764705882352944,196.0,0.0,0.0,0.0,0.0,0.16635397123201992,0.3333333333333333,-0.14177978883861236,0.0
0.0,0.3,0.16390810276679843,-1.0,0.8,1.0,0.5,0.6739130434782609,0.2702702702702703,0.0,0.0,0.0,0.0,0.0,-1.0,0.0,1.0,0.0,0.0,0.3825903825903826,-0.3034188034188034,-0.07064676616915423,0.0,0.0,0.0,-0.25724104074619536,1.5494505494505495,0.9578988026264967,1.0,0.0,1.0,1.0,0.0,-1.0,1.0,0.0,-1.0,0.5,0.6153846153846154,0.0,0.0,0.5714285714285714,0.0,0.0,0.0,0.0,0.29411764705882354,0.0,0.0,0.0,0.0,0.0,0.5953721075672291,1.0,0.5641025641025641,0.0
1.0,-1.0,-0.8593132411067194,0.0,0.5,0.0,-1.0,-0.41304347826086957,0.16216216216216217,0.0,0.0,-1.0,-1.0,0.0,0.0,0.0,0.0,1.0,0.0,-0.5384345384345385,0.7239316239316239,-0.18009950248756218,0.0,0.0,0.0,-0.36524300441826213,0.0,-0.8698339127076091,0.0,-1.0,0.0,-1.0,0.0,0.0,-1.0,0.0,-1.0,1.0,-0.6666666666666666,0.5,-1.0,-0.8240165631469979,-4.0,0.0,0.0,0.0,-0.36764705882352944,0.0,0.0,0.0,0.0,0.0,-0.021888680425265778,-1.3333333333333333,-0.6807440925087984,0.0
0.0,0.5,0.673542490118577,-1.0,-0.8,1.0,0.0,-0.15217391304347827,0.35135135135135137,0.0,0.0,-1.5,-1.4,0.9558599695585996,0.0,0.0,0.0,1.0,-2.0,0.25903825903825906,-0.36495726495726494,-0.3174129353233831,0.5,0.0,0.0,-0.21796759941089838,1.526098901098901,0.962533796832754,0.0,0.0,1.0,2.0,0.0,-1.0,1.5,0.0,-1.0,0.0,-0.358974358974359,-1.0,0.0,-0.14906832298136646,0.0,0.0,0.0,0.7916666666666666,2.1029411764705883,0.0,0.0,0.0,0.0,0.0,0.09436453338892352,1.0,0.4424333836098542,1.1919419538323628
0.0,-1.35,-1.5554594861660078,0.0,-1.2,0.0,0.5,0.6956521739130435,0.32432432432432434,0.0,0.0,0.0,0.0,0.0669710806697108,-1.0,0.0,1.0,0.0,0.0,-0.515970515970516,1.1136752136752137,0.3054726368159204,0.0,0.0,0.0,0.11389297987236131,0.0,-0.4928543839320201,0.0,0.0,0.0,-1.0,0.0,-1.0,-0.5,0.0,0.0,0.0,0.6410256410256411,-1.0,0.0,-0.34368530020703936,0.0,0.0,0.0,0.5952380952380952,-0.1323529411764706,0.0,0.0,0.0,0.0,0.0,0.043777360850531556,-0.6666666666666666,-0.19004524886877827,0.06185711458526052
0.0,0.15,0.4581274703557312,-1.0,-0.1,1.6666666666666667,0.0,0.06521739130434782,-0.4864864864864865,0.0,0.0,-1.5,-1.4,0.0,0.0,0.0,1.0,0.0,-3.0,0.21832221832221832,0.021367521367521368,0.07462686567164178,1.0,0.0,0.0,-0.049091801669121256,0.0,-0.6210892236384704,1.0,-1.0,0.0,0.0,0.0,0.0,-0.5,0.0,1.0,0.0,-0.10256410256410256,0.0,0.0,0.2443064182194617,0.0,0.0,0.0,0.7142857142857143,-0.36764705882352944,0.0,0.0,0.0,0.0,0.0,-0.24690431519699788,-0.6666666666666666,-0.3901458019105078,0.0
0.0,1.1,0.10906620553359683,-1.0,0.3,1.0,0.5,0.5,0.08108108108108109,0.0,0.0,-1.0,-1.0,0.0,-1.0,0.0,1.0,0.0,-3.0,0.6718146718146718,-0.3803418803418803,0.24975124378109453,0.0,0.0,0.0,0.07854688267059401,1.217032967032967,0.8482039397450754,1.0,0.0,1.0,0.0,0.0,0.0,1.0,0.0,0.0,0.0,0.4358974358974359,0.5,0.0,-0.10351966873706005,0.0,0.0,0.0,1.0714285714285714,1.5441176470588236,0.0,0.0,0.0,0.0,0.0,0.43996247654784215,1.0,0.6546003016591252,0.0
0.0,0.3,-0.07917490118577075,0.0,0.9,0.0,1.0,0.7391304347826086,0.35135135135135137,0.0,0.0,-1.75,-1.6,0.852359208523592,-1.0,0.0,1.0,0.0,-3.0,-0.5384345384345385,1.741025641025641,1.0039800995024875,0.0,0.0,0.0,0.8031418753068238,0.0,0.04943993820007725,0.0,0.0,0.0,0.0,0.0,-1.0,0.5,0.0,-1.0,0.0,0.6923076923076923,-1.0,0.0,-0.024844720496894408,0.0,0.0,0.0,1.0,1.5441176470588236,0.0,0.0,0.0,0.0,1.0,-0.2238899312070041,0.0,0.5158371040723982,0.8998871737626485
0.0,-0.25,0.33436264822134387,-1.0,-0.4,1.0,0.5,0.45652173913043476,0.05405405405405406,0.0,0.0,-1.0,-1.0,0.0,-1.0,0.0,1.0,0.0,0.0,-0.5384345384345385,0.4008547008547009,-0.5562189054726369,0.0,0.0,0.0,-0.0019636720667648502,1.1112637362637363,0.6658941676322905,0.0,0.0,1.0,0.0,0.0,-1.0,0.5,0.0,0.0,0.0,0.358974358974359,-1.0,0.0,-0.2939958592132505,0.0,0.0,0.0,0.8511904761904762,0.3088235294117647,0.0,0.0,0.0,0.0,0.0,0.7742338961851154,0.3333333333333333,0.12870789341377575,0.0
0.0,0.0,-0.2664278656126482,0.0,0.8,1.0,0.0,0.15217391304347827,-0.35135135135135137,0.0,0.0,-1.5,-1.4,0.791476407914764,0.0,0.0,0.0,0.0,0.0,-0.5384345384345385,0.2948717948717949,-0.6796019900497512,1.0,0.0,0.0,-0.3907707412862052,0.9285714285714286,0.1544998068752414,0.0,0.0,1.0,0.0,0.0,0.0,0.5,0.0,0.0,0.0,0.0,0.5,0.0,-0.016563146997929608,0.0,0.0,0.0,0.0,0.36764705882352944,0.0,204.0,0.0,-2.0,0.0,-0.0537836147592247,0.3333333333333333,-0.26646556058320764,0.8543896053521727
0.0,0.05,-0.31657608695652173,0.0,0.7,0.0,0.0,0.08695652173913043,-0.4594594594594595,0.0,0.0,-0.75,-0.6,0.9010654490106544,0.0,0.0,0.0,1.0,0.0,-0.5384345384345385,0.31196581196581197,-0.6597014925373135,0.0,0.0,0.0,0.38880706921944036,0.0,-0.27655465430668214,0.0,-1.0,1.0,0.0,0.0,0.0,0.5,0.0,0.0,0.0,-0.07692307692307693,0.0,0.0,0.19875776397515527,0.0,0.0,0.0,0.8214285714285714,-0.36764705882352944,0.0,0.0,0.0,-2.0,0.0,-0.751719824890556,0.0,-0.5369532428355958,0.8816729334943164
0.0,-0.65,-0.4450345849802372,0.0,0.0,0.0,-0.5,-0.43478260869565216,-1.1081081081081081,0.0,0.0,0.0,0.0,0.0,0.0,0.0,0.0,1.0,0.0,0.26184626184626186,-0.46923076923076923,-0.43482587064676614,0.5,0.0,0.0,-0.616593028964163,0.0,-1.0675936655079181,0.0,-1.0,0.0,-1.0,0.0,0.0,-1.0,0.0,-1.0,0.0,-0.6923076923076923,0.5,-1.0,-0.9937888198757764,0.0,0.0,0.0,0.0,-0.36764705882352944,0.0,0.0,0.0,0.0,-4.0,-0.5822388993120697,-1.3333333333333333,-0.9381598793363499,0.0
0.0,1.7,0.9979001976284585,0.0,0.4,1.0,1.5,0.7608695652173914,0.40540540540540543,2.0,0.0,0.0,0.0,5.235920852359208,-3.0,0.0,1.0,-1.0,0.0,-0.5384345384345385,2.476068376068376,1.8597014925373134,0.0,0.0,0.0,1.7260677466863035,1.6126373626373627,2.589416763229046,0.0,1.0,1.0,1.0,0.0,-3.0,2.5,0.0,1.0,0.5,0.7435897435897436,-1.0,1.0,1.4078674948240166,0.0,0.0,0.0,0.8571428571428571,0.7794117647058824,0.0,0.0,0.0,0.0,1.0,1.0323497640570802,2.0,2.6013071895424837,8.008616630185744
0.0,-0.5,-0.5628705533596838,0.0,0.6,-0.6666666666666666,-0.5,-0.782608695652174,-1.1891891891891893,0.0,0.0,0.25,0.2,1.5342465753424657,0.0,0.0,-1.0,0.0,0.0,0.26044226044226043,-0.5393162393162393,-0.5184079601990049,0.0,0.0,0.0,-0.20814923907707414,1.081043956043956,0.4696794129007339,1.0,-1.0,1.0,0.0,0.0,-1.0,0.5,0.0,1.0,1.0,-1.0512820512820513,0.5,-1.0,-0.9937888198757764,0.0,0.0,0.0,0.0,-0.36764705882352944,264.0,0.0,0.0,-2.0,0.0,0.45653533458411505,0.3333333333333333,0.020110608345902465,1.7609048939824932
0.0,0.45,0.8200345849802372,-1.0,-0.8,1.0,0.0,0.5217391304347826,0.08108108108108109,0.0,0.0,0.0,0.0,0.0,0.0,0.0,1.0,0.0,-2.0,0.11021411021411022,-0.552991452991453,-0.7472636815920398,0.5,0.0,0.0,-0.9248895434462445,1.4725274725274726,0.34607956740054074,1.0,0.0,1.0,1.0,0.0,-1.0,1.0,0.0,-1.0,0.0,0.4358974358974359,0.0,0.0,0.5093167701863354,0.0,0.0,0.0,2.3988095238095237,1.3088235294117647,185.0,0.0,0.0,0.0,0.0,-0.27141963727329566,1.0,-0.17596782302664657,0.0
1.0,-1.5,-1.1557559288537549,0.0,-0.3,0.0,-1.0,-1.2391304347826086,-0.10810810810810811,0.0,0.0,-1.0,-1.0,0.0,0.0,0.0,0.0,1.0,0.0,-0.26184626184626186,0.8914529914529915,0.40696517412935324,0.0,0.0,-4.0,0.21404025527736867,0.0,-0.41405948242564694,1.0,-1.0,0.0,-1.0,0.0,0.0,-0.5,0.0,-1.0,1.0,-0.5897435897435898,0.5,0.0,-0.16563146997929606,0.0,0.0,0.0,0.0,-0.36764705882352944,0.0,0.0,0.0,0.0,0.0,0.22238899312070012,-0.6666666666666666,-0.08748114630467571,0.0
0.0,-0.35,-0.3160820158102767,0.0,-0.7,1.0,0.5,0.6956521739130435,0.2972972972972973,0.0,0.0,0.5,0.4,0.0,-1.0,0.0,1.0,0.0,-3.0,0.37135837135837135,-0.6794871794871795,-0.5243781094527363,0.0,0.0,0.0,-0.7049582719685813,1.0,-0.012359984550019312,1.0,0.0,1.0,0.0,0.0,-1.0,0.5,0.0,0.0,0.0,0.6410256410256411,-1.0,0.0,-0.2898550724637681,0.0,0.0,0.0,0.21428571428571427,-0.10294117647058823,0.0,0.0,0.0,0.0,0.0,-0.32395247029393354,0.6666666666666666,-0.29663147310206134,0.0
0.0,1.85,1.090044466403162,0.0,0.4,1.0,1.5,0.7608695652173914,0.40540540540540543,2.0,0.0,0.0,0.0,2.5814307458143073,-3.0,0.0,1.0,-1.0,-2.0,-0.5384345384345385,2.147863247863248,1.4776119402985075,0.0,0.0,0.0,1.270495827196858,1.4945054945054945,2.0981073773657783,0.0,1.0,1.0,1.0,0.0,-3.0,3.0,0.0,0.0,0.5,0.7435897435897436,0.0,1.0,2.2360248447204967,0.0,0.0,0.0,0.30952380952380953,2.1323529411764706,0.0,192.0,0.0,0.0,1.0,0.1517615176151759,2.3333333333333335,2.088486676721971,3.7431617184505988
0.0,0.25,-0.11820652173913043,0.0,0.0,0.0,-0.5,-0.41304347826086957,-1.0810810810810811,0.0,0.0,0.25,0.2,0.0,0.0,0.0,0.0,1.0,0.0,0.6016146016146016,-0.6042735042735042,-0.11044776119402985,1.0,0.0,0.0,0.08051055473735887,0.0,-0.5191193511008111,0.0,-1.0,0.0,-1.0,0.0,0.0,-0.5,-4.0,-1.0,0.0,-0.6666666666666666,0.5,-1.0,-0.8033126293995859,0.0,0.0,0.0,0.0,-0.36764705882352944,0.0,0.0,0.0,-3.0,-1.0,-0.01575984990619146,-1.0,-0.41729512317747613,0.0
0.0,1.05,0.6905879446640316,-1.0,0.9,0.0,0.5,0.7608695652173914,0.3783783783783784,0.0,0.0,0.0,0.0,1.5585996955859969,-1.0,0.0,1.0,0.0,0.0,-0.5384345384345385,1.605982905982906,0.8467661691542289,0.0,0.0,0.0,0.6696121747668139,0.0,-0.055619930475086905,0.0,0.0,0.0,0.0,0.0,-3.0,0.0,0.0,-1.0,0.0,0.717948717948718,0.0,0.0,0.3064182194616977,0.0,0.0,0.0,0.0,0.5147058823529411,0.0,0.0,0.0,0.0,1.0,0.20137585991244517,-0.3333333333333333,0.3680241327300151,1.6076751481463993
0.0,0.25,0.0670701581027668,0.0,0.0,1.6666666666666667,-0.5,-0.13043478260869565,-0.7297297297297297,0.0,0.0,0.0,0.0,0.0,0.0,0.0,1.0,1.0,-3.0,0.023166023166023165,-0.6452991452991453,-0.022885572139303482,0.5,0.0,0.0,-0.21011291114383898,0.0,-0.7477790652761684,0.0,0.0,0.0,0.0,0.0,0.0,0.0,0.0,-1.0,0.0,-0.3333333333333333,-1.0,-1.0,-0.39751552795031053,0.0,0.0,0.0,0.40476190476190477,-0.36764705882352944,0.0,0.0,0.0,0.0,0.0,-1.1061079841567638,-0.3333333333333333,-0.521870286576169,0.0
0.0,3.7,2.941082015810277,0.0,-0.9,1.0,-0.5,-1.0869565217391304,0.2702702702702703,0.0,0.0,0.25,0.2,0.0,0.0,0.0,0.0,1.0,-2.0,1.2994032994032993,-0.7905982905982906,0.6616915422885572,0.0,0.0,0.0,-0.029455081001472753,0.6923076923076923,0.17303978370027037,2.0,-1.0,1.0,0.0,0.0,-1.0,0.0,0.0,0.0,0.0,-1.4615384615384615,0.0,0.0,0.19875776397515527,0.0,0.0,0.0,0.0,4.220588235294118,0.0,0.0,0.0,0.0,0.0,0.6333124869710235,0.3333333333333333,0.42332830568124685,0.0
0.0,0.75,0.96875,0.0,0.0,1.6666666666666667,-0.5,-0.15217391304347827,-0.7567567567567568,0.0,0.0,0.0,0.0,6.3744292237442925,0.0,0.0,0.0,1.0,-3.0,0.18603018603018603,-0.16666666666666666,0.06467661691542288,1.0,0.0,0.0,-0.0019636720667648502,0.0,-0.5840092699884125,1.0,-1.0,0.0,0.0,0.0,0.0,0.0,0.0,0.0,0.0,-0.358974358974359,0.0,0.0,0.016563146997929608,0.0,0.0,0.0,0.0,-0.36764705882352944,0.0,0.0,0.0,-3.0,0.0,-0.7967479674796744,-0.3333333333333333,-0.37104072398190047,5.733975376980927
1.0,1.0,-0.3405385375494071,0.0,0.5,0.6666666666666666,-0.5,-1.6304347826086956,-0.7837837837837838,2.0,0.0,-3.0,-2.6,0.0,0.0,0.0,1.0,1.0,0.0,-0.5384345384345385,0.635042735042735,-0.2835820895522388,1.0,-1.0,-4.0,-0.023564064801178203,1.460164835164835,1.041328698339127,0.0,0.0,0.0,-1.0,2.0,0.0,2.5,0.0,-1.0,1.0,-1.794871794871795,0.5,0.0,-0.4968944099378882,-4.0,-1.0,-2.0,0.23809523809523808,1.9264705882352942,0.0,0.0,0.0,-2.0,0.0,-0.5627380749331964,1.3333333333333333,0.5108094519859225,0.0
0.0,0.4,0.16341403162055335,0.0,0.2,0.0,0.0,0.021739130434782608,0.13513513513513514,2.0,0.0,-1.5,-1.4,0.6027397260273972,0.0,0.0,0.0,1.0,0.0,0.39241839241839244,-0.8162393162393162,0.09651741293532339,0.25,0.0,0.0,0.43593519882179677,0.0,-0.23947470065662418,1.0,-1.0,1.0,0.0,0.0,-1.0,-0.5,0.0,0.0,0.0,-0.15384615384615385,0.0,0.0,0.016563146997929608,0.0,0.0,0.0,1.5773809523809523,-0.36764705882352944,0.0,0.0,-2.0,-4.0,0.0,0.6181363352095058,-0.3333333333333333,-0.13071895424836602,0.595249785011146
1.0,0.0,-1.2451828063241106,0.0,-0.7,0.0,0.0,0.6739130434782609,0.2702702702702703,0.0,0.0,0.0,0.0,1.0289193302891932,-1.0,0.0,1.0,0.0,-2.0,0.391014391014391,-0.4982905982905983,-0.2855721393034826,0.0,0.0,0.0,-0.4693176239567992,0.0,-0.9517188103514871,1.0,-1.0,0.0,-2.0,0.0,-1.0,-1.0,0.0,0.0,0.0,0.6153846153846154,-1.0,0.0,-0.2484472049689441,0.0,0.0,0.0,0.8333333333333334,-0.36764705882352944,0.0,0.0,0.0,0.0,0.0,-0.25390869293308305,-1.0,-0.7873303167420814,0.8178597964441047
-3.0,-0.2,-0.18935276679841898,0.0,-0.3,0.0,-0.5,-0.45652173913043476,-1.135135135135135,2.0,0.0,0.25,0.2,0.0,-2.0,0.0,0.0,1.0,-3.0,-0.5384345384345385,0.10683760683760683,-0.8985074626865671,1.0,-1.0,-4.0,-0.08443789887088857,0.0,-0.6488991888760139,0.0,-1.0,0.0,-1.0,0.0,-2.0,-1.0,0.0,-1.0,0.25,-0.717948717948718,0.5,0.0,0.09937888198757763,0.0,0.0,-2.0,0.0,-0.36764705882352944,0.0,0.0,0.0,0.0,-2.0,0.6041275797373354,-1.3333333333333333,-0.8999497234791353,0.0
0.0,0.25,0.0670701581027668,0.0,0.0,0.0,0.0,-0.32608695652173914,-0.972972972972973,0.0,0.0,-1.0,-1.0,1.4794520547945205,0.0,0.0,0.0,1.0,0.0,0.3151983151983152,0.6094017094017095,0.8965174129353234,0.5,0.0,0.0,0.6971035837015218,0.0,-0.03398995751255311,0.0,-1.0,1.0,1.0,0.0,0.0,0.5,0.0,-1.0,0.0,-0.5641025641025641,0.0,-1.0,-0.7412008281573499,0.0,0.0,0.0,0.0,-0.36764705882352944,275.0,0.0,0.0,0.0,0.0,-0.35897435897435875,0.0,0.4072398190045249,1.533497714798413
0.0,-1.25,-0.3039772727272727,0.0,-0.5,-0.6666666666666666,-0.5,-1.1956521739130435,-1.1891891891891893,0.0,0.0,-0.25,-0.2,0.0,0.0,0.0,-1.0,1.0,0.0,-0.5384345384345385,0.3564102564102564,-0.6079601990049751,0.5,0.0,0.0,-0.7874324987727049,0.7747252747252747,-0.3306295867130166,0.0,-1.0,1.0,0.0,0.0,-2.0,0.5,0.0,-1.0,1.0,-0.6410256410256411,0.5,-1.0,-0.8281573498964804,0.0,0.0,-1.0,1.2321428571428572,-0.36764705882352944,96.0,0.0,0.0,0.0,0.0,-0.839274546591619,0.3333333333333333,-0.5460030165912518,0.0
0.0,-1.1,0.6567440711462451,-0.6666666666666666,-0.7,0.0,0.5,0.5434782608695652,0.10810810810810811,0.0,0.0,0.0,0.0,2.6910197869101977,0.0,0.0,1.0,0.0,0.0,-0.5384345384345385,2.0025641025641026,1.308457711442786,0.0,0.0,0.0,1.127147766323024,0.0,0.30436461954422556,0.0,0.0,0.0,0.0,0.0,-1.0,0.0,0.0,-1.0,0.0,0.46153846153846156,0.0,0.0,0.4886128364389234,0.0,0.0,0.0,0.0,0.1323529411764706,0.0,0.0,0.0,0.0,0.0,0.8813841984573684,-0.3333333333333333,0.8355957767722474,2.993652006671456
0.0,0.15,0.48085474308300397,-1.0,0.0,0.0,-0.5,-0.41304347826086957,-1.0810810810810811,0.0,0.0,-2.25,-2.0,0.0,0.0,0.0,0.0,1.0,0.0,0.14391014391014392,0.07606837606837606,0.03283582089552239,0.5,0.0,0.0,-0.15513009327442318,0.0,-0.7045191193511008,0.0,-1.0,0.0,-1.0,0.0,0.0,-1.0,0.0,0.0,0.0,-0.6666666666666666,0.0,-1.0,-0.8488612836438924,0.0,0.0,0.0,0.0,-0.36764705882352944,120.0,0.0,0.0,0.0,0.0,0.4465290806754219,-1.3333333333333333,-0.46556058320764204,0.0
0.0,0.15,0.9354001976284585,-1.0,-0.1,0.0,1.0,0.6304347826086957,0.21621621621621623,2.0,0.0,-1.75,-1.6,0.9010654490106544,-1.0,0.0,1.0,0.0,0.0,1.1716391716391716,-0.21794871794871795,1.1472636815920398,0.0,0.0,0.0,1.1821305841924399,0.0,0.34762456546929316,1.0,0.0,0.0,0.0,0.0,-1.0,0.5,0.0,1.0,0.0,0.5641025641025641,0.0,1.0,1.5610766045548654,0.0,0.0,0.0,0.8928571428571429,0.5,0.0,0.0,0.0,0.0,0.0,0.25891181988742934,0.3333333333333333,0.7823026646556058,1.0108128855152012
0.0,0.5,-0.1636610671936759,0.0,-0.8,1.6666666666666667,0.0,-0.043478260869565216,-0.6216216216216216,0.0,0.0,-1.5,-1.4,0.487062404870624,0.0,0.0,0.0,1.0,-3.0,0.1691821691821692,0.04871794871794872,0.03681592039800995,0.5,0.0,0.0,-0.06872852233676977,0.0,-0.6365392043259946,1.0,-1.0,0.0,0.0,0.0,0.0,0.0,0.0,-1.0,0.0,-0.23076923076923078,0.5,0.0,-0.16563146997929606,0.0,0.0,0.0,0.0,-0.36764705882352944,0.0,0.0,0.0,-2.0,0.0,-0.8959766520742124,-0.3333333333333333,-0.4193061840120664,0.4312132392640701
0.0,-1.3,-0.7676630434782609,-1.0,0.4,0.0,0.5,0.782608695652174,0.43243243243243246,0.0,0.0,0.0,0.0,0.7792998477929984,-1.0,0.0,1.0,0.0,-1.0,0.4906984906984907,0.25213675213675213,0.7293532338308458,0.0,0.0,0.0,0.5321551300932744,0.0,-0.1637697952877559,1.0,0.0,0.0,-1.0,0.0,-1.0,0.0,0.0,0.0,0.0,0.7692307692307693,0.0,0.0,0.016563146997929608,0.0,0.0,0.0,1.1428571428571428,0.14705882352941177,0.0,0.0,0.0,0.0,1.0,-0.0029184907233686047,0.0,0.2383107088989442,0.7838881223490578
0.0,0.1,-0.556447628458498,-1.0,-0.7,1.0,0.5,0.6521739130434783,0.24324324324324326,0.0,0.0,0.0,0.0,0.0,-1.0,0.0,1.0,0.0,0.0,-0.5384345384345385,0.5478632478632479,-0.3850746268656716,0.0,0.0,0.0,-0.5675012272950417,1.1565934065934067,0.2719196601004249,0.0,0.0,1.0,0.0,0.0,-1.0,0.0,0.0,-1.0,0.0,0.5897435897435898,0.0,0.0,0.47619047619047616,0.0,0.0,0.0,0.0,0.29411764705882354,0.0,0.0,0.0,0.0,0.0,0.8200958932666241,0.0,-0.04122674710910005,0.0
1.0,-0.5,-0.8593132411067194,0.0,0.5,0.0,-1.0,-0.43478260869565216,-1.1081081081081081,0.0,0.0,-1.0,-1.0,0.0,-2.0,0.0,0.0,-0.5,0.0,-0.5384345384345385,0.7837606837606838,-0.11044776119402985,1.0,-1.0,0.0,-0.2965144820814924,0.0,-0.8157589803012746,0.0,-1.0,0.0,-1.0,0.0,0.0,-1.0,-3.0,-1.0,1.0,-0.15384615384615385,0.5,0.0,0.39751552795031053,0.0,0.0,0.0,0.0,0.10294117647058823,112.0,0.0,0.0,0.0,0.0,0.13133208255159468,-1.3333333333333333,-0.6103569632981398,0.0
0.0,-0.25,0.7202322134387352,-1.0,-0.4,1.0,0.5,0.6521739130434783,0.24324324324324326,0.0,0.0,0.0,0.0,0.0,-1.0,0.0,1.0,0.0,-2.0,-0.5384345384345385,0.6316239316239316,-0.28756218905472636,0.0,0.0,0.0,-0.47128129602356406,1.217032967032967,0.4156044804943994,0.0,0.0,1.0,0.0,0.0,-1.0,0.5,0.0,0.0,0.5,0.5897435897435898,-1.0,0.0,-0.19461697722567287,0.0,0.0,0.0,0.5952380952380952,0.3382352941176471,0.0,0.0,0.0,0.0,-1.0,0.3689806128830519,0.3333333333333333,0.10155857214680744,0.0
0.0,-0.5,0.10412549407114624,0.0,0.6,-0.6666666666666666,0.0,-0.717391304347826,-1.1891891891891893,0.0,0.0,0.0,0.0,0.0,0.0,0.0,-1.0,1.0,0.0,-0.5384345384345385,0.5136752136752136,-0.4248756218905473,1.0,0.0,0.0,-0.2808051055473736,0.7486263736263736,0.03862495171881035,0.0,0.0,0.0,0.0,0.0,0.0,0.5,0.0,0.0,1.0,-1.0256410256410255,0.5,-1.0,-0.9937888198757764,0.0,0.0,0.0,1.994047619047619,-0.36764705882352944,0.0,0.0,0.0,-3.0,0.0,-0.24140087554721673,0.0,-0.2131724484665661,0.0
-2.0,0.55,0.42922430830039526,0.0,0.9,0.0,1.0,0.717391304347826,0.32432432432432434,0.0,0.0,0.0,0.0,0.0,-1.0,0.0,1.0,0.0,0.0,-0.5384345384345385,1.7290598290598291,0.9900497512437811,0.0,0.0,0.0,0.7893961708394698,0.0,0.03862495171881035,0.0,0.0,0.0,0.0,0.0,-1.0,0.5,0.0,0.0,0.0,0.6666666666666666,0.0,0.0,1.225672877846791,0.0,0.0,0.0,0.0,1.6911764705882353,0.0,0.0,0.0,0.0,1.0,-0.24140087554721673,0.0,0.5017596782302665,0.0
0.0,2.2,1.3153409090909092,0.0,0.4,0.0,2.0,0.7391304347826086,0.3783783783783784,2.0,0.0,-1.75,-1.6,4.968036529680365,-3.0,0.0,1.0,-1.0,-3.0,1.7585117585117584,-0.06068376068376068,2.162189054726368,0.0,0.0,0.0,1.9577810505645556,0.0,0.9578988026264967,1.0,0.0,0.0,-1.0,0.0,-3.0,0.5,0.0,0.0,0.0,0.6923076923076923,-1.0,1.0,3.0641821946169774,0.0,0.0,0.0,1.119047619047619,0.29411764705882354,0.0,0.0,0.0,0.0,1.0,1.2470293933708563,0.3333333333333333,1.6923076923076923,6.190607156274298
1.0,-1.0,-0.8271986166007905,0.0,-0.9,-0.3333333333333333,-0.5,-1.065217391304348,-1.1891891891891893,0.0,0.0,-1.0,-1.0,0.0,0.0,0.0,-1.0,1.0,0.0,0.5623025623025623,-0.8162393162393162,-0.4129353233830846,0.5,0.0,0.0,-0.5949926362297496,0.0,-1.0505986867516415,1.0,-1.0,0.0,-1.0,0.0,-1.0,-0.5,0.0,-1.0,1.25,0.0,-0.5,-2.0,-1.9875776397515528,-2.0,-2.0,0.0,0.0,-0.36764705882352944,116.0,0.0,0.0,0.0,0.0,-1.2205128205128197,-0.6666666666666666,-0.9160382101558572,0.0
0.0,-0.25,-0.2345602766798419,-1.0,0.8,0.0,0.5,0.6086956521739131,0.1891891891891892,0.0,0.0,0.0,0.0,0.0,-1.0,0.0,1.0,0.0,0.0,-0.5103545103545104,1.635042735042735,0.9203980099502488,0.0,0.0,0.0,0.6813942071674031,0.0,-0.046349942062572425,0.0,0.0,0.0,0.0,0.0,-1.0,0.0,0.0,0.0,0.0,0.5384615384615384,0.0,0.0,0.19461697722567287,0.0,0.0,0.0,1.7261904761904763,0.20588235294117646,0.0,0.0,0.0,0.0,0.0,0.21888680425265777,-0.3333333333333333,0.41126194067370536,0.0
0.0,0.5,4.747900197628459,-0.6666666666666666,-0.8,1.0,-0.5,-0.13043478260869565,-0.7297297297297297,-1.0,4.0,-0.75,-0.6,0.0,0.0,0.0,1.0,1.0,-2.0,-0.18883818883818884,-0.8162393162393162,0.042786069651741296,1.0,0.0,0.0,0.14334806087383406,1.3269230769230769,1.022788721514098,0.0,0.0,1.0,0.0,0.0,0.0,0.5,-3.0,-1.0,0.0,-0.3333333333333333,-1.0,0.0,0.2401656314699793,0.0,0.0,0.0,2.892857142857143,-0.36764705882352944,0.0,225.0,0.0,0.0,-4.0,1.352095059412132,0.6666666666666666,0.6636500754147813,0.0
-2.0,-2.3,-1.7130681818181819,0.0,0.9,1.0,0.5,0.6956521739130435,0.2972972972972973,0.0,0.0,-1.0,-1.0,0.0,-1.0,0.0,1.0,0.0,0.0,-0.5384345384345385,0.2094017094017094,-0.7791044776119403,0.0,0.0,0.0,-1.1134020618556701,0.8557692307692307,-0.3723445345693318,0.0,0.0,1.0,-1.0,0.0,-1.0,-1.0,0.0,-1.0,1.0,0.6410256410256411,0.0,0.0,0.0,0.0,0.0,0.0,0.0,2.073529411764706,0.0,0.0,0.0,0.0,0.0,1.3877423389618504,-0.6666666666666666,-0.6596279537456008,0.0
0.0,0.5,0.5981966403162056,-1.0,0.0,0.0,0.0,-0.34782608695652173,-1.0,0.0,0.0,-1.5,-1.4,2.356164383561644,0.0,0.0,0.0,1.0,0.0,0.9217269217269217,-0.21452991452991452,0.7970149253731343,1.0,0.0,-4.0,0.5989199803632793,0.0,-0.11123986095017381,1.0,-1.0,1.0,0.0,0.0,0.0,0.0,0.0,1.0,0.0,-0.5897435897435898,0.0,0.0,-0.09109730848861283,0.0,0.0,0.0,0.0,-0.36764705882352944,0.0,192.0,0.0,0.0,0.0,0.09631019387116943,0.0,0.3066867772750126,2.399522419309846
-2.0,-2.0,-1.555953557312253,0.0,0.9,1.0,0.5,0.6956521739130435,0.2972972972972973,0.0,0.0,-1.0,-1.0,0.0,0.0,0.0,1.0,0.0,0.0,-0.5384345384345385,0.2094017094017094,-0.7791044776119403,0.0,0.0,0.0,-1.1134020618556701,0.8241758241758241,-0.4078794901506373,0.0,0.0,1.0,-1.0,0.0,-1.0,-1.0,0.0,-1.0,1.0,0.6410256410256411,0.0,0.0,0.0,0.0,0.0,0.0,0.0,2.073529411764706,0.0,0.0,0.0,0.0,0.0,1.2870544090056277,-0.6666666666666666,-0.6827551533433887,0.0
0.0,-1.3,0.017168972332015812,-1.0,-0.7,1.0,0.5,0.6521739130434783,0.24324324324324326,0.0,0.0,0.0,0.0,1.3576864535768645,-1.0,0.0,1.0,0.0,0.0,0.1396981396981397,-0.03333333333333333,-0.10049751243781095,0.0,0.0,0.0,-0.2866961217476681,1.2197802197802199,0.5639242950946312,1.0,0.0,1.0,0.0,0.0,-1.0,0.5,0.0,0.0,0.0,0.5897435897435898,0.0,0.0,0.5507246376811594,0.0,0.0,0.0,1.1428571428571428,0.20588235294117646,0.0,0.0,0.0,0.0,0.0,0.6091307066916818,0.6666666666666666,0.29260935143288086,1.5849148884945112
0.0,1.5,0.12981719367588934,0.0,0.0,0.0,0.0,-0.1956521739130435,-0.8108108108108109,0.0,0.0,-1.5,-0.6,1.095890410958904,0.0,0.0,0.0,1.0,0.0,-0.26325026325026324,0.8504273504273504,1.0437810945273631,1.0,0.0,0.0,0.8424153166421208,0.0,0.08033989957512554,0.0,-1.0,1.0,0.0,0.0,0.0,0.0,0.0,-1.0,0.0,-0.41025641025641024,0.0,0.0,-0.033126293995859216,0.0,0.0,0.0,0.0,-0.36764705882352944,0.0,152.0,0.0,0.0,0.0,0.4582030435688968,-0.3333333333333333,0.5560583207642031,1.1647060599336507
0.0,0.25,-0.39612154150197626,0.0,0.0,0.0,-0.5,-0.2608695652173913,-0.8918918918918919,0.0,0.0,0.0,0.0,0.8280060882800608,0.0,0.0,0.0,1.0,0.0,0.26465426465426467,0.16153846153846155,0.3034825870646766,0.5,0.0,0.0,0.11192930780559647,0.0,-0.4943993820007725,1.0,-1.0,0.0,0.0,0.0,0.0,0.0,0.0,-1.0,0.0,-0.48717948717948717,0.5,0.0,-0.09937888198757763,0.0,0.0,0.0,0.0,-0.36764705882352944,0.0,0.0,0.0,-3.0,0.0,-0.6274755055242858,-0.3333333333333333,-0.19205630970336854,0.7644448337134678
0.0,-0.5,0.030014822134387352,0.0,0.7,0.0,-1.0,-0.5,0.02702702702702703,0.0,0.0,0.0,-1.4,0.0,0.0,0.0,0.0,0.0,0.0,0.08213408213408213,0.25213675213675213,0.15024875621890546,1.0,0.0,0.0,-0.039273441335297005,0.0,-0.6133642332947083,0.0,0.0,0.0,-1.0,0.0,-1.0,-1.0,-3.0,-1.0,0.0,0.41025641025641024,0.5,0.0,-0.18219461697722567,0.0,0.0,0.0,1.7261904761904763,-0.36764705882352944,0.0,0.0,0.0,0.0,0.0,0.7048155096935581,-1.0,-0.3469079939668175,0.0
1.0,1.0,-0.3405385375494071,0.0,0.5,0.0,-0.5,-0.5434782608695652,-0.5675675675675675,0.0,0.0,0.0,0.0,0.0,0.0,0.0,-1.0,1.0,0.0,-0.06388206388206388,1.2709401709401709,1.1293532338308458,0.5,0.0,0.0,0.9268532155130094,0.0,0.14677481653147934,1.0,-1.0,0.0,-1.0,0.0,0.0,-0.5,-3.0,-1.0,1.0,-0.8205128205128205,0.5,0.0,1.3747412008281574,0.0,0.0,0.0,0.0,1.338235294117647,230.0,0.0,0.0,-3.0,0.0,1.493683552220137,-0.6666666666666666,0.6425339366515838,0.0
1.0,-2.45,-1.9265069169960474,0.0,-1.0,1.0,0.0,0.0,-0.5675675675675675,0.0,0.0,-1.5,-1.4,0.9619482496194824,0.0,0.0,0.0,1.0,0.0,-0.07511407511407511,-0.5547008547008547,-1.0119402985074626,1.0,0.0,0.0,-1.1860579283259696,0.6923076923076923,-0.7369640787949016,1.0,-1.0,1.0,-1.0,0.0,0.0,-0.5,0.0,-1.0,1.0,-0.1794871794871795,0.5,-1.0,-0.8944099378881988,0.0,0.0,0.0,0.0,-0.36764705882352944,0.0,0.0,0.0,0.0,0.0,-0.5095684803001872,-0.3333333333333333,-1.0145801910507792,0.8249163141924026
0.0,0.25,0.011487154150197628,0.0,-0.7,0.0,-0.5,0.4782608695652174,0.32432432432432434,0.0,0.0,0.0,0.0,0.0,0.0,0.0,1.0,0.0,0.0,-0.5384345384345385,1.0623931623931624,0.21393034825870647,0.0,0.0,0.0,0.023564064801178203,0.0,-0.5639242950946312,0.0,-1.0,1.0,0.0,0.0,-1.0,0.0,0.0,-1.0,0.0,0.48717948717948717,0.5,-1.0,-0.5300207039337475,0.0,0.0,0.0,1.6547619047619047,-0.36764705882352944,0.0,0.0,0.0,0.0,0.0,-0.7588075880758804,-0.3333333333333333,-0.2825540472599296,0.0
0.0,0.0,0.5653409090909091,0.0,-0.5,-0.6666666666666666,-0.5,-0.5869565217391305,0.02702702702702703,0.0,0.0,-1.0,-1.0,0.0,0.0,0.0,0.0,1.0,0.0,-0.044226044226044224,-0.10512820512820513,-0.44477611940298506,0.0,0.0,0.0,-0.6264113892979872,0.5934065934065934,-0.4078794901506373,0.0,-1.0,0.0,0.0,0.0,0.0,0.0,0.0,-1.0,1.0,-0.8717948717948718,0.5,-1.0,-0.9937888198757764,0.0,0.0,0.0,0.0,-0.36764705882352944,0.0,0.0,0.0,0.0,0.0,-0.4640400250156345,-0.6666666666666666,-0.5138260432378079,0.0
-1.0,-0.5,0.6611907114624506,-1.0,0.6,1.0,0.0,-1.0434782608695652,-1.1891891891891893,0.0,0.0,0.25,0.2,0.0,0.0,0.0,-1.0,1.0,0.0,-0.3194103194103194,0.06581196581196581,-0.6358208955223881,1.0,-1.0,0.0,-0.5439371624938635,0.9230769230769231,0.027809965237543453,0.0,0.0,0.0,1.0,0.0,-2.0,0.5,0.0,-1.0,1.0,-1.1794871794871795,0.5,-1.0,-0.33126293995859213,0.0,0.0,-1.0,0.0,-0.36764705882352944,254.0,0.0,0.0,0.0,0.0,-0.25891181988742934,0.0,-0.32679738562091504,0.0
1.0,-0.5,0.23752470355731226,0.0,0.5,1.0,-0.5,-1.5,0.21621621621621623,0.0,0.0,-1.0,-1.0,0.0,0.0,0.0,1.0,1.0,0.0,-0.5384345384345385,0.2948717948717949,-0.6796019900497512,0.5,0.0,0.0,-0.2533136966126657,0.7980769230769231,0.11587485515643106,0.0,0.0,0.0,0.0,0.0,-1.0,1.0,0.0,0.0,1.0,0.07692307692307693,0.5,0.0,0.8530020703933747,-3.0,0.0,-1.0,0.4166666666666667,0.7794117647058824,68.0,0.0,0.0,0.0,0.0,-0.5975609756097557,0.3333333333333333,-0.29160382101558574,0.0
0.0,0.6,-0.11326581027667984,0.0,0.0,1.6666666666666667,0.0,-0.15217391304347827,-0.7567567567567568,0.0,0.0,-1.5,-1.4,1.1141552511415524,0.0,0.0,0.0,1.0,-2.0,-0.10038610038610038,-0.34444444444444444,0.26965174129353237,1.0,0.0,0.0,0.15316642120765833,0.0,-0.4619544225569718,1.0,-1.0,1.0,0.0,0.0,0.0,0.0,0.0,-1.0,0.0,-0.358974358974359,0.0,0.0,0.041407867494824016,-3.0,-3.0,0.0,0.0,1.5294117647058822,0.0,0.0,0.0,-4.0,0.0,-0.5661872003335416,0.0,-0.18803418803418803,1.038026119749745
0.0,0.5,-0.3652420948616601,0.0,0.0,0.0,-0.5,-0.2608695652173913,-0.8918918918918919,0.0,0.0,-2.25,-2.0,0.0,0.0,0.0,0.0,1.0,0.0,-0.5384345384345385,2.2606837606837606,1.608955223880597,0.0,-1.0,0.0,1.4000981836033382,0.0,0.5191193511008111,0.0,0.0,0.0,3.0,1.0,0.0,2.0,0.0,-1.0,1.25,0.0,-0.5,-2.0,-1.9875776397515528,-2.0,-2.0,0.0,0.0,-0.36764705882352944,0.0,0.0,0.0,0.0,0.0,-0.814258911819887,1.0,1.127199597787833,0.0
1.0,1.5,0.7871788537549407,-1.0,0.5,-0.6666666666666666,-0.5,-1.2608695652173914,-1.1891891891891893,0.0,0.0,0.25,0.2,0.0,0.0,0.0,-1.0,1.0,-1.0,-0.5384345384345385,0.6811965811965812,-0.2298507462686567,0.5,0.0,0.0,-0.41433480608738343,0.7417582417582418,-0.07415990730011587,0.0,-1.0,1.0,1.0,0.0,0.0,0.5,0.0,0.0,1.0,-0.7948717948717948,0.5,1.0,0.9937888198757764,0.0,0.0,0.0,2.488095238095238,-0.36764705882352944,194.0,0.0,0.0,0.0,0.0,-0.42401500938086295,0.0,-0.18803418803418803,0.0
0.0,0.05,1.7708745059288538,-1.0,0.7,1.3333333333333333,-0.5,0.043478260869565216,-0.35135135135135137,0.0,0.0,-1.5,-1.4,0.0,0.0,0.0,0.0,0.0,-2.0,1.4131274131274132,-0.8162393162393162,0.7930348258706468,1.0,0.0,0.0,1.205694648993618,0.0,0.36616454229432216,1.0,0.0,0.0,0.0,0.0,0.0,0.0,-3.0,1.0,0.25,-0.1282051282051282,-1.0,0.0,0.5424430641821946,0.0,0.0,0.0,0.0,-0.36764705882352944,0.0,0.0,0.0,0.0,0.0,0.9981238273921195,0.0,0.6153846153846154,0.0
0.0,0.25,-0.039896245059288536,0.0,0.8,1.0,0.5,0.43478260869565216,-0.02702702702702703,0.0,0.0,-1.5,-1.4,0.8340943683409436,-1.0,0.0,1.0,0.0,0.0,0.18181818181818182,-0.4282051282051282,-0.5004975124378109,0.0,0.0,0.0,-0.15905743740795286,1.0563186813186813,0.4804943993820008,1.0,0.0,1.0,0.0,0.0,-1.0,0.5,0.0,0.0,0.0,0.3333333333333333,0.5,0.0,-0.2277432712215321,0.0,0.0,0.0,1.3928571428571428,0.6911764705882353,192.0,0.0,0.0,0.0,0.0,0.47404627892432766,0.6666666666666666,0.03619909502262444,0.9592106128133512
0.0,-1.7,1.4932065217391304,-1.0,-0.7,0.0,-0.5,-0.021739130434782608,-0.5945945945945946,0.0,0.0,-1.5,-0.6,0.0,0.0,0.0,0.0,1.0,-3.0,0.10740610740610741,-0.12564102564102564,-0.2537313432835821,0.0,0.0,0.0,-0.4378988708885616,0.0,-0.9269988412514485,1.0,-1.0,0.0,0.0,0.0,0.0,-0.5,0.0,0.0,0.0,-0.20512820512820512,0.5,-1.0,-0.587991718426501,0.0,0.0,0.0,0.0,-0.36764705882352944,0.0,0.0,0.0,0.0,0.0,-0.9403377110694177,-0.6666666666666666,-0.7551533433886375,0.0
0.0,0.25,8.923295454545455,-0.6666666666666666,-0.8,-0.6666666666666666,0.0,-1.4130434782608696,0.08108108108108109,0.0,0.0,0.25,0.2,0.0,0.0,0.0,-1.0,1.0,0.0,-0.5384345384345385,0.7341880341880341,-0.1681592039800995,1.0,0.0,0.0,0.4320078546882671,1.4436813186813187,1.3812282734646582,0.0,1.0,0.0,2.0,0.0,0.0,2.0,0.0,0.0,1.0,-1.8461538461538463,0.5,0.0,-0.4968944099378882,-4.0,0.0,0.0,2.892857142857143,0.22058823529411764,0.0,175.0,0.0,0.0,0.0,0.1628517823639776,1.3333333333333333,0.7903469079939668,0.0
0.0,0.5,0.030014822134387352,0.0,1.2,1.6666666666666667,0.0,0.06521739130434782,0.0,2.0,0.0,-0.75,-0.6,2.191780821917808,-1.0,-2.0,0.0,1.0,0.0,-0.5384345384345385,0.08632478632478632,-0.9223880597014925,0.0,0.0,0.0,0.013745704467353952,1.0453296703296704,0.6040942448821939,0.0,0.0,1.0,0.0,0.0,0.0,0.5,0.0,0.0,0.0,-0.10256410256410256,0.0,0.0,0.13250517598343686,0.0,0.0,0.0,0.6726190476190477,1.1029411764705883,0.0,0.0,0.0,0.0,0.0,0.674171357098186,0.3333333333333333,-0.09653092006033183,2.5767286546968293
1.0,-1.7,-1.2459239130434783,0.0,-0.7,0.0,0.0,0.6521739130434783,0.24324324324324326,0.0,0.0,0.0,0.0,1.035007610350076,-1.0,0.0,1.0,0.0,-3.0,0.3868023868023868,-0.4931623931623932,-0.2855721393034826,0.0,0.0,0.0,-0.4693176239567992,0.0,-0.9517188103514871,1.0,-1.0,0.0,-2.0,0.0,-1.0,-1.5,0.0,-1.0,0.0,0.5897435897435898,-1.0,0.0,-0.2484472049689441,0.0,0.0,0.0,0.8333333333333334,-0.36764705882352944,0.0,0.0,0.0,0.0,0.0,0.983531373775276,-1.3333333333333333,-0.7873303167420814,0.8226992035236557
0.0,-1.35,-1.5520009881422925,0.0,-1.2,0.0,1.0,0.6521739130434783,0.24324324324324326,0.0,0.0,0.0,0.0,0.243531202435312,-1.0,0.0,1.0,0.0,-2.0,-0.5384345384345385,1.3598290598290599,0.5601990049751244,0.0,0.0,0.0,0.7245949926362297,0.0,-0.012359984550019312,0.0,0.0,0.0,-1.0,0.0,-1.0,0.5,0.0,0.0,0.0,0.5897435897435898,-1.0,0.0,-0.33126293995859213,0.0,0.0,0.0,0.8511904761904762,-0.07352941176470588,0.0,0.0,0.0,0.0,0.0,-0.32395247029393354,0.0,0.2513826043237808,0.2536500242445958
0.0,-0.85,-0.580657114624506,0.0,-0.6,0.6666666666666666,0.5,-0.6956521739130435,-1.1891891891891893,0.0,0.0,-1.0,-1.0,0.0,0.0,-2.0,0.0,1.0,0.0,-0.02737802737802738,0.13076923076923078,-0.14626865671641792,0.5,0.0,0.0,-0.3318605792832597,1.0,0.28118964851293937,0.0,0.0,0.0,1.0,0.0,0.0,0.5,0.0,1.0,1.0,-1.0,0.5,-1.0,-0.9937888198757764,0.0,0.0,0.0,0.0,-0.36764705882352944,0.0,126.0,0.0,-2.0,0.0,0.15134459036898046,0.0,0.08547008547008547,0.0
0.0,0.15,0.6463685770750988,-1.0,0.0,1.6666666666666667,0.0,-0.1956521739130435,-0.8108108108108109,0.0,0.0,-1.0,-1.4,0.700152207001522,0.0,-2.0,0.0,1.0,-2.0,0.25342225342225344,0.14615384615384616,0.26965174129353237,1.0,0.0,0.0,0.7029945999018163,0.0,-0.02935496330629587,0.0,-1.0,1.0,0.0,0.0,0.0,0.5,0.0,0.0,0.0,-0.41025641025641024,0.0,0.0,0.6832298136645962,0.0,0.0,0.0,1.0714285714285714,-0.36764705882352944,0.0,0.0,0.0,-2.0,0.0,-0.3514696685428393,0.0,0.09351432880844646,0.7264838985624087
0.0,1.6,2.085350790513834,0.0,0.7,0.0,-0.5,-0.391304347826087,-0.5405405405405406,2.0,0.0,0.25,-0.6,0.0,0.0,0.0,0.0,1.0,-1.0,-0.10881010881010882,-0.18034188034188034,1.5353233830845772,1.0,0.0,0.0,1.3588610702012764,0.0,0.48667439165701043,1.0,-1.0,1.0,0.0,0.0,0.0,0.0,0.0,0.0,0.0,-0.6410256410256411,0.5,0.0,-0.10766045548654245,0.0,0.0,0.0,0.0,5.779411764705882,0.0,312.0,0.0,0.0,-4.0,1.2257661038148837,0.0,1.068878833584716,0.0
0.0,0.05,-0.6377223320158103,-1.0,0.7,0.0,-0.5,-0.2391304347826087,0.43243243243243246,0.0,0.0,-1.5,-1.4,0.0,0.0,-2.0,0.0,1.0,0.0,0.3868023868023868,-0.16495726495726495,0.09651741293532339,0.0,0.0,0.0,-0.09229258713794797,0.0,-0.6550791811510236,1.0,-1.0,1.0,0.0,0.0,0.0,0.0,0.0,-1.0,1.0,-0.46153846153846156,0.5,-1.0,-0.9109730848861284,0.0,0.0,0.0,0.0,1.161764705882353,0.0,0.0,0.0,0.0,0.0,-0.9309985407546376,0.0,-0.40120663650075417,0.0
0.0,0.0,0.368453557312253,-1.0,-0.7,1.6666666666666667,0.0,0.10869565217391304,-0.43243243243243246,0.0,0.0,-0.75,-1.4,0.0,0.0,0.0,0.0,0.0,-2.0,0.1705861705861706,-0.8162393162393162,-0.10248756218905472,1.0,0.0,0.0,-0.11978399607265587,0.0,-0.6767091541135574,1.0,-1.0,0.0,0.0,0.0,0.0,-0.5,0.0,-1.0,1.0,0.02564102564102564,0.5,0.0,0.39751552795031053,0.0,-4.0,0.0,0.0,-0.36764705882352944,34.0,0.0,0.0,-2.0,0.0,-0.37298311444652904,-0.6666666666666666,-0.5158371040723982,0.0
0.0,-0.25,-0.33436264822134387,0.0,-0.4,1.0,0.0,0.45652173913043476,0.02702702702702703,0.0,0.0,-1.5,-1.4,0.0,0.0,0.0,1.0,0.0,0.0,-0.5384345384345385,0.3837606837606838,-0.5761194029850746,0.5,0.0,0.0,-0.7560137457044673,1.070054945054945,0.02626496716879104,0.0,0.0,1.0,0.0,0.0,0.0,0.0,0.0,0.0,0.0,0.358974358974359,-1.0,0.0,-0.567287784679089,0.0,0.0,0.0,0.0,0.16176470588235295,0.0,0.0,0.0,0.0,0.0,0.35605586825099017,0.0,-0.29763700351935646,0.0
0.0,0.5,0.22764328063241107,0.0,0.2,0.0,0.5,0.06521739130434782,-0.4864864864864865,0.0,0.0,-1.5,-1.4,1.1506849315068493,0.0,0.0,0.0,0.0,0.0,-0.5384345384345385,1.047008547008547,0.19601990049751244,1.0,0.0,0.0,0.5557191948944527,0.0,-0.14522981846272692,0.0,0.0,0.0,0.0,0.0,0.0,0.0,0.0,0.0,0.0,-0.10256410256410256,0.0,0.0,-0.004140786749482402,0.0,0.0,0.0,0.0,-0.36764705882352944,0.0,0.0,0.0,-2.0,-1.0,0.03210339795705664,-0.3333333333333333,-0.019105077928607342,1.1625625187368736
0.0,0.5,0.38302865612648224,-1.0,0.2,1.0,0.0,-0.10869565217391304,-0.2702702702702703,0.0,0.0,-1.5,-1.4,1.339421613394216,0.0,0.0,0.0,1.0,-1.0,0.3306423306423306,-0.07264957264957266,0.12437810945273632,1.0,0.0,0.0,0.8345606283750614,1.5686813186813187,1.8385477018153726,1.0,0.0,1.0,1.0,0.0,-1.0,1.5,0.0,0.0,0.0,-0.3076923076923077,0.5,0.0,0.5755693581780539,0.0,0.0,0.0,0.0,0.5882352941176471,0.0,222.0,0.0,0.0,0.0,1.1975540268223193,1.3333333333333333,1.2357968828557064,1.883507567484353
0.0,-0.75,-0.4536808300395257,0.0,-0.6,-0.6666666666666666,0.5,-1.1956521739130435,0.10810810810810811,0.0,0.0,0.25,0.2,0.0,-1.0,0.0,-1.0,1.0,0.0,-0.5384345384345385,0.7427350427350428,-0.1582089552238806,0.5,0.0,0.0,-0.3436426116838488,0.7060439560439561,-0.05870992661259174,0.0,-1.0,1.0,0.0,0.0,-1.0,0.5,0.0,0.0,1.0,-1.4102564102564104,0.5,-1.0,-1.093167701863354,0.0,0.0,0.0,0.0,3.161764705882353,0.0,0.0,0.0,-4.0,0.0,-0.3989993746091303,0.0,-0.14177978883861236,0.0
0.0,0.25,0.5302618577075099,0.0,0.7,0.0,-0.5,-0.17391304347826086,-0.7837837837837838,2.0,0.0,-0.75,-1.4,0.0,0.0,0.0,1.0,1.0,-1.0,0.6423306423306423,-0.4777777777777778,0.0945273631840796,0.0,0.0,0.0,-0.09425625920471281,0.0,-0.656624179219776,1.0,-1.0,1.0,0.0,0.0,0.0,0.0,0.0,-1.0,0.0,-0.38461538461538464,0.5,0.0,0.09937888198757763,0.0,0.0,0.0,0.0,-0.36764705882352944,0.0,0.0,0.0,0.0,0.0,-0.9339170314780068,0.0,-0.4032176973353444,0.0
0.0,0.55,0.04780138339920949,0.0,0.8,0.0,0.0,0.2391304347826087,-0.24324324324324326,2.0,0.0,-1.5,-0.6,0.0,0.0,0.0,1.0,0.0,0.0,-0.06388206388206388,0.3837606837606838,0.09651741293532339,1.0,0.0,0.0,0.019636720667648502,0.0,-0.567014291232136,0.0,0.0,0.0,0.0,0.0,0.0,0.0,0.0,-1.0,0.0,0.15384615384615385,0.5,0.0,0.0,0.0,0.0,0.0,0.0,-0.36764705882352944,0.0,0.0,0.0,-4.0,0.0,-0.7646445695226177,-0.3333333333333333,-0.3438914027149321,0.0
0.0,0.0,-0.3822875494071146,0.0,0.0,0.0,-0.5,-0.30434782608695654,-0.9459459459459459,2.0,0.0,-2.25,-0.6,0.0,0.0,0.0,0.0,1.0,0.0,1.0733590733590734,-0.8162393162393162,0.31144278606965176,1.0,0.0,0.0,0.11978399607265587,0.0,-0.48821938972576284,1.0,-1.0,0.0,0.0,0.0,0.0,0.0,0.0,-1.0,0.0,-0.5384615384615384,0.5,-1.0,0.7950310559006211,0.0,0.0,0.0,0.0,-0.36764705882352944,0.0,0.0,0.0,-4.0,0.0,-0.6158015426308104,-0.3333333333333333,-0.18401206636500755,0.0
-2.0,0.1,-0.20713932806324112,0.0,0.9,0.0,0.5,0.7391304347826086,0.3783783783783784,0.0,0.0,0.0,0.0,0.0,-1.0,0.0,1.0,-1.0,0.0,-0.5384345384345385,1.529059829059829,0.7572139303482587,0.0,0.0,0.0,0.5596465390279823,0.0,-0.1421398223252221,0.0,0.0,0.0,0.0,0.0,-1.0,0.0,0.0,-1.0,0.0,0.717948717948718,-1.0,0.0,0.2028985507246377,0.0,0.0,0.0,0.0,1.6911764705882353,0.0,0.0,0.0,0.0,1.0,0.03794037940379385,-0.3333333333333333,0.26646556058320764,0.0
0.0,0.15,-0.17996541501976285,-1.0,0.0,0.0,-0.5,-0.06521739130434782,-0.6486486486486487,0.0,0.0,-1.0,-1.0,0.4627092846270928,0.0,0.0,0.0,1.0,0.0,0.6240786240786241,-0.5188034188034188,0.020895522388059702,1.0,0.0,0.0,-0.16691212567501226,0.0,-0.7137891077636153,1.0,-1.0,0.0,0.0,0.0,0.0,-0.5,0.0,-1.0,1.0,-0.1794871794871795,0.5,0.0,1.7474120082815734,0.0,0.0,0.0,0.0,-0.36764705882352944,0.0,0.0,0.0,-2.0,0.0,-0.4570356472795494,-0.6666666666666666,-0.47762694821518353,0.3997989805695714
0.0,-0.15,0.2908843873517787,-1.0,1.1,0.0,1.0,0.717391304347826,0.35135135135135137,0.0,0.0,0.0,0.0,1.6681887366818873,-1.0,0.0,1.0,0.0,-3.0,-0.5384345384345385,1.9837606837606838,1.2865671641791045,0.0,0.0,0.0,1.0976926853215514,0.0,0.28118964851293937,0.0,0.0,0.0,0.0,0.0,-1.0,0.0,0.0,0.0,0.0,0.6923076923076923,0.0,1.0,1.6149068322981366,0.0,0.0,0.0,1.1428571428571428,0.8088235294117647,0.0,0.0,0.0,0.0,1.0,0.8376068376068369,-0.3333333333333333,0.8094519859225742,1.847394760691216
0.0,0.75,-0.6196887351778656,0.0,0.7,0.0,-1.0,-0.2608695652173913,-0.8918918918918919,0.0,0.0,0.0,0.0,0.0,0.0,0.0,0.0,1.0,0.0,0.7700947700947701,-0.6316239316239316,0.09651741293532339,1.0,0.0,0.0,0.06480117820324006,0.0,-0.5314793356508304,1.0,-1.0,1.0,0.0,0.0,-2.0,-0.5,0.0,-1.0,0.0,-0.48717948717948717,0.0,0.0,0.2650103519668737,0.0,0.0,0.0,1.0,-0.36764705882352944,0.0,0.0,0.0,0.0,0.0,-0.043777360850531556,-0.3333333333333333,-0.3207642031171443,0.0
0.0,-0.25,1.3052124505928853,-0.6666666666666666,-0.4,1.0,-0.5,-0.5434782608695652,-1.1891891891891893,0.0,0.0,-0.75,-0.6,0.0,0.0,0.0,2.0,0.5,1.0,-0.5384345384345385,-0.8162393162393162,-1.973134328358209,0.5,0.0,0.0,0.9032891507118311,0.989010989010989,1.3225183468520665,0.0,0.0,0.0,-1.0,0.0,0.0,0.5,0.0,0.0,0.0,-0.02564102564102564,0.5,0.0,0.7950310559006211,0.0,0.0,-1.0,0.7142857142857143,1.75,0.0,0.0,0.0,0.0,0.0,1.8373983739837392,0.0,-0.15987933634992457,0.0
0.0,0.5,0.11351284584980237,0.0,0.8,1.0,0.5,0.43478260869565216,0.0,0.0,0.0,-1.0,-1.0,1.4977168949771689,-1.0,0.0,1.0,0.0,0.0,0.5145665145665146,-0.3034188034188034,0.11641791044776119,0.0,0.0,0.0,-0.049091801669121256,1.2184065934065933,0.7493240633449209,1.0,0.0,1.0,0.0,0.0,-1.0,1.0,0.0,0.0,0.0,0.3333333333333333,-1.0,0.0,0.38923395445134573,0.0,0.0,0.0,0.9285714285714286,0.9558823529411765,0.0,0.0,0.0,-4.0,0.0,0.29987492182614117,1.0,0.5228758169934641,1.8048256562909843
0.0,-0.5,-0.7110918972332015,0.0,0.0,0.0,-0.5,-0.2391304347826087,-0.8648648648648649,2.0,0.0,-1.0,-1.0,0.0,0.0,0.0,0.0,1.0,0.0,-0.5384345384345385,0.711965811965812,-0.19402985074626866,0.5,-1.0,0.0,-0.3789887088856161,0.0,-0.880648899188876,0.0,-1.0,0.0,-1.0,0.0,0.0,-0.5,0.0,-1.0,1.0,-0.46153846153846156,0.5,-1.0,-0.7122153209109731,0.0,0.0,0.0,0.0,-0.36764705882352944,0.0,0.0,0.0,0.0,0.0,-0.8352720450281419,-1.0,-0.6948215183509301,0.0
0.0,0.0,-0.17996541501976285,0.0,-0.7,1.0,0.0,0.5434782608695652,0.10810810810810811,0.0,0.0,0.0,0.0,0.7062404870624048,0.0,0.0,1.0,0.0,0.0,0.1705861705861706,-0.30512820512820515,-0.373134328358209,0.0,0.0,0.0,-0.5557191948944527,1.206043956043956,0.33680957898802627,0.0,0.0,1.0,0.0,0.0,-1.0,0.5,0.0,-1.0,0.0,0.46153846153846156,0.0,0.0,0.17805383022774326,0.0,0.0,0.0,0.0,0.7647058823529411,0.0,0.0,0.0,0.0,0.0,0.24140087554721673,0.3333333333333333,0.007038712921065862,0.7906152995337011
0.0,0.2,-0.14488636363636365,0.0,0.0,0.0,-0.5,-0.43478260869565216,0.05405405405405406,0.0,0.0,0.5,0.4,0.0,-1.0,0.0,3.0,1.0,-3.0,-0.5384345384345385,-0.6367521367521367,-1.7641791044776118,0.5,0.0,0.0,-0.3475699558173785,0.0,-0.8559289300888374,0.0,-1.0,0.0,0.0,0.0,-1.0,-0.5,0.0,-1.0,0.0,-0.6923076923076923,0.5,0.0,-0.2732919254658385,0.0,0.0,0.0,1.1666666666666667,-0.36764705882352944,150.0,0.0,0.0,-3.0,0.0,-0.7792370231394617,-1.0,-1.4720965309200604,0.0
0.0,-0.5,0.6584733201581028,0.0,0.0,0.0,-0.5,-0.5217391304347826,-1.1891891891891893,0.0,0.0,-1.5,-1.4,0.0,-1.0,0.0,0.0,1.0,0.0,-0.011934011934011933,-0.03504273504273504,-0.3174129353233831,0.5,0.0,0.0,-0.10014727540500737,0.0,-0.30281962147547314,0.0,-1.0,0.0,0.0,0.0,0.0,0.0,0.0,0.0,0.0,-0.7948717948717948,0.5,-1.0,-0.7950310559006211,0.0,0.0,0.0,0.0,0.04411764705882353,0.0,0.0,0.0,0.0,0.0,-0.26558265582655793,-0.6666666666666666,-0.38109602815485166,0.0
1.0,-0.9,-0.9284832015810277,0.0,0.5,-0.6666666666666666,-0.5,-0.6956521739130435,-1.1891891891891893,0.0,0.0,0.25,0.2,0.0,0.0,0.0,0.0,1.0,0.0,-0.5384345384345385,0.33931623931623933,-0.6278606965174129,0.0,0.0,0.0,-0.8070692194403535,0.625,-0.5144843568945539,0.0,-1.0,1.0,0.0,0.0,0.0,-0.5,0.0,-1.0,1.0,-1.0,0.5,-1.0,-1.1594202898550725,0.0,0.0,0.0,0.15476190476190477,-0.36764705882352944,0.0,0.0,0.0,0.0,-4.0,-0.005253283302063986,-0.6666666666666666,-0.6757164404223228,0.0
-2.0,0.25,-0.11820652173913043,0.0,0.9,1.0,1.0,0.7391304347826086,0.35135135135135137,0.0,0.0,-1.75,-1.6,0.0,-1.0,0.0,1.0,0.0,-3.0,-0.4485784485784486,1.0982905982905984,0.38308457711442784,0.0,0.0,0.0,0.19047619047619047,1.9587912087912087,1.7705677867902665,0.0,0.0,1.0,1.0,0.0,-3.0,2.5,0.0,0.0,0.5,0.6923076923076923,-1.0,0.0,0.2898550724637681,0.0,0.0,0.0,1.2380952380952381,4.985294117647059,0.0,0.0,0.0,0.0,1.0,0.18864062766501793,1.6666666666666667,1.322272498743087,0.0
0.0,1.2,3.905014822134387,0.0,-0.1,0.0,-1.0,-0.21739130434782608,-0.8378378378378378,0.0,0.0,-1.5,-0.6,0.0,0.0,0.0,1.0,1.0,-2.0,0.3502983502983503,-0.07948717948717948,0.14427860696517414,0.5,0.0,0.0,-0.09229258713794797,0.0,-0.6550791811510236,1.0,-1.0,0.0,0.0,0.0,0.0,-0.5,0.0,-1.0,0.0,-0.4358974358974359,0.5,0.0,0.6956521739130435,0.0,0.0,0.0,0.0,-0.36764705882352944,0.0,0.0,0.0,0.0,0.0,-0.32395247029393354,-0.6666666666666666,-0.3770739064856712,0.0
0.0,0.2,-0.15921442687747037,0.0,0.4,1.0,1.5,0.6739130434782609,0.2972972972972973,2.0,0.0,0.0,0.0,1.3150684931506849,-1.0,0.0,1.0,-1.0,0.0,1.1042471042471043,-0.3170940170940171,0.936318407960199,0.0,0.0,0.0,0.7363770250368189,1.0467032967032968,1.1741985322518347,1.0,0.0,1.0,1.0,0.0,-3.0,2.0,0.0,0.0,0.0,0.6153846153846154,-1.0,1.0,1.0683229813664596,0.0,0.0,0.0,1.0952380952380953,-0.36764705882352944,0.0,0.0,0.0,0.0,0.0,-0.07179487179487165,1.6666666666666667,1.2136752136752136,1.692837893428347
0.0,0.9,0.5690464426877471,-1.0,0.7,1.3333333333333333,-0.5,-0.2608695652173913,0.02702702702702703,0.0,0.0,-1.5,-1.4,0.0,0.0,0.0,0.0,1.0,-3.0,0.7237627237627238,-0.45726495726495725,0.23383084577114427,1.0,0.0,0.0,0.13352970054000982,0.0,-0.47740440324449596,1.0,-1.0,0.0,0.0,0.0,-1.0,0.0,-3.0,-1.0,1.0,0.1794871794871795,0.5,0.0,0.39751552795031053,0.0,0.0,0.0,1.1428571428571428,-0.36764705882352944,0.0,0.0,0.0,-2.0,0.0,-0.5953721075672291,-0.3333333333333333,-0.2161890397184515,0.0
0.0,0.0,-0.6122776679841897,-1.0,-0.7,0.0,-0.5,0.10869565217391304,0.2972972972972973,0.0,0.0,0.0,0.0,0.547945205479452,-1.0,-2.0,0.0,1.0,0.0,0.36855036855036855,-0.44358974358974357,-0.2537313432835821,0.0,0.0,0.0,-0.4378988708885616,0.0,-0.9269988412514485,1.0,-1.0,0.0,0.0,0.0,0.0,0.0,0.0,-1.0,0.0,-0.05128205128205128,0.5,-1.0,-0.5962732919254659,0.0,0.0,0.0,0.0,-0.36764705882352944,0.0,0.0,0.0,-3.0,0.0,-1.4446529080675414,-0.3333333333333333,-0.7551533433886375,0.4396363666695451
0.0,-0.5,-0.606348814229249,0.0,-0.5,0.0,-0.5,0.6956521739130435,0.32432432432432434,0.0,0.0,0.0,0.0,0.0,0.0,0.0,1.0,-1.0,0.0,0.8374868374868375,-0.6282051282051282,0.19601990049751244,0.5,0.0,0.0,0.005891016200294551,0.0,-0.5778292777134029,1.0,-1.0,1.0,-1.0,0.0,0.0,-0.5,0.0,-1.0,0.0,0.6410256410256411,-1.0,0.0,-0.12422360248447205,0.0,0.0,0.0,0.0,0.35294117647058826,0.0,0.0,0.0,0.0,0.0,-0.14884302689180728,-0.3333333333333333,-0.3006535947712418,0.0
0.0,-1.3,1.0571887351778657,-1.0,1.1,-0.6666666666666666,0.5,0.3695652173913043,-0.08108108108108109,0.0,0.0,-1.5,-1.4,0.7123287671232876,-1.0,-2.0,0.0,0.0,-1.0,0.727974727974728,-0.382051282051282,0.32736318407960197,0.0,0.0,0.0,0.19636720667648502,0.728021978021978,0.39088451139436076,0.0,0.0,1.0,0.0,0.0,-1.0,0.5,0.0,0.0,0.0,0.2564102564102564,0.0,0.0,-0.33126293995859213,0.0,0.0,0.0,1.0,0.16176470588235295,0.0,0.0,0.0,0.0,0.0,0.32895559724827983,0.3333333333333333,0.3961789844142785,0.8056849267562564
0.0,-0.25,0.038908102766798416,-1.0,-0.4,1.0,0.0,0.41304347826086957,-0.02702702702702703,0.0,0.0,0.0,0.0,0.0,0.0,0.0,1.0,0.0,0.0,-0.5384345384345385,0.564957264957265,-0.36517412935323385,0.5,0.0,0.0,-0.5478645066273933,1.0782967032967032,0.1993047508690614,0.0,0.0,1.0,0.0,0.0,0.0,0.5,0.0,0.0,0.5,0.3333333333333333,0.0,0.0,-0.37681159420289856,0.0,0.0,0.0,2.0357142857142856,0.22058823529411764,0.0,0.0,0.0,-2.0,0.0,0.018761726078799452,0.3333333333333333,-0.0784313725490196,0.0
0.0,-0.5,-0.8089179841897233,0.0,0.6,0.3333333333333333,-1.0,-1.326086956521739,-1.1891891891891893,0.0,0.0,0.25,0.2,0.0,-1.0,0.0,1.0,1.0,0.0,-0.5384345384345385,0.5427350427350427,-0.39104477611940297,1.0,-1.0,0.0,-0.2611683848797251,1.092032967032967,1.1834685206643492,1.0,-1.0,0.0,2.0,0.0,0.0,2.0,0.0,-1.0,1.0,0.4358974358974359,0.5,-1.0,-0.16563146997929606,0.0,-3.0,0.0,0.0,2.3970588235294117,0.0,0.0,0.0,0.0,0.0,-0.06128830519074418,1.0,0.5490196078431373,0.0
0.0,-0.25,-0.5752223320158103,0.0,0.0,0.0,-0.5,-0.13043478260869565,-0.7297297297297297,0.0,0.0,-1.5,-1.4,0.365296803652968,0.0,0.0,0.0,1.0,0.0,0.0680940680940681,-0.029914529914529916,-0.19800995024875623,1.0,0.0,0.0,-0.38291605301914583,0.0,-0.8837388953263808,0.0,-1.0,0.0,0.0,0.0,0.0,-0.5,0.0,-1.0,0.0,-0.3333333333333333,0.0,-1.0,-0.7950310559006211,0.0,0.0,0.0,0.0,-0.36764705882352944,0.0,0.0,0.0,-3.0,0.0,-0.8422764227642271,-1.0,-0.6988436400201106,0.29780220353920206
-2.0,-1.0,-1.076951581027668,-1.0,0.9,0.0,1.5,0.5652173913043478,0.16216216216216217,0.0,0.0,-1.0,-1.0,0.365296803652968,-1.0,0.0,1.0,-1.0,-3.0,1.1997191997191998,-0.029914529914529916,1.4059701492537313,0.0,0.0,0.0,1.221404025527737,0.0,0.37852452684434146,1.0,0.0,0.0,-1.0,0.0,-1.0,-0.5,0.0,0.0,0.0,0.48717948717948717,-1.0,0.0,0.10766045548654245,0.0,0.0,0.0,0.5773809523809523,0.5882352941176471,0.0,0.0,0.0,0.0,-4.0,2.0190118824265157,-0.3333333333333333,0.9331322272498743,0.41220809009253845
0.0,0.0,-0.2681571146245059,0.0,0.0,0.0,-0.5,-0.30434782608695654,0.2972972972972973,0.0,0.0,-1.0,-1.0,0.7427701674277016,0.0,0.0,0.0,1.0,0.0,0.20287820287820288,1.0606837606837607,1.2626865671641792,0.0,0.0,0.0,1.2272950417280315,0.0,0.3831595210505987,0.0,0.0,0.0,1.0,1.0,0.0,1.0,0.0,-1.0,0.0,0.6410256410256411,-1.0,0.0,0.4472049689440994,0.0,0.0,0.0,1.619047619047619,0.4264705882352941,0.0,0.0,0.0,0.0,-1.0,-0.21888680425265777,0.3333333333333333,0.8637506284565108,0.8388917824570201
0.0,-0.55,1.7261610671936758,-1.0,-0.5,-0.6666666666666666,-0.5,-0.391304347826087,-1.054054054054054,0.0,0.0,-1.0,-1.0,0.0,0.0,-2.0,1.0,1.0,0.0,-0.5384345384345385,0.5786324786324787,-0.3492537313432836,1.0,0.0,0.0,-0.4221894943544428,0.7156593406593407,-0.1096948628814214,0.0,-1.0,1.0,0.0,0.0,0.0,1.0,0.0,-1.0,0.0,-0.6410256410256411,0.5,-1.0,-0.7453416149068323,0.0,0.0,0.0,0.7202380952380952,-0.36764705882352944,0.0,265.0,0.0,0.0,0.0,-0.9171357098186361,0.3333333333333333,-0.27149321266968324,0.0
0.0,1.25,1.5776926877470356,-1.0,0.0,0.0,1.0,-0.06521739130434782,-0.6486486486486487,-1.0,4.0,0.25,0.2,0.0,-1.0,-2.0,1.0,1.0,-2.0,-0.04563004563004563,0.9666666666666667,2.4388059701492537,0.0,0.0,0.0,2.218949435444281,0.0,1.1633835457705677,1.0,0.0,0.0,1.0,0.0,-1.0,1.0,0.0,0.0,0.0,-0.2564102564102564,0.5,0.0,0.5838509316770186,0.0,0.0,0.0,0.48214285714285715,2.676470588235294,0.0,224.0,0.0,0.0,0.0,0.886491557223264,0.6666666666666666,1.9658119658119657,0.0
0.0,2.9,0.6624258893280632,0.0,0.0,0.0,0.0,-0.43478260869565216,-1.1081081081081081,2.0,0.0,0.25,0.2,0.547945205479452,0.0,0.0,0.0,1.0,0.0,0.8992628992628993,0.005982905982905983,1.0218905472636817,0.0,0.0,0.0,0.8208149239077074,0.0,0.06334492081884897,1.0,-1.0,0.0,-1.0,0.0,0.0,0.0,0.0,0.0,0.0,-0.6923076923076923,0.0,0.0,0.10351966873706005,0.0,0.0,0.0,0.0,-0.36764705882352944,0.0,0.0,0.0,0.0,0.0,0.42609964561184066,-0.3333333333333333,0.5339366515837104,0.5802364251349142
0.0,-0.5,-0.3494318181818182,0.0,0.0,-0.6666666666666666,-0.5,-0.5217391304347826,0.32432432432432434,0.0,0.0,-1.0,-1.0,0.0,0.0,-2.0,0.0,1.0,-1.0,-0.5384345384345385,0.33247863247863246,-0.6358208955223881,0.0,0.0,0.0,-0.8149239077074129,0.34615384615384615,-0.8342989571263036,0.0,-1.0,0.0,0.0,0.0,0.0,0.0,0.0,0.0,1.0,0.5897435897435898,0.5,0.0,0.39751552795031053,0.0,0.0,0.0,0.0,-0.36764705882352944,0.0,0.0,0.0,-2.0,0.0,-1.2695434646654151,-0.6666666666666666,-0.8878833584715937,0.0
0.0,0.0,0.4213191699604743,0.0,0.7,1.0,0.0,0.10869565217391304,-0.43243243243243246,2.0,0.0,-1.5,-1.4,0.5601217656012176,0.0,0.0,0.0,1.0,0.0,-0.22113022113022113,-0.488034188034188,-0.14626865671641792,0.5,0.0,0.0,-0.3318605792832597,1.0508241758241759,0.3383545770567787,0.0,0.0,1.0,0.0,0.0,0.0,0.5,0.0,0.0,0.0,-0.05128205128205128,0.0,0.0,-0.16563146997929606,0.0,0.0,0.0,1.4464285714285714,-0.36764705882352944,0.0,0.0,0.0,0.0,0.0,0.2439024390243899,0.3333333333333333,0.12267471091000502,0.6272260896865034
0.0,0.0,-0.2629693675889328,0.0,0.7,0.0,0.0,-0.21739130434782608,0.24324324324324326,2.0,0.0,-1.5,-1.4,0.0,0.0,0.0,0.0,1.0,0.0,0.39241839241839244,-0.13931623931623932,0.13432835820895522,1.0,0.0,0.0,-0.037309769268532154,0.0,-0.6118192352259559,0.0,-1.0,0.0,0.0,0.0,0.0,0.0,0.0,-1.0,0.0,-0.4358974358974359,0.0,-1.0,-0.8944099378881988,0.0,0.0,0.0,1.1428571428571428,-0.36764705882352944,0.0,0.0,0.0,-2.0,0.0,-0.8492808005003122,-0.3333333333333333,-0.3539467068878834,0.0
0.0,0.05,0.9400938735177866,0.0,0.7,0.0,-0.5,-0.41304347826086957,-1.0810810810810811,0.0,0.0,0.25,-0.6,0.0,0.0,0.0,1.0,0.0,-1.0,0.9554229554229554,-0.2709401709401709,0.7791044776119403,1.0,0.0,0.0,0.5812469317623957,0.0,-0.12514484356894554,1.0,-1.0,0.0,0.0,0.0,0.0,0.0,0.0,0.0,0.0,-0.6666666666666666,0.5,-1.0,-0.5217391304347826,0.0,0.0,0.0,3.0416666666666665,1.338235294117647,0.0,0.0,0.0,-4.0,0.0,0.07004377736085049,-0.3333333333333333,0.2885872297637003,0.0
0.0,-0.3,-0.6078310276679841,0.0,0.8,0.0,-0.5,0.13043478260869565,-0.40540540540540543,0.0,0.0,-0.75,-0.6,0.0,0.0,0.0,2.0,0.5,1.0,-0.5384345384345385,-0.8162393162393162,-1.973134328358209,1.0,0.0,0.0,0.8797250859106529,0.0,0.1096948628814214,0.0,0.0,0.0,1.0,1.0,0.0,1.0,0.0,-1.0,0.0,-0.02564102564102564,0.5,0.0,-0.33126293995859213,0.0,0.0,0.0,0.0,-0.36764705882352944,0.0,0.0,0.0,0.0,-2.0,-0.606316447779862,0.3333333333333333,-0.9492207139265962,0.0
0.0,0.05,-0.598443675889328,0.0,0.0,1.0,0.0,-0.21739130434782608,-0.8378378378378378,2.0,0.0,-1.5,-1.4,2.5266362252663623,0.0,0.0,0.0,1.0,0.0,0.023166023166023165,-0.16666666666666666,-0.4208955223880597,1.0,0.0,0.0,-0.20422189494354442,1.1167582417582418,0.5129393588258014,1.0,-1.0,1.0,1.0,0.0,0.0,1.0,0.0,0.0,0.0,-0.4358974358974359,0.0,0.0,0.012422360248447204,0.0,0.0,0.0,0.0,0.36764705882352944,0.0,0.0,0.0,0.0,0.0,-0.035021888680425245,0.6666666666666666,0.09753645047762695,2.9227757287253806
1.0,-1.0,-0.1762598814229249,0.0,-0.3,0.0,-1.0,-0.8043478260869565,-1.1891891891891893,0.0,0.0,0.25,0.2,0.0,0.0,0.0,-1.0,1.0,0.0,-0.1382941382941383,0.32222222222222224,-0.08059701492537313,0.0,-1.0,0.0,-0.26705940108001963,0.0,-0.7925840092699884,0.0,-1.0,0.0,-1.0,0.0,0.0,0.0,0.0,-1.0,1.0,-1.1282051282051282,0.5,-1.0,-0.6335403726708074,0.0,0.0,0.0,0.0,0.04411764705882353,0.0,0.0,0.0,0.0,-4.0,-1.1907442151344583,-0.6666666666666666,-0.5801910507792861,0.0
0.0,-0.3,-0.6078310276679841,0.0,0.8,1.0,-0.5,0.13043478260869565,-0.40540540540540543,0.0,0.0,-0.75,-0.6,0.0,0.0,0.0,2.0,0.5,1.0,-0.5384345384345385,-0.8162393162393162,-1.973134328358209,1.0,0.0,0.0,0.06480117820324006,1.5384615384615385,1.1989185013518733,0.0,0.0,0.0,3.0,1.0,0.0,3.0,0.0,-1.0,1.0,-0.02564102564102564,0.5,0.0,0.19875776397515527,0.0,0.0,0.0,0.9166666666666666,-0.36764705882352944,0.0,0.0,0.0,0.0,-2.0,-0.6975192828851363,1.6666666666666667,-0.24032176973353445,0.0
0.0,1.5,0.8499258893280632,-1.0,0.4,0.0,1.5,0.782608695652174,0.43243243243243246,2.0,0.0,0.0,0.0,4.627092846270928,-3.0,0.0,1.0,-1.0,-2.0,2.5335205335205333,-0.5735042735042735,2.663681592039801,0.0,0.0,0.0,2.5076092292587138,0.0,1.3904982618771726,1.0,0.0,1.0,-1.0,0.0,-3.0,2.5,0.0,1.0,0.0,0.7435897435897436,-1.0,1.0,1.4078674948240166,0.0,0.0,0.0,0.0,0.6176470588235294,0.0,0.0,0.0,0.0,1.0,-0.20296776394337362,2.0,2.227249874308698,6.140893388972888
0.0,-0.25,-0.6140069169960475,0.0,0.7,0.0,-0.5,-0.2608695652173913,0.0,0.0,0.0,-1.5,-0.6,0.0,0.0,0.0,0.0,1.0,0.0,0.11442611442611443,-0.05213675213675214,-0.1582089552238806,1.0,0.0,0.0,0.2925871379479627,0.0,-0.3522595596755504,0.0,-1.0,0.0,0.0,0.0,0.0,0.0,0.0,0.0,0.0,-0.48717948717948717,0.5,-1.0,-0.7950310559006211,0.0,0.0,0.0,0.0,-0.36764705882352944,0.0,0.0,0.0,0.0,0.0,-0.35897435897435875,-0.6666666666666666,-0.33283056812468576,0.0
0.0,0.15,-0.5282855731225297,-1.0,0.0,0.0,-1.0,-0.043478260869565216,-0.6216216216216216,0.0,0.0,-1.5,-1.4,0.0,0.0,0.0,0.0,1.0,0.0,-0.08634608634608634,0.1,-0.2656716417910448,1.0,0.0,0.0,-0.4496809032891507,0.0,-0.936268829663963,0.0,-1.0,0.0,-1.0,0.0,0.0,-1.0,0.0,-1.0,1.0,-0.02564102564102564,0.5,-1.0,0.84472049689441,0.0,0.0,0.0,0.0,-0.36764705882352944,0.0,0.0,0.0,0.0,0.0,-0.21013133208255147,-1.3333333333333333,-0.767219708396179,0.0
0.0,-0.3,-0.18935276679841898,-1.0,0.0,0.0,-0.5,-0.34782608695652173,0.16216216216216217,2.0,0.0,-1.0,-1.0,0.0,0.0,-2.0,0.0,1.0,-1.0,0.669006669006669,-0.5905982905982906,0.0009950248756218905,1.0,0.0,0.0,0.43004418262150224,0.0,-0.24410969486288142,1.0,-1.0,0.0,-1.0,0.0,0.0,-0.5,0.0,-1.0,1.0,-0.3076923076923077,0.5,-1.0,1.1428571428571428,0.0,0.0,0.0,0.0,-0.36764705882352944,0.0,0.0,0.0,0.0,0.0,0.6076297686053778,-0.6666666666666666,-0.1820010055304173,0.0
0.0,-0.35,-0.39612154150197626,0.0,-0.4,1.0,0.5,0.6521739130434783,0.24324324324324326,0.0,0.0,0.0,0.0,0.0,-1.0,0.0,1.0,0.0,0.0,-0.5384345384345385,0.5222222222222223,-0.41492537313432837,0.0,0.0,0.0,-0.5498281786941581,0.9642857142857143,0.06952491309385864,0.0,0.0,1.0,0.0,0.0,-1.0,1.0,0.0,0.0,0.0,0.5897435897435898,-1.0,0.0,-0.36024844720496896,0.0,0.0,0.0,0.0,0.7352941176470589,0.0,0.0,0.0,0.0,0.0,-0.6632270168855531,0.6666666666666666,-0.18803418803418803,0.0
0.0,-1.0,1.3291749011857708,-1.0,-0.4,0.0,0.5,0.717391304347826,0.32432432432432434,2.0,0.0,0.0,0.0,0.1643835616438356,-1.0,0.0,1.0,0.0,0.0,-0.5384345384345385,2.0384615384615383,1.3502487562189054,0.0,0.0,0.0,1.1448208149239076,0.0,0.3182696021629973,0.0,0.0,0.0,0.0,0.0,-1.0,0.5,0.0,0.0,0.0,0.6666666666666666,0.0,1.0,0.8695652173913043,0.0,0.0,0.0,0.8571428571428571,0.5147058823529411,0.0,0.0,0.0,0.0,1.0,0.2113821138211383,0.0,0.8657616892911011,0.18336490976565628
0.0,0.05,-0.8165760869565217,-1.0,0.7,0.0,-0.5,-0.13043478260869565,-0.7297297297297297,0.0,0.0,-1.5,0.2,0.45662100456621,0.0,0.0,0.0,1.0,0.0,0.30256230256230254,-0.34273504273504274,-0.2298507462686567,1.0,0.0,0.0,-0.3632793323514973,0.0,-0.8682889146388567,0.0,-1.0,0.0,0.0,0.0,0.0,0.0,0.0,-1.0,0.0,-0.3333333333333333,0.5,-1.0,-0.7950310559006211,0.0,0.0,0.0,0.0,-0.36764705882352944,0.0,0.0,0.0,-2.0,0.0,-1.333750260579528,-0.6666666666666666,-0.7048768225238814,0.37433355740956015
0.0,0.5,0.10906620553359683,0.0,0.0,0.0,-0.5,-0.41304347826086957,-1.0810810810810811,0.0,0.0,-1.5,-1.4,0.669710806697108,0.0,0.0,0.0,1.0,0.0,-0.04141804141804142,-0.11196581196581197,0.12835820895522387,1.0,0.0,0.0,-0.047128129602356406,0.0,-0.619544225569718,1.0,-1.0,0.0,0.0,0.0,0.0,0.0,0.0,-1.0,0.0,-0.6666666666666666,0.0,-1.0,-0.8281573498964804,0.0,0.0,0.0,0.0,-0.36764705882352944,164.0,0.0,0.0,-2.0,0.0,-0.8638732541171562,-0.3333333333333333,-0.36199095022624433,0.5960100003687062
0.0,2.3,0.9937005928853755,-1.0,0.9,0.0,1.0,0.717391304347826,0.32432432432432434,0.0,0.0,0.0,0.0,1.2663622526636225,-1.0,0.0,1.0,0.0,0.0,-0.44998244998244996,1.8504273504273505,1.2567164179104477,0.0,0.0,0.0,1.0780559646539027,0.0,0.2657396678254152,1.0,0.0,0.0,0.0,0.0,-1.0,1.0,0.0,0.0,0.0,0.6666666666666666,0.0,1.0,1.5942028985507246,0.0,0.0,0.0,0.0,0.5147058823529411,0.0,0.0,0.0,0.0,0.0,-0.3852407754846777,0.6666666666666666,0.7843137254901961,1.3981353421668312
0.0,0.8,0.49938241106719367,-1.0,-0.6,-0.6666666666666666,0.5,-0.8043478260869565,-0.1891891891891892,0.0,0.0,-2.25,-2.0,0.0,-1.0,0.0,0.0,0.0,0.0,-0.22534222534222534,0.541025641025641,0.050746268656716415,0.5,0.0,0.0,-0.13156602847324497,1.4244505494505495,0.9161838547701815,0.0,-1.0,1.0,0.0,0.0,-1.0,0.0,0.0,0.0,0.0,-1.1282051282051282,-1.0,-1.0,-1.2422360248447204,-4.0,0.0,0.0,0.0,-0.36764705882352944,0.0,322.0,0.0,0.0,0.0,2.0371065249114015,-0.3333333333333333,0.5982905982905983,0.0
0.0,0.15,-0.14661561264822134,-1.0,-0.1,0.0,-0.5,0.21739130434782608,-0.2972972972972973,0.0,0.0,-1.5,-1.4,0.0,0.0,0.0,0.0,0.0,-3.0,-0.11583011583011583,-0.4076923076923077,-0.2537313432835821,1.0,0.0,0.0,-0.3632793323514973,0.0,-0.8682889146388567,1.0,-1.0,0.0,-1.0,0.0,0.0,-0.5,0.0,-1.0,0.0,0.07692307692307693,0.5,0.0,0.016563146997929608,0.0,0.0,0.0,0.9761904761904762,-0.36764705882352944,0.0,0.0,0.0,-2.0,0.0,-0.8072545340838018,-0.6666666666666666,-0.7169431875314228,0.0
0.0,3.95,0.7684041501976284,-0.6666666666666666,-0.4,1.0,0.0,0.6956521739130435,0.2972972972972973,0.0,0.0,0.0,0.0,0.0,-1.0,0.0,1.0,0.0,0.0,-0.5384345384345385,0.45213675213675214,-0.49651741293532337,0.0,0.0,0.0,-0.6774668630338734,1.0192307692307692,0.03089996137504828,0.0,0.0,1.0,0.0,0.0,-1.0,1.0,0.0,0.0,0.0,0.6410256410256411,-1.0,0.0,-0.37267080745341613,0.0,0.0,0.0,0.21428571428571427,-0.014705882352941176,0.0,0.0,0.0,0.0,0.0,-0.7179487179487175,0.6666666666666666,-0.25439919557566615,0.0
0.0,0.5,0.5240859683794467,0.0,0.0,1.0,-0.5,-0.2826086956521739,-0.918918918918919,0.0,0.0,-1.0,-1.0,2.197869101978691,0.0,0.0,0.0,1.0,0.0,0.08353808353808354,0.3153846153846154,0.22587064676616916,1.0,0.0,-4.0,0.035346097201767304,1.6057692307692308,1.2514484356894553,0.0,0.0,0.0,2.0,1.0,0.0,3.0,0.0,-1.0,1.0,-0.5128205128205128,0.5,0.0,0.0,0.0,0.0,0.0,0.0,-0.36764705882352944,0.0,0.0,0.0,0.0,0.0,-0.6479049405878671,1.6666666666666667,0.9049773755656109,2.8608603681292335
0.0,0.0,-0.04755434782608696,-1.0,-0.7,0.0,-0.5,0.08695652173913043,-0.13513513513513514,0.0,0.0,-1.5,-0.6,0.0,0.0,0.0,0.0,0.0,-3.0,-0.26325026325026324,1.0162393162393162,0.5502487562189055,1.0,0.0,0.0,0.3554246440844379,0.0,-0.30281962147547314,0.0,-1.0,1.0,0.0,0.0,-1.0,-0.5,0.0,-1.0,1.0,-0.05128205128205128,0.5,-1.0,-0.9440993788819876,0.0,0.0,0.0,1.0297619047619047,-0.36764705882352944,0.0,0.0,0.0,0.0,0.0,0.474546591619762,-0.6666666666666666,0.05731523378582202,0.0
1.0,-0.95,-0.8296689723320159,0.0,-0.9,0.0,-0.5,-1.0434782608695652,-1.1891891891891893,0.0,0.0,-1.0,-1.0,0.0,0.0,0.0,-1.0,1.0,0.0,0.14812214812214813,-0.33931623931623933,-0.44477611940298506,1.0,-1.0,0.0,-0.14138438880706922,0.0,-0.6937041328698339,0.0,-1.0,0.0,0.0,0.0,0.0,0.0,-4.0,-1.0,1.0,-1.4102564102564104,0.5,-1.0,-0.12422360248447205,0.0,0.0,0.0,0.0,-0.36764705882352944,112.0,120.0,0.0,-2.0,-4.0,-1.0039608088388572,-0.6666666666666666,-0.6998491704374057,0.0
-1.0,0.6,-0.7926136363636364,0.0,-0.6,1.0,-0.5,-0.5217391304347826,-1.1891891891891893,0.0,0.0,-1.0,-1.0,0.0,0.0,0.0,0.0,1.0,0.0,-0.1396981396981397,0.4094017094017094,0.01890547263681592,1.0,-1.0,-4.0,-0.16887579774177713,1.375,0.8312089609887988,0.0,0.0,0.0,1.0,1.0,0.0,1.0,0.0,-1.0,-0.25,-0.7948717948717948,0.5,1.0,1.619047619047619,0.0,0.0,0.0,0.0,-0.36764705882352944,0.0,0.0,0.0,0.0,0.0,0.4158849280800498,0.3333333333333333,0.5268979386626446,0.0
-2.0,-2.0,-1.6004199604743083,0.0,0.9,1.0,0.0,0.782608695652174,0.40540540540540543,0.0,0.0,0.0,0.0,0.4627092846270928,-1.0,0.0,1.0,0.0,-3.0,-0.12565812565812565,-0.2726495726495726,-0.755223880597015,0.0,0.0,0.0,-0.9327442317133039,0.8406593406593407,-0.3707995365005794,0.0,0.0,1.0,-1.0,0.0,-1.0,-1.0,0.0,-1.0,1.0,0.7435897435897436,0.0,0.0,0.19875776397515527,0.0,0.0,0.0,0.0,3.073529411764706,0.0,0.0,0.0,0.0,1.0,1.3921200750469036,-0.6666666666666666,-0.6465560583207642,0.44187408367369163
1.0,-2.45,-1.8472084980237153,0.0,-0.2,1.0,-1.0,-0.06521739130434782,-0.6486486486486487,0.0,0.0,-1.75,-1.6,0.487062404870624,0.0,0.0,0.0,1.0,0.0,-0.5384345384345385,0.1170940170940171,-0.8865671641791045,0.25,0.0,0.0,-1.062346588119784,0.75,-0.574739281575898,0.0,-1.0,1.0,0.0,0.0,0.0,0.0,0.0,-1.0,0.0,-0.2564102564102564,0.5,-1.0,-0.8033126293995859,0.0,0.0,0.0,0.0,-0.36764705882352944,0.0,0.0,0.0,0.0,0.0,-0.7792370231394617,-0.3333333333333333,-0.8456510809451986,0.4393347293327175
-3.0,-1.0,-0.11820652173913043,0.0,-0.3,0.0,-2.0,-0.5217391304347826,-1.1891891891891893,0.0,0.0,-3.0,-2.6,0.0,0.0,0.0,0.0,1.0,-3.0,-0.46823446823446824,-0.0811965811965812,-1.017910447761194,1.0,-1.0,-4.0,-1.191948944526264,0.0,-1.5202780996523755,1.0,-2.0,0.0,-2.0,0.0,0.0,-1.0,0.0,-1.0,1.0,-0.5641025641025641,0.5,-1.0,-0.7122153209109731,0.0,0.0,0.0,0.0,-0.36764705882352944,0.0,0.0,0.0,0.0,-4.0,-1.8649155722326443,-1.3333333333333333,-1.527400703871292,0.0
0.0,-0.225,1.892663043478261,0.0,-0.5,0.0,-1.0,-0.3695652173913043,-1.027027027027027,0.0,0.0,0.0,0.0,0.0,0.0,0.0,0.0,1.0,0.0,0.9484029484029484,-0.688034188034188,0.2835820895522388,0.0,0.0,-4.0,0.27884143348060875,0.0,-0.3630745461568173,0.0,-1.0,0.0,0.0,0.0,0.0,0.0,0.0,-1.0,0.0,-0.6153846153846154,0.0,-1.0,-0.8115942028985508,0.0,0.0,0.0,0.0,-0.36764705882352944,0.0,0.0,0.0,0.0,0.0,-0.37940379403794,-0.6666666666666666,-0.11664152840623429,0.0
0.0,1.65,0.9008152173913043,-1.0,0.8,1.0,0.5,0.391304347826087,-0.08108108108108109,0.0,0.0,-1.5,-1.4,0.0,-1.0,0.0,1.0,-1.0,-1.0,-0.47104247104247104,-0.09487179487179487,0.22388059701492538,0.0,0.0,0.0,-0.3436426116838488,1.668956043956044,1.0243337195828506,1.0,0.0,1.0,1.0,0.0,-1.0,1.0,0.0,0.0,0.0,0.28205128205128205,0.0,1.0,1.4616977225672878,0.0,0.0,0.0,0.42857142857142855,2.4558823529411766,224.0,0.0,0.0,-4.0,0.0,0.689493433395872,1.0,0.7561588738059326,0.0
0.0,0.85,0.38302865612648224,-1.0,0.0,0.0,0.0,-0.32608695652173914,0.21621621621621623,2.0,0.0,-1.0,-1.0,0.0,-3.0,0.0,0.0,0.0,0.0,0.20287820287820288,-0.3974358974358974,0.38308457711442784,0.0,0.0,0.0,0.6421207658321061,0.0,-0.0772499034376207,1.0,-1.0,0.0,0.0,0.0,0.0,0.0,-4.0,0.0,0.0,0.2564102564102564,0.5,0.0,0.5010351966873706,0.0,0.0,0.0,0.0,0.38235294117647056,0.0,190.0,0.0,0.0,0.0,0.1605169897852822,-0.3333333333333333,0.11965811965811966,0.0
0.0,0.0,-0.2511116600790514,-1.0,0.8,1.0,0.0,0.45652173913043476,0.0,0.0,0.0,-1.5,-1.4,0.639269406392694,-1.0,-2.0,1.0,0.0,0.0,0.6044226044226044,-0.6213675213675214,-0.1263681592039801,0.0,0.0,0.0,-0.2965144820814924,1.0782967032967032,0.3970645036693704,0.0,0.0,1.0,0.0,0.0,-1.0,0.5,0.0,-1.0,0.0,0.358974358974359,0.0,0.0,-0.037267080745341616,0.0,0.0,0.0,1.7857142857142858,0.9117647058823529,0.0,0.0,0.0,0.0,0.0,0.33896185115697297,0.6666666666666666,0.17094017094017094,0.7238923108239098
0.0,-0.15,-0.17329545454545456,0.0,-0.5,-0.6666666666666666,-0.5,-1.5869565217391304,0.24324324324324326,0.0,0.0,-1.0,-1.0,0.0,0.0,0.0,0.0,1.0,0.0,0.9835029835029835,-0.4948717948717949,0.5582089552238806,0.5,0.0,0.0,0.3632793323514973,1.2747252747252746,1.1371185786017768,2.0,0.0,2.0,1.0,1.0,0.0,1.5,0.0,-1.0,1.25,0.0,-0.5,-2.0,-1.9875776397515528,-2.0,-2.0,-2.0,0.0,0.6617647058823529,0.0,0.0,0.0,-4.0,0.0,0.3142241678827045,2.0,0.9984917043740573,0.0
0.0,-0.25,0.18737648221343872,0.0,-0.4,0.0,0.0,0.6956521739130435,0.32432432432432434,0.0,0.0,0.0,0.0,0.0,-1.0,0.0,1.0,0.0,0.0,-0.4991224991224991,1.3854700854700854,0.6457711442786069,0.0,0.0,0.0,0.4496809032891507,0.0,-0.22865971417535727,0.0,0.0,0.0,0.0,0.0,-1.0,0.0,0.0,0.0,0.0,0.6410256410256411,-1.0,0.0,-0.34368530020703936,0.0,0.0,0.0,0.5952380952380952,-0.36764705882352944,0.0,0.0,0.0,0.0,1.0,-0.12549510110485695,-0.3333333333333333,0.15384615384615385,0.0
0.0,-1.0,-0.3622776679841897,0.0,0.8,0.0,0.0,0.43478260869565216,0.0,0.0,0.0,-0.75,-0.6,0.0,-1.0,0.0,1.0,0.0,0.0,-0.3067743067743068,0.20598290598290597,1.2189054726368158,0.0,0.0,0.0,1.0407461953853707,0.0,0.23638470451911936,1.0,0.0,0.0,-1.0,0.0,-1.0,-0.5,0.0,0.0,0.0,0.3333333333333333,0.0,0.0,0.2194616977225673,0.0,0.0,0.0,0.0,0.6470588235294118,0.0,0.0,0.0,0.0,0.0,1.6968105065666028,-0.3333333333333333,0.7461035696329814,0.0
0.0,0.45,0.18811758893280633,0.0,0.2,0.0,0.0,0.15217391304347827,-0.3783783783783784,0.0,0.0,-0.75,-0.6,0.9558599695585996,0.0,-2.0,0.0,0.0,0.0,0.33906633906633904,-0.8162393162393162,1.382089552238806,1.0,0.0,0.0,1.1762395679921454,0.0,0.3429895712630359,1.0,0.0,0.0,0.0,0.0,0.0,0.5,0.0,0.0,0.0,0.0,0.5,0.0,0.546583850931677,0.0,0.0,0.0,2.2857142857142856,1.5588235294117647,0.0,0.0,0.0,0.0,0.0,0.2514071294559099,0.3333333333333333,0.897938662644545,1.0713285210253443
0.0,0.5,1.514945652173913,-1.0,0.2,0.0,-0.5,0.08695652173913043,-0.4594594594594595,0.0,0.0,0.0,0.0,0.0,0.0,0.0,1.0,0.0,-3.0,0.5384345384345385,-0.36153846153846153,0.2676616915422886,1.0,0.0,0.0,0.07658321060382917,0.0,-0.5222093472383159,0.0,0.0,0.0,0.0,0.0,-3.0,0.0,0.0,-1.0,0.0,-0.07692307692307693,0.0,0.0,0.2484472049689441,0.0,0.0,0.0,1.0714285714285714,-0.36764705882352944,0.0,0.0,0.0,0.0,-4.0,-0.6800083385449237,0.0,-0.22825540472599296,0.0
0.0,1.15,0.6226531620553359,0.0,0.4,1.0,1.0,0.6521739130434783,0.2702702702702703,2.0,0.0,0.0,0.0,2.070015220700152,-1.0,0.0,1.0,0.0,0.0,-0.5384345384345385,1.2025641025641025,0.37711442786069654,0.0,0.0,0.0,0.28865979381443296,1.565934065934066,1.4059482425646967,0.0,0.0,1.0,1.0,0.0,-3.0,2.0,0.0,0.0,0.5,0.5897435897435898,-1.0,1.0,0.7287784679089027,0.0,0.0,0.0,0.6190476190476191,1.1029411764705883,0.0,0.0,0.0,0.0,0.0,0.1908692933083177,1.3333333333333333,1.0819507290095525,2.7530462264397997
0.0,0.5,0.10412549407114624,0.0,0.2,1.0,0.5,-0.10869565217391304,-0.7027027027027027,0.0,0.0,-1.0,-1.0,2.0821917808219177,0.0,0.0,0.0,1.0,0.0,0.23657423657423657,-0.33760683760683763,-0.3174129353233831,0.5,0.0,0.0,0.021600392734413353,1.2087912087912087,0.7941290073387408,0.0,0.0,1.0,1.0,0.0,0.0,1.5,0.0,0.0,0.0,-0.3076923076923077,0.0,0.0,0.024844720496894408,0.0,0.0,0.0,0.0,0.2647058823529412,0.0,0.0,0.0,-4.0,0.0,-0.11771245917587385,1.0,0.33283056812468576,2.5277462748215274
0.0,0.0,0.5828804347826086,0.0,-0.7,0.0,1.0,0.6086956521739131,0.1891891891891892,2.0,0.0,0.0,0.0,0.0,-1.0,0.0,1.0,0.0,-3.0,-0.5384345384345385,2.18034188034188,1.5154228855721392,0.0,0.0,0.0,1.37653411880216,0.0,0.5005793742757821,0.0,0.0,0.0,0.0,0.0,-3.0,0.5,0.0,0.0,0.0,0.5384615384615384,0.0,0.0,0.17391304347826086,0.0,0.0,0.0,1.2023809523809523,1.8529411764705883,0.0,0.0,0.0,0.0,0.0,0.5065666041275793,0.0,1.0678733031674208,0.0
0.0,-0.25,0.8714179841897233,-1.0,-0.4,1.0,0.5,0.5217391304347826,0.08108108108108109,0.0,0.0,-1.5,-1.4,1.735159817351598,0.0,0.0,1.0,0.0,0.0,-0.5384345384345385,0.8316239316239317,-0.05472636815920398,0.5,0.0,0.0,-0.18458517427589594,1.7074175824175823,1.1927385090768636,0.0,0.0,1.0,1.0,0.0,-1.0,1.0,0.0,0.0,0.5,0.4358974358974359,-1.0,0.0,0.6708074534161491,0.0,0.0,0.0,0.0,-0.36764705882352944,0.0,0.0,0.0,0.0,0.0,0.928080050031269,0.6666666666666666,0.7249874308697838,2.239623361467208
0.0,0.15,-0.13673418972332016,-1.0,1.1,0.0,1.0,0.7391304347826086,0.35135135135135137,0.0,0.0,0.0,0.0,0.0,-1.0,0.0,1.0,0.0,-3.0,-0.515970515970516,1.6623931623931625,0.9442786069651742,0.0,0.0,0.0,0.7442317133038783,0.0,0.003089996137504828,0.0,0.0,0.0,0.0,0.0,-1.0,0.5,0.0,-1.0,0.0,0.6923076923076923,-1.0,1.0,0.5383022774327122,0.0,0.0,0.0,0.5952380952380952,-0.10294117647058823,0.0,0.0,0.0,0.0,0.0,-0.2989368355222014,0.0,0.4555052790346908,0.0
0.0,0.0,-0.09350296442687747,0.0,0.0,0.0,-0.5,-0.17391304347826086,-0.7837837837837838,0.0,0.0,0.0,0.0,0.0,0.0,0.0,0.0,1.0,0.0,-0.06388206388206388,-0.6094017094017095,-0.13233830845771144,0.0,0.0,0.0,-0.3181148748159057,0.0,-0.8327539590575512,0.0,-1.0,0.0,-1.0,0.0,0.0,-0.5,0.0,-1.0,1.0,-0.38461538461538464,0.5,-1.0,-0.2111801242236025,0.0,0.0,0.0,0.0,-0.36764705882352944,0.0,0.0,0.0,-3.0,0.0,-0.7267041901188238,-0.6666666666666666,-0.6324786324786325,0.0
0.0,0.7,0.5413784584980237,-1.0,0.9,0.0,1.5,0.717391304347826,0.32432432432432434,2.0,0.0,0.0,-1.2,1.8386605783866057,-3.0,0.0,1.0,-1.0,0.0,-0.5384345384345385,2.4401709401709404,1.817910447761194,0.0,0.0,0.0,1.6062837506136476,0.0,0.6813441483198146,0.0,0.0,0.0,0.0,0.0,-3.0,1.0,0.0,0.0,0.0,0.6666666666666666,-1.0,1.0,1.2753623188405796,0.0,0.0,0.0,0.0,2.4411764705882355,0.0,0.0,0.0,0.0,0.0,0.20356472795497174,0.3333333333333333,1.3383609854198089,2.1905272609522797
0.0,-0.35,-0.24493577075098813,0.0,-0.7,0.0,0.5,0.6739130434782609,0.2702702702702703,0.0,0.0,0.0,0.0,1.278538812785388,-1.0,0.0,1.0,0.0,-3.0,-0.5103545103545104,1.7136752136752136,1.0119402985074626,0.0,0.0,0.0,0.8109965635738832,0.0,0.055619930475086905,0.0,0.0,0.0,0.0,0.0,-1.0,0.0,0.0,-1.0,0.0,0.6153846153846154,0.0,0.0,0.37267080745341613,0.0,0.0,0.0,1.1428571428571428,0.16176470588235295,0.0,0.0,0.0,0.0,0.0,0.41150719199499664,-0.3333333333333333,0.5238813474107592,1.3516341425578995
0.0,12.15,4.489006916996048,-0.6666666666666666,0.0,0.0,0.5,-0.2826086956521739,0.35135135135135137,-1.0,4.0,0.25,0.2,0.0,0.0,0.0,0.0,0.0,-2.0,0.05826605826605827,-0.5427350427350427,-0.808955223880597,0.0,0.0,0.0,1.928325969563083,0.0,0.9347238315952106,1.0,0.0,0.0,1.0,0.0,-1.0,1.5,0.0,0.0,0.0,-0.5128205128205128,0.0,0.0,0.10351966873706005,0.0,0.0,0.0,0.0,-0.36764705882352944,0.0,0.0,0.0,0.0,0.0,0.05934264470849828,1.0,0.17596782302664657,0.0
0.0,-0.9,-0.9025444664031621,-1.0,-0.9,0.0,-1.0,-1.0217391304347827,-1.1081081081081081,0.0,0.0,-1.0,-1.0,0.6575342465753424,0.0,-2.0,1.0,-0.5,-1.0,-0.5384345384345385,0.2094017094017094,-0.7791044776119403,0.5,0.0,0.0,-0.667648502700049,0.0,-1.1077636152954808,0.0,-1.0,0.0,-2.0,0.0,0.0,-0.5,0.0,-1.0,1.0,-0.6923076923076923,0.5,0.0,0.19875776397515527,0.0,0.0,0.0,0.0,-0.36764705882352944,32.0,0.0,0.0,0.0,0.0,-1.350093808630393,-1.0,-1.1382604323780794,0.49054435879796476
0.0,-0.15,0.14933300395256918,0.0,0.8,0.0,0.5,0.6521739130434783,0.24324324324324326,0.0,0.0,0.0,0.0,0.0,-1.0,0.0,1.0,0.0,0.0,0.6310986310986311,-0.2299145299145299,0.36716417910447763,0.0,0.0,0.0,0.22189494354442807,0.0,-0.4078794901506373,1.0,0.0,0.0,-1.0,0.0,-1.0,-0.5,0.0,-1.0,0.0,0.5897435897435898,0.0,0.0,0.3105590062111801,0.0,0.0,0.0,0.0,0.23529411764705882,0.0,0.0,0.0,0.0,0.0,0.2363977485928704,-0.3333333333333333,-0.1035696329813977,0.0
0.0,0.25,0.04854249011857707,0.0,0.9,1.0,0.5,0.6956521739130435,0.2972972972972973,0.0,0.0,0.0,0.0,0.0,-1.0,0.0,1.0,0.0,-1.0,-0.05967005967005967,0.5034188034188034,0.2417910447761194,0.0,0.0,0.0,0.051055473735886106,1.1785714285714286,0.7833140208574739,0.0,0.0,1.0,0.0,0.0,-1.0,1.0,0.0,0.0,0.0,0.6410256410256411,0.0,0.0,0.865424430641822,0.0,0.0,0.0,0.0,0.3382352941176471,0.0,0.0,0.0,0.0,0.0,0.3480300187617259,0.6666666666666666,0.6083459024635495,0.0
0.0,0.15,-0.17749505928853754,0.0,-0.7,1.0,0.5,0.717391304347826,0.32432432432432434,0.0,0.0,0.0,0.0,0.0,-1.0,0.0,1.0,0.0,-1.0,0.11302211302211303,0.7683760683760684,0.7950248756218905,0.0,0.0,0.0,0.5969563082965145,0.7843406593406593,0.7694090382387022,0.0,0.0,1.0,0.0,0.0,-1.0,0.5,0.0,-1.0,0.0,0.6666666666666666,0.0,1.0,1.6066252587991718,0.0,0.0,0.0,0.0,0.9558823529411765,0.0,0.0,0.0,0.0,1.0,0.9418386491557217,0.3333333333333333,0.8788335847159376,0.0
0.0,0.5,3.609560276679842,0.0,-0.8,1.0,0.5,-0.717391304347826,-1.1891891891891893,0.0,0.0,-1.0,-1.0,0.0,0.0,-2.0,0.0,1.0,-1.0,-0.5384345384345385,0.9478632478632478,0.08059701492537313,0.0,0.0,0.0,0.23564064801178203,1.6428571428571428,1.4507531865585168,0.0,0.0,0.0,1.0,0.0,0.0,2.0,0.0,1.0,0.0,-1.0256410256410255,0.5,-1.0,-0.5424430641821946,0.0,0.0,0.0,0.3333333333333333,-0.36764705882352944,318.0,0.0,0.0,0.0,0.0,0.2416510318949344,1.0,0.9612870789341378,0.0
0.0,-0.75,0.7810029644268774,-1.0,-0.1,0.0,0.0,0.06521739130434782,-0.4864864864864865,0.0,0.0,-0.75,-0.6,0.0,0.0,0.0,0.0,1.0,-2.0,0.7757107757107757,-0.13931623931623932,1.4656716417910447,1.0,0.0,0.0,1.258713794796269,0.0,0.4078794901506373,0.0,0.0,0.0,1.0,1.0,0.0,1.0,0.0,-1.0,0.0,-0.10256410256410256,0.5,0.0,0.38923395445134573,0.0,0.0,0.0,0.23809523809523808,-0.36764705882352944,0.0,0.0,0.0,0.0,0.0,-0.18386491557223253,0.3333333333333333,0.9824032176973353,0.0
0.0,-0.25,-0.1787302371541502,-1.0,-0.4,1.0,0.5,0.5652173913043478,0.13513513513513514,0.0,0.0,0.0,0.0,1.8143074581430745,-1.0,0.0,1.0,0.0,0.0,0.5454545454545454,-0.44017094017094016,0.0009950248756218905,0.0,0.0,0.0,-0.12763868433971526,1.4258241758241759,0.9208188489764387,1.0,0.0,1.0,0.0,0.0,-1.0,1.0,0.0,0.0,0.5,0.48717948717948717,0.0,0.0,-0.37267080745341613,0.0,0.0,0.0,0.0,-0.36764705882352944,0.0,0.0,0.0,-4.0,0.0,0.5428392745465913,1.0,0.5761689291101055,2.2477298009902933
0.0,-1.4,-0.43663537549407117,-1.0,-0.5,0.0,-1.0,0.08695652173913043,-0.4594594594594595,0.0,0.0,-1.0,-1.0,0.0,0.0,0.0,1.0,0.0,-2.0,1.4833274833274834,-0.8162393162393162,0.8925373134328358,1.0,0.0,0.0,0.6931762395679921,0.0,-0.03707995365005794,2.0,0.0,0.0,1.0,1.0,0.0,1.0,0.0,-1.0,1.25,0.0,-0.5,-2.0,-1.9875776397515528,-2.0,-2.0,-2.0,1.9107142857142858,-0.36764705882352944,0.0,0.0,0.0,0.0,-4.0,-0.814258911819887,1.0,0.4032176973353444,0.0
0.0,1.5,3.8343626482213438,0.0,-0.1,0.0,-0.5,-0.13043478260869565,-0.7297297297297297,0.0,0.0,-1.5,-0.6,0.0,0.0,0.0,0.0,1.0,-3.0,-0.5384345384345385,1.9735042735042736,1.2746268656716417,1.0,0.0,0.0,1.0702012763868434,0.0,0.25955967555040554,0.0,0.0,0.0,1.0,1.0,0.0,1.0,0.0,-1.0,0.0,-0.3333333333333333,0.5,0.0,0.39751552795031053,0.0,0.0,-1.0,0.0,-0.36764705882352944,0.0,0.0,0.0,0.0,0.0,-0.393996247654784,0.3333333333333333,0.7893413775766717,0.0
0.0,0.75,1.2096096837944663,-1.0,1.1,1.6666666666666667,0.0,-0.32608695652173914,-0.972972972972973,0.0,0.0,-1.5,-1.4,3.293759512937595,0.0,0.0,0.0,1.0,0.0,-0.3825903825903826,-0.2111111111111111,-0.34328358208955223,0.5,0.0,-4.0,0.5046637211585665,0.0,-0.1853997682502897,0.0,-1.0,0.0,0.0,0.0,-1.0,0.5,0.0,0.0,0.25,-0.5641025641025641,0.0,0.0,0.18633540372670807,0.0,0.0,0.0,0.0,1.3676470588235294,0.0,233.0,0.0,0.0,-4.0,-0.6041275797373354,0.0,-0.3177476118652589,3.296029794201356
1.0,1.4,-0.16267292490118576,0.0,0.5,-0.6666666666666666,-0.5,-1.8043478260869565,0.05405405405405406,2.0,0.0,0.0,0.0,0.0,0.0,0.0,-1.0,1.0,0.0,0.9891189891189891,-0.8162393162393162,0.19203980099502488,1.0,0.0,0.0,0.19833087874324987,0.7706043956043956,0.6257242178447276,0.0,-1.0,0.0,-1.0,0.0,0.0,0.5,0.0,-1.0,1.0,-0.4358974358974359,0.5,0.0,-0.09937888198757763,0.0,0.0,0.0,0.2857142857142857,-0.36764705882352944,244.0,0.0,0.0,-1.0,0.0,0.7091932457786112,-0.3333333333333333,0.4806435394670689,0.0
0.0,0.0,-0.32497529644268774,0.0,0.0,1.6666666666666667,-0.5,-0.30434782608695654,-0.9459459459459459,0.0,0.0,-1.5,-1.4,0.7792998477929984,0.0,-2.0,0.0,1.0,-3.0,0.5117585117585117,-0.6418803418803419,0.3034825870646766,1.0,0.0,0.0,0.11192930780559647,0.0,-0.4943993820007725,1.0,-1.0,0.0,0.0,0.0,0.0,0.0,0.0,0.0,0.0,-0.5384615384615384,0.0,-1.0,1.308488612836439,0.0,0.0,0.0,0.5119047619047619,-0.36764705882352944,0.0,0.0,0.0,0.0,0.0,-0.6274755055242858,-0.3333333333333333,-0.19205630970336854,0.7194774905538521
0.0,0.75,1.2493824110671936,0.0,1.1,0.0,1.0,0.6304347826086957,0.24324324324324326,2.0,0.0,0.0,0.0,1.4368340943683409,-1.0,0.0,1.0,0.0,-3.0,1.2867672867672868,-0.2760683760683761,1.2427860696517412,0.0,0.0,0.0,1.0643102601865488,0.0,0.2549246813441483,1.0,0.0,0.0,0.0,0.0,-1.0,1.5,0.0,0.0,0.0,0.5641025641025641,-1.0,1.0,1.3581780538302277,0.0,0.0,0.0,0.0,3.338235294117647,0.0,0.0,0.0,0.0,0.0,-0.7967479674796744,1.0,0.7702362996480644,1.5829484592280403
0.0,-0.25,1.118453557312253,-1.0,-0.7,1.0,0.5,0.6304347826086957,0.21621621621621623,0.0,0.0,0.0,0.0,0.8767123287671232,-1.0,0.0,1.0,0.0,1.0,-0.5384345384345385,0.7837606837606838,-0.11044776119402985,0.0,0.0,0.0,-0.2965144820814924,1.1538461538461537,0.4820393974507532,0.0,0.0,1.0,0.0,0.0,-1.0,0.5,0.0,0.0,0.0,0.5641025641025641,0.0,0.0,-0.024844720496894408,0.0,0.0,0.0,0.8571428571428571,1.0441176470588236,0.0,0.0,0.0,0.0,0.0,0.47654784240150083,0.3333333333333333,0.2342885872297637,1.008505340083265
0.0,0.4,-0.029273715415019764,0.0,0.2,0.0,0.0,-0.021739130434782608,0.32432432432432434,2.0,0.0,-0.75,-0.6,0.0,0.0,0.0,0.0,1.0,0.0,0.8402948402948403,-0.5102564102564102,0.3373134328358209,1.0,0.0,0.0,0.5773195876288659,0.0,-0.12823483970645036,1.0,-1.0,1.0,0.0,0.0,-1.0,-0.5,0.0,0.0,0.0,-0.20512820512820512,0.0,0.0,0.8115942028985508,0.0,0.0,0.0,0.0,-0.36764705882352944,0.0,0.0,0.0,0.0,0.0,0.8702939337085671,-0.3333333333333333,0.06334841628959276,0.0
0.0,-0.5,-0.5628705533596838,0.0,0.0,0.0,-0.5,-0.5,0.21621621621621623,0.0,0.0,0.0,0.0,0.0,0.0,0.0,0.0,1.0,0.0,0.020358020358020357,-0.2743589743589744,-0.2537313432835821,0.5,0.0,0.0,-0.4378988708885616,0.0,-0.9269988412514485,1.0,-1.0,0.0,0.0,0.0,-1.0,-0.5,0.0,-1.0,1.0,0.0,0.0,0.0,0.9937888198757764,0.0,0.0,0.0,1.1547619047619047,-0.36764705882352944,0.0,0.0,0.0,0.0,0.0,-0.9403377110694177,-0.6666666666666666,-0.7551533433886375,0.0
-1.0,-0.5,-0.414649209486166,0.0,0.8,0.0,-0.5,-0.17391304347826086,-0.7837837837837838,0.0,0.0,0.0,0.0,0.0,0.0,0.0,0.0,1.0,0.0,0.36153036153036155,-0.4965811965811966,-0.3253731343283582,0.5,0.0,0.0,-0.23956799214531174,0.0,-0.7709540363074546,1.0,-1.0,0.0,0.0,0.0,0.0,0.0,0.0,-1.0,1.0,-0.02564102564102564,0.5,-1.0,-0.7453416149068323,0.0,0.0,0.0,2.505952380952381,-0.36764705882352944,0.0,0.0,0.0,-2.0,-4.0,-1.1498853450072954,-0.3333333333333333,-0.6897938662644545,0.0
0.0,-0.5,-0.5628705533596838,0.0,-0.7,1.3333333333333333,-0.5,-0.021739130434782608,0.24324324324324326,0.0,0.0,0.5,-1.4,0.0,0.0,-2.0,0.0,0.0,-3.0,0.3882063882063882,-0.6316239316239316,-0.44477611940298506,0.5,0.0,0.0,-0.6264113892979872,0.0,-1.0753186558516803,0.0,-1.0,0.0,-1.0,0.0,0.0,-0.5,0.0,-1.0,1.0,-0.15384615384615385,-1.0,-1.0,-0.34782608695652173,0.0,0.0,0.0,1.1428571428571428,-0.36764705882352944,0.0,0.0,0.0,-2.0,0.0,-1.2765478424015002,-0.6666666666666666,-0.9482151835093011,0.0
0.0,0.15,0.3943922924901186,-1.0,-0.1,1.0,-0.5,-0.08695652173913043,-0.6756756756756757,0.0,0.0,-1.5,-1.4,1.4124809741248097,0.0,0.0,0.0,1.0,-3.0,0.25061425061425063,-0.7666666666666667,-0.4129353233830846,0.0,0.0,0.0,0.15905743740795286,1.098901098901099,0.7786790266512167,0.0,0.0,1.0,1.0,0.0,0.0,0.5,-3.0,0.0,0.0,-0.28205128205128205,0.0,0.0,0.2070393374741201,0.0,0.0,0.0,1.8154761904761905,2.411764705882353,0.0,0.0,0.0,-2.0,0.0,0.9568480300187616,0.6666666666666666,0.27450980392156865,1.7103884741748114
0.0,-1.75,-0.019392292490118576,-1.0,-0.5,1.3333333333333333,0.0,0.043478260869565216,-0.5135135135135135,-1.0,4.0,0.5,-0.6,1.5220700152207,0.0,0.0,0.0,0.0,-2.0,0.7883467883467884,-0.8162393162393162,-0.09253731343283582,1.0,0.0,0.0,-0.21011291114383898,0.0,-0.7477790652761684,0.0,0.0,0.0,1.0,-1.0,0.0,-1.0,0.0,-1.0,1.25,0.0,-0.5,-2.0,-1.9875776397515528,-2.0,-2.0,0.0,0.0,-0.36764705882352944,0.0,0.0,0.0,0.0,-3.0,0.32395247029393354,-0.3333333333333333,-0.5570638511814983,1.300610560086154
-1.0,0.6,-0.5786808300395256,-1.0,-0.6,1.0,0.0,-0.5869565217391305,-1.1891891891891893,0.0,0.0,-1.0,-1.0,2.5753424657534247,0.0,0.0,0.0,0.0,0.0,0.14110214110214112,0.029914529914529916,-0.024875621890547265,1.0,-1.0,-3.0,-0.21207658321060383,1.3447802197802199,0.7632290459636926,0.0,0.0,0.0,1.0,1.0,0.0,1.0,0.0,-1.0,0.0,-0.8717948717948718,0.5,0.0,0.049689440993788817,0.0,0.0,0.0,0.0,-0.36764705882352944,0.0,0.0,0.0,0.0,0.0,0.3195747342088804,0.3333333333333333,0.4605329311211664,3.110576885479697
1.0,-2.3,-2.020380434782609,0.0,-1.1,1.0,0.0,0.15217391304347827,-0.3783783783783784,0.0,0.0,-1.0,-1.0,0.0,0.0,0.0,0.0,0.0,0.0,-0.1382941382941383,-0.34444444444444444,-0.8567164179104477,1.0,0.0,0.0,-1.0328915071183113,0.9175824175824175,-0.3630745461568173,0.0,-1.0,1.0,-1.0,0.0,0.0,-0.5,0.0,0.0,0.0,0.0,-1.0,0.0,-0.07453416149068323,0.0,0.0,0.0,0.8928571428571429,-0.36764705882352944,0.0,0.0,0.0,-4.0,0.0,0.3379612257661038,-0.6666666666666666,-0.6928104575163399,0.0
0.0,0.0,-0.5085227272727273,0.0,0.7,0.0,-0.5,-0.2391304347826087,-0.8648648648648649,2.0,0.0,-1.0,-1.0,0.0,0.0,0.0,0.0,1.0,0.0,0.04703404703404703,0.2777777777777778,0.13034825870646766,1.0,0.0,0.0,-0.05891016200294551,0.0,-0.6288142139822325,0.0,-1.0,0.0,0.0,0.0,0.0,0.0,0.0,-1.0,1.0,-0.07692307692307693,-1.0,0.0,0.39751552795031053,0.0,0.0,0.0,0.0,-0.36764705882352944,0.0,0.0,0.0,0.0,0.0,-0.8813841984573688,-0.6666666666666666,-0.36701860231271993,0.0
0.0,-0.25,-0.25407608695652173,0.0,-0.7,0.0,0.5,0.6521739130434783,0.24324324324324326,0.0,0.0,0.0,0.0,0.0,-1.0,0.0,1.0,0.0,-1.0,0.44296244296244297,0.2743589743589744,0.6875621890547263,0.0,0.0,0.0,0.49091801669121254,0.0,-0.19621475473155658,1.0,0.0,0.0,0.0,0.0,-1.0,0.0,0.0,-1.0,0.0,0.5897435897435898,0.0,0.0,0.2111801242236025,0.0,0.0,0.0,0.0,0.20588235294117646,0.0,0.0,0.0,0.0,0.0,-0.06420679591411278,0.0,0.19607843137254902,0.0
-2.0,-2.3,-1.706151185770751,0.0,0.9,1.0,0.5,0.5652173913043478,0.13513513513513514,2.0,0.0,-1.0,-1.0,0.0,-1.0,0.0,1.0,0.0,0.0,0.3095823095823096,-0.658974358974359,-0.5880597014925373,0.0,0.0,0.0,-0.7677957781050565,0.989010989010989,-0.07415990730011587,1.0,0.0,1.0,0.0,0.0,-1.0,0.0,0.0,-1.0,1.0,0.48717948717948717,0.5,0.0,0.016563146997929608,0.0,0.0,0.0,0.0,0.27941176470588236,0.0,0.0,0.0,0.0,0.0,0.16635397123201992,0.3333333333333333,-0.3690296631473102,0.0
0.0,-1.0,-0.561141304347826,-1.0,-0.9,0.0,-0.5,-0.32608695652173914,0.3783783783783784,0.0,0.0,0.25,-0.6,0.0,0.0,-2.0,0.0,1.0,-2.0,0.43875043875043873,-0.5393162393162393,-0.2656716417910448,0.5,0.0,0.0,-0.4496809032891507,0.0,-0.936268829663963,1.0,-1.0,0.0,-1.0,0.0,0.0,-1.0,0.0,-1.0,1.25,0.0,-0.5,-2.0,-1.9875776397515528,-2.0,-2.0,0.0,0.6964285714285714,-0.36764705882352944,0.0,0.0,0.0,0.0,0.0,-0.21013133208255147,-1.0,-0.767219708396179,0.0
0.0,0.5,0.6789772727272727,-1.0,0.2,1.0,0.0,0.08695652173913043,0.02702702702702703,0.0,0.0,-1.5,-1.4,2.5814307458143073,0.0,-2.0,0.0,0.0,0.0,0.7195507195507196,-0.07435897435897436,0.6736318407960199,1.0,0.0,0.0,0.8934707903780069,1.8269230769230769,2.175357280803399,1.0,0.0,1.0,1.0,0.0,0.0,2.5,0.0,0.0,0.0,-0.07692307692307693,-1.0,0.0,0.5755693581780539,0.0,0.0,0.0,3.2738095238095237,3.7794117647058822,0.0,0.0,0.0,0.0,0.0,0.6057194837682635,2.0,1.7325289089994973,3.7761766610977143
0.0,-2.3,-1.7713685770750989,0.0,0.1,1.0,0.0,0.06521739130434782,-0.4864864864864865,0.0,0.0,-0.75,-2.2,0.0,0.0,0.0,0.0,0.0,0.0,0.24219024219024218,-0.3923076923076923,-0.373134328358209,1.0,0.0,0.0,-0.5557191948944527,1.021978021978022,0.12977983777520277,1.0,0.0,1.0,0.0,0.0,-1.0,0.5,0.0,0.0,1.0,-0.10256410256410256,0.5,0.0,-0.16563146997929606,0.0,0.0,0.0,0.2857142857142857,-0.36764705882352944,0.0,0.0,0.0,0.0,0.0,-0.09380863039399627,0.6666666666666666,-0.12770236299648063,0.0
0.0,2.6,0.6038784584980237,-1.0,-0.7,0.0,1.5,0.7391304347826086,0.35135135135135137,0.0,0.0,0.0,0.0,0.0,-1.0,0.0,1.0,-1.0,0.0,-0.5384345384345385,2.2606837606837606,1.608955223880597,0.0,0.0,0.0,1.4000981836033382,0.0,0.5191193511008111,0.0,0.0,0.0,-1.0,0.0,-3.0,0.5,0.0,-1.0,0.0,0.6923076923076923,-1.0,0.0,0.9192546583850931,0.0,0.0,0.0,1.7142857142857142,1.6323529411764706,0.0,0.0,0.0,0.0,0.0,0.5365853658536587,0.0,1.127199597787833,0.0
0.0,0.5,0.4539278656126482,0.0,1.1,1.0,0.5,0.6304347826086957,0.24324324324324326,0.0,0.0,0.0,0.0,0.2678843226788432,-1.0,0.0,1.0,0.0,0.0,0.33766233766233766,-0.4863247863247863,-0.3472636815920398,0.0,0.0,0.0,-0.5164457535591557,1.4697802197802199,0.6643491695635381,1.0,0.0,1.0,1.0,0.0,-1.0,1.0,0.0,0.0,0.5,0.5641025641025641,-1.0,0.0,0.12422360248447205,0.0,0.0,0.0,0.0,0.22058823529411764,0.0,0.0,0.0,0.0,0.0,0.17948717948717938,1.0,0.23328305681246858,0.3182269036715879
0.0,-0.25,0.18737648221343872,0.0,-0.4,1.0,0.0,0.6956521739130435,0.35135135135135137,0.0,0.0,0.0,0.0,0.0,-1.0,0.0,1.0,0.0,0.0,-0.5384345384345385,0.5222222222222223,-0.41492537313432837,0.0,0.0,0.0,-0.5969563082965145,0.9629120879120879,0.03089996137504828,0.0,0.0,1.0,0.0,0.0,-1.0,1.0,0.0,0.0,0.0,0.6410256410256411,-1.0,0.0,-0.36024844720496896,0.0,0.0,0.0,0.0,0.6911764705882353,0.0,0.0,0.0,0.0,1.0,-0.7179487179487175,0.6666666666666666,-0.2131724484665661,0.0
0.0,3.0,0.030014822134387352,-1.0,-0.6,-0.6666666666666666,-0.5,-0.717391304347826,-1.1891891891891893,0.0,0.0,-1.0,-1.0,0.0,-1.0,-2.0,-1.0,1.0,0.0,0.06247806247806248,-0.3034188034188034,-0.5243781094527363,0.0,0.0,0.0,-0.21796759941089838,0.45604395604395603,-0.2410196987253766,1.0,-1.0,1.0,-1.0,0.0,0.0,0.5,-3.0,1.0,1.0,-1.0256410256410255,0.5,-1.0,-0.927536231884058,0.0,0.0,0.0,0.0,0.6617647058823529,0.0,0.0,0.0,0.0,0.0,-0.6941838649155717,0.3333333333333333,-0.4454499748617396,0.0
0.0,0.15,-0.5159337944664032,-1.0,0.0,0.0,-0.5,-0.391304347826087,-1.054054054054054,2.0,0.0,0.25,0.2,0.9193302891933028,0.0,0.0,0.0,1.0,0.0,0.727974727974728,-0.4811965811965812,0.21194029850746268,1.0,0.0,0.0,0.021600392734413353,0.0,-0.5654692931633836,1.0,-1.0,0.0,0.0,0.0,0.0,0.0,0.0,-1.0,0.0,-0.6410256410256411,0.5,-1.0,-0.9109730848861284,0.0,0.0,0.0,0.0,-0.36764705882352944,0.0,0.0,0.0,0.0,0.0,-0.7617260787992491,-0.3333333333333333,-0.28456510809451985,0.8315193245506302
1.0,-1.0,-0.8778409090909091,0.0,0.5,-0.6666666666666666,-1.5,-1.3695652173913044,-1.1891891891891893,0.0,0.0,0.0,0.0,0.0,0.0,0.0,-1.0,1.0,0.0,-0.5384345384345385,0.2094017094017094,-0.7791044776119403,0.25,-1.0,0.0,-0.9563082965144821,0.5054945054945055,-0.7663190421011974,0.0,-1.0,0.0,-1.0,0.0,0.0,0.0,0.0,-1.0,1.25,0.0,-0.5,-2.0,-1.9875776397515528,-2.0,-2.0,0.0,0.0,-0.36764705882352944,0.0,0.0,0.0,-3.0,-4.0,-1.141129872837189,-0.6666666666666666,-0.9160382101558572,0.0
0.0,0.25,0.22319664031620554,0.0,0.0,1.6666666666666667,0.0,-0.32608695652173914,-0.972972972972973,2.0,0.0,-1.5,-1.4,0.639269406392694,0.0,-3.0,0.0,1.0,-2.0,0.18181818181818182,-0.688034188034188,-0.8029850746268656,1.0,0.0,0.0,0.015709376534118802,0.0,-0.5701042873696408,1.0,-1.0,0.0,-1.0,0.0,0.0,0.0,0.0,-1.0,0.0,-0.5641025641025641,0.0,-1.0,-0.8944099378881988,0.0,0.0,0.0,0.0,-0.36764705882352944,0.0,0.0,0.0,0.0,0.0,-0.7704815509693554,-0.3333333333333333,-0.8004022121669181,0.5774183588156871
0.0,-0.5,0.3264575098814229,0.0,0.0,-0.6666666666666666,-1.0,-0.5217391304347826,-1.1891891891891893,0.0,0.0,-3.0,-2.6,0.0,0.0,0.0,0.0,1.0,0.0,-0.5384345384345385,0.41452991452991456,-0.5402985074626866,1.0,-1.0,-4.0,-0.7206676485027,0.6483516483516484,-0.42023947470065665,0.0,-1.0,1.0,1.0,0.0,0.0,0.0,0.0,-1.0,1.25,0.0,-0.5,-2.0,-1.9875776397515528,-2.0,-2.0,0.0,0.0,-0.36764705882352944,0.0,0.0,0.0,0.0,-4.0,-0.48738795080258485,-0.3333333333333333,-0.5701357466063348,0.0
0.0,-1.7,-1.78125,0.0,0.4,1.0,0.5,0.6521739130434783,0.2702702702702703,0.0,0.0,0.0,0.4,0.6453576864535768,-1.0,0.0,1.0,0.0,0.0,0.2576342576342576,-0.4794871794871795,-0.4527363184079602,0.0,0.0,0.0,-0.6342660775650466,1.184065934065934,0.25028968713789107,0.0,0.0,0.0,-1.0,0.0,-1.0,0.0,0.0,-1.0,0.5,0.5897435897435898,0.0,0.0,-0.024844720496894408,0.0,0.0,0.0,0.0,0.029411764705882353,0.0,0.0,0.0,0.0,0.0,0.7792370231394617,-0.3333333333333333,-0.08949220713926596,0.7103303405907658
0.0,-0.75,-0.3919219367588933,0.0,0.8,0.0,0.0,0.13043478260869565,-0.40540540540540543,0.0,0.0,-0.75,-0.6,0.0,0.0,0.0,0.0,0.0,0.0,-0.5384345384345385,0.752991452991453,-0.14626865671641792,1.0,0.0,0.0,-0.3318605792832597,0.0,-0.8435689455388181,0.0,0.0,0.0,-1.0,0.0,0.0,-0.5,0.0,0.0,0.0,-0.02564102564102564,0.5,-1.0,-0.8944099378881988,0.0,0.0,0.0,0.16666666666666666,-0.36764705882352944,0.0,0.0,0.0,0.0,0.0,-0.7512195121951216,-0.6666666666666666,-0.6465560583207642,0.0
-2.0,1.25,0.5337203557312253,0.0,0.9,0.0,0.5,0.7391304347826086,0.3783783783783784,0.0,0.0,-1.75,-1.6,0.0,-1.0,0.0,1.0,0.0,0.0,-0.5384345384345385,1.6247863247863248,0.8686567164179104,0.0,0.0,0.0,0.6696121747668139,0.0,-0.055619930475086905,0.0,0.0,0.0,0.0,0.0,-1.0,0.0,0.0,-1.0,0.0,0.6923076923076923,-1.0,0.0,0.0,0.0,0.0,0.0,0.0,1.3970588235294117,0.0,0.0,0.0,0.0,1.0,0.20137585991244517,-0.3333333333333333,0.3790849673202614,0.0
0.0,-0.5,0.47813735177865613,-1.0,-0.9,1.0,0.5,-1.3695652173913044,-0.02702702702702703,0.0,0.0,-1.5,-1.4,0.0,0.0,-2.0,-1.0,0.0,0.0,-0.5384345384345385,0.4282051282051282,-0.5243781094527363,1.0,-1.0,0.0,0.09621993127147767,1.2129120879120878,0.8574739281575898,0.0,-1.0,0.0,0.0,0.0,-1.0,1.0,0.0,-1.0,1.0,0.4358974358974359,0.5,0.0,0.2153209109730849,0.0,0.0,0.0,3.0297619047619047,1.6176470588235294,0.0,0.0,0.0,-4.0,0.0,0.4530956848030016,0.0,0.269482151835093,0.0
-2.0,0.175,-1.686635375494071,0.0,0.9,1.0,0.5,0.5869565217391305,0.16216216216216217,0.0,0.0,-1.0,-1.0,0.0,-1.0,0.0,1.0,0.0,0.0,0.36153036153036155,-0.7615384615384615,-0.6338308457711442,0.0,0.0,0.0,-0.812960235640648,0.9739010989010989,-0.12668984163769795,1.0,0.0,1.0,0.0,0.0,-1.0,0.0,0.0,-1.0,1.0,0.5128205128205128,0.5,0.0,0.041407867494824016,0.0,0.0,0.0,0.9107142857142857,0.36764705882352944,0.0,0.0,0.0,0.0,0.0,0.06712528663748189,0.3333333333333333,-0.4263448969331322,0.0
0.0,-0.95,-0.8840167984189723,-1.0,-0.9,0.0,-1.0,-1.0869565217391304,-0.972972972972973,0.0,0.0,0.25,0.2,0.0,0.0,0.0,1.0,0.0,0.0,-0.5384345384345385,-0.0641025641025641,-1.0975124378109453,1.0,0.0,-4.0,-0.42808051055473734,0.0,-0.9192738509076863,0.0,-1.0,0.0,-1.0,0.0,-2.0,-1.0,0.0,-1.0,1.25,0.0,-0.5,-2.0,-1.9875776397515528,-2.0,-2.0,0.0,0.0,-0.36764705882352944,0.0,0.0,0.0,0.0,0.0,-0.16197623514696677,-1.3333333333333333,-1.1764705882352942,0.0
-2.0,-1.75,-1.2856966403162056,-1.0,0.9,0.0,0.5,0.717391304347826,0.35135135135135137,0.0,0.0,0.0,0.0,0.0,-1.0,0.0,1.0,0.0,0.0,1.0143910143910144,-0.5854700854700855,0.49651741293532337,0.0,0.0,0.0,0.3024054982817869,0.0,-0.34453456933178833,1.0,-1.0,1.0,-2.0,0.0,-1.0,-1.0,0.0,-1.0,0.0,0.6923076923076923,-1.0,0.0,0.36853002070393376,0.0,0.0,0.0,0.0,1.338235294117647,0.0,0.0,0.0,0.0,1.0,1.4665415884928072,-0.6666666666666666,0.0030165912518853697,0.0
0.0,-0.1,-0.007040513833992095,0.0,-0.5,0.0,-1.0,-0.41304347826086957,-1.0810810810810811,0.0,0.0,-1.0,-1.0,0.0,0.0,0.0,0.0,1.0,0.0,0.23657423657423657,-0.23162393162393163,-0.19402985074626866,0.0,0.0,0.0,-0.3789887088856161,0.0,-0.880648899188876,0.0,-1.0,0.0,0.0,0.0,0.0,-0.5,0.0,-1.0,1.0,0.48717948717948717,0.5,0.0,-0.33126293995859213,0.0,0.0,0.0,0.0,-0.36764705882352944,0.0,0.0,0.0,0.0,-4.0,-0.8352720450281419,-1.0,-0.6948215183509301,0.0
0.0,0.5,-0.1636610671936759,0.0,0.7,0.0,-0.5,-0.21739130434782608,-0.8378378378378378,0.0,0.0,0.0,0.0,0.0,0.0,0.0,1.0,1.0,0.0,0.3755703755703756,-0.01282051282051282,0.25771144278606967,1.0,0.0,0.0,0.06676485027000491,0.0,-0.529934337582078,1.0,-1.0,0.0,0.0,0.0,0.0,-0.5,0.0,-1.0,1.0,-0.4358974358974359,0.5,0.0,0.0,0.0,0.0,0.0,0.0,0.8088235294117647,0.0,0.0,0.0,-2.0,0.0,-0.040275171982489234,-0.6666666666666666,-0.2383107088989442,0.0
0.0,0.15,0.6530385375494071,-1.0,0.0,1.3333333333333333,0.5,-0.2608695652173913,0.35135135135135137,0.0,0.0,-1.75,-1.6,1.278538812785388,-3.0,0.0,0.0,1.0,-3.0,0.6788346788346789,-0.6846153846153846,-0.0945273631840796,0.5,0.0,0.0,-0.17280314187530682,0.0,-0.7184241019698725,1.0,-1.0,0.0,0.0,0.0,-3.0,0.0,0.0,-1.0,0.0,-0.48717948717948717,0.0,0.0,0.4472049689440994,0.0,0.0,0.0,0.8571428571428571,0.75,0.0,0.0,0.0,0.0,0.0,-1.0506566604127574,-0.3333333333333333,-0.538964303670186,1.1030527157160712
0.0,1.4,0.673048418972332,-1.0,0.3,1.0,1.0,0.5434782608695652,0.13513513513513514,2.0,0.0,0.0,0.0,5.936073059360731,-1.0,0.0,1.0,0.0,0.0,0.6605826605826606,-0.18205128205128204,0.4646766169154229,0.0,0.0,0.0,0.3711340206185567,1.835164835164835,1.7736577829277713,1.0,0.0,1.0,1.0,0.0,-1.0,1.0,0.0,0.0,0.0,0.46153846153846156,-1.0,1.0,0.8115942028985508,0.0,0.0,0.0,1.4880952380952381,-0.36764705882352944,0.0,0.0,0.0,0.0,0.0,1.7510944340212622,1.0,1.3655103066867773,8.28105046676741
0.0,-1.35,-1.5554594861660078,0.0,-1.2,0.0,0.5,0.7391304347826086,0.35135135135135137,0.0,0.0,0.0,0.0,0.0974124809741248,-1.0,0.0,1.0,0.0,-3.0,-0.5384345384345385,1.347863247863248,0.5462686567164179,0.0,0.0,0.0,0.35149729995090817,0.0,-0.30590961761297797,0.0,0.0,0.0,-1.0,0.0,-1.0,0.0,0.0,0.0,0.0,0.6923076923076923,-1.0,0.0,-0.38095238095238093,0.0,0.0,0.0,0.5952380952380952,-0.1323529411764706,0.0,0.0,0.0,0.0,0.0,-0.27141963727329566,-0.3333333333333333,0.053293112116641526,0.09460869779491655
0.0,0.0,0.4376235177865613,0.0,-0.7,1.0,1.0,0.6304347826086957,0.21621621621621623,0.0,0.0,-1.75,-1.6,0.0,-1.0,0.0,1.0,0.0,-1.0,-0.5384345384345385,1.111965811965812,0.2716417910447761,0.0,0.0,0.0,0.12174766813942071,1.5673076923076923,1.2761684047894941,0.0,0.0,1.0,1.0,0.0,-1.0,1.5,0.0,0.0,0.0,0.5641025641025641,0.5,0.0,1.2380952380952381,0.0,0.0,0.0,0.0,-0.36764705882352944,0.0,0.0,0.0,0.0,0.0,0.4893336112848307,1.0,0.9441930618401206,0.0
0.0,0.25,0.15970849802371542,0.0,-0.1,-0.6666666666666666,-0.5,0.08695652173913043,-0.4594594594594595,0.0,0.0,-0.75,-0.6,0.0,0.0,0.0,0.0,0.5,1.0,-0.5384345384345385,-0.8162393162393162,-1.973134328358209,1.0,0.0,0.0,0.4221894943544428,0.5934065934065934,0.4171494785631518,0.0,0.0,0.0,1.0,1.0,-1.0,1.0,0.0,-1.0,0.0,-0.07692307692307693,0.5,0.0,0.2443064182194617,0.0,0.0,0.0,0.0,-0.36764705882352944,0.0,0.0,0.0,0.0,0.0,-0.17073170731707307,0.3333333333333333,-0.7491201608848668,0.0
0.0,-0.1,0.3462203557312253,0.0,-0.5,0.0,-0.5,-0.5,-1.1891891891891893,0.0,0.0,-1.0,-1.0,0.0,0.0,0.0,0.0,1.0,0.0,0.9217269217269217,-0.6042735042735042,0.34328358208955223,1.0,-1.0,0.0,0.15120274914089346,0.0,-0.46349942062572425,1.0,-1.0,0.0,0.0,0.0,0.0,-0.5,0.0,-1.0,1.0,-0.7692307692307693,0.5,-1.0,-0.9937888198757764,0.0,0.0,0.0,0.0,0.3382352941176471,0.0,0.0,0.0,0.0,0.0,0.11031894934333972,-0.6666666666666666,-0.1518350930115636,0.0
1.0,-0.55,-1.0297677865612649,0.0,0.5,-0.6666666666666666,0.0,-1.3695652173913044,0.24324324324324326,2.0,0.0,0.0,0.0,0.0,0.0,-2.0,0.0,1.0,0.0,-0.5384345384345385,0.01282051282051282,-1.0079601990049751,0.5,0.0,0.0,-0.16887579774177713,0.8708791208791209,0.2641946697566628,0.0,-1.0,0.0,-1.0,0.0,-1.0,-0.5,0.0,-1.0,0.0,-0.7692307692307693,0.5,-1.0,-0.9316770186335404,-4.0,0.0,0.0,2.3452380952380953,-0.36764705882352944,0.0,0.0,0.0,0.0,0.0,1.7598499061913686,-1.0,-0.3609854198089492,0.0
0.0,0.65,0.1681077075098814,-1.0,0.4,0.0,1.5,0.782608695652174,0.43243243243243246,2.0,0.0,0.0,0.0,2.73972602739726,-3.0,0.0,1.0,-1.0,-3.0,1.7725517725517725,-0.33076923076923076,1.8676616915422886,0.0,0.0,0.0,1.6750122729504173,0.0,0.7354190807261491,1.0,0.0,1.0,0.0,0.0,-3.0,1.0,0.0,0.0,0.0,0.7692307692307693,-1.0,1.0,0.5217391304347826,0.0,0.0,0.0,1.0,1.0294117647058822,0.0,0.0,0.0,0.0,1.0,0.28017510944340196,1.0,1.3986928104575163,3.29387874732075
0.0,0.5,0.6342638339920948,-1.0,0.2,1.0,0.0,0.06521739130434782,-0.4864864864864865,0.0,0.0,-0.75,-0.6,1.8143074581430745,0.0,0.0,0.0,1.0,0.0,-0.3194103194103194,0.36666666666666664,-0.2855721393034826,1.0,0.0,0.0,0.06087383406971036,1.2527472527472527,0.8744689069138664,0.0,0.0,1.0,1.0,0.0,-1.0,1.0,0.0,0.0,0.0,-0.10256410256410256,-1.0,0.0,0.2939958592132505,0.0,0.0,0.0,0.0,2.926470588235294,0.0,0.0,0.0,0.0,0.0,0.477173233270794,0.6666666666666666,0.40120663650075417,2.2313028100701513
-2.0,-0.25,-0.33436264822134387,0.0,0.9,1.0,0.5,0.717391304347826,0.32432432432432434,0.0,0.0,0.0,0.0,0.0,-1.0,0.0,1.0,0.0,0.0,-0.5384345384345385,0.5,-0.4407960199004975,0.0,0.0,0.0,-0.6067746686303387,1.0961538461538463,0.17303978370027037,0.0,0.0,1.0,0.0,0.0,-1.0,0.0,0.0,-1.0,0.0,0.6666666666666666,0.0,0.0,0.5548654244306418,0.0,0.0,0.0,0.0,0.36764705882352944,0.0,0.0,0.0,0.0,1.0,0.6333124869710235,0.0,-0.13373554550025138,0.0
0.0,0.6,-0.006546442687747036,0.0,0.3,1.0,1.0,0.5217391304347826,0.10810810810810811,0.0,0.0,0.0,0.0,2.5753424657534247,-1.0,0.0,1.0,0.0,0.0,0.9694629694629695,-0.2658119658119658,0.8049751243781095,0.0,0.0,0.0,0.6283750613647521,1.353021978021978,1.4337582078022402,1.0,0.0,1.0,0.0,0.0,-1.0,0.5,0.0,0.0,0.0,0.4358974358974359,-1.0,1.0,1.6149068322981366,0.0,0.0,0.0,0.0,0.6617647058823529,0.0,0.0,0.0,0.0,0.0,2.0175109443402115,0.6666666666666666,1.3162393162393162,3.438073717499517
1.0,2.55,2.023838932806324,0.0,0.5,1.0,1.0,-1.9782608695652173,-0.21621621621621623,0.0,0.0,0.25,0.2,0.0,-1.0,-2.0,-1.0,1.0,0.0,-0.23517023517023516,0.3803418803418803,-0.15024875621890546,0.5,0.0,0.0,-0.33578792341678937,1.1346153846153846,0.4295094631131711,0.0,-1.0,1.0,1.0,0.0,-1.0,1.0,0.0,0.0,0.0,-1.4102564102564104,0.5,0.0,-0.2318840579710145,0.0,0.0,-1.0,0.0,2.1176470588235294,0.0,0.0,0.0,0.0,0.0,-0.15322076297686046,0.3333333333333333,0.17998994469582705,0.0
0.0,0.5,0.0695405138339921,0.0,0.0,1.0,0.0,-0.1956521739130435,-0.02702702702702703,2.0,0.0,0.25,0.2,2.070015220700152,0.0,0.0,0.0,1.0,-2.0,0.2141102141102141,-0.5273504273504274,-0.3373134328358209,0.5,0.0,0.0,-0.13156602847324497,1.1414835164835164,0.5979142526071842,0.0,0.0,1.0,0.0,0.0,-1.0,0.5,0.0,0.0,0.0,-0.41025641025641024,0.0,0.0,-0.16563146997929606,0.0,0.0,0.0,1.4226190476190477,0.25,0.0,0.0,0.0,-1.0,0.0,0.6641651031894933,0.3333333333333333,0.1950729009552539,2.430951844030135
0.0,-0.1,-0.15625,0.0,-0.7,1.0,0.0,0.6956521739130435,0.32432432432432434,0.0,0.0,0.0,0.0,0.0,0.0,0.0,1.0,0.0,0.0,-0.5384345384345385,0.4658119658119658,-0.48059701492537316,0.0,0.0,0.0,-0.6617574864997545,1.0302197802197801,0.055619930475086905,0.0,0.0,1.0,0.0,0.0,-1.0,0.0,0.0,-1.0,0.0,0.6410256410256411,0.0,0.0,0.34782608695652173,0.0,0.0,0.0,0.0,0.14705882352941177,0.0,0.0,0.0,0.0,1.0,0.41150719199499664,0.0,-0.2302664655605832,0.0
0.0,1.3,0.735548418972332,0.0,0.4,0.0,2.0,0.717391304347826,0.35135135135135137,2.0,0.0,-1.75,-1.6,1.400304414003044,-3.0,0.0,1.0,-1.0,-2.0,1.1070551070551071,0.08632478632478632,1.409950248756219,0.0,0.0,0.0,1.2390770741286206,0.0,0.39242950946311317,1.0,0.0,0.0,0.0,0.0,-3.0,0.5,0.0,0.0,0.0,0.717948717948718,-1.0,1.0,1.2670807453416149,0.0,0.0,0.0,1.2857142857142858,0.3382352941176471,0.0,0.0,0.0,0.0,0.0,0.331457160725453,0.3333333333333333,0.9441930618401206,1.5842862212722941
0.0,-0.95,-1.1774950592885376,-1.0,-0.9,-0.6666666666666666,-1.0,-0.5869565217391305,-1.1891891891891893,0.0,0.0,-1.0,-1.0,0.0,0.0,0.0,0.0,1.0,0.0,0.000702000702000702,-0.19572649572649573,-0.48656716417910445,1.0,0.0,0.0,-0.6146293568973982,0.6263736263736264,-0.36152954808806487,1.0,-1.0,1.0,0.0,0.0,0.0,-0.5,0.0,-1.0,1.0,-0.8717948717948718,0.5,-1.0,-0.7246376811594203,0.0,0.0,0.0,0.0,0.47058823529411764,0.0,63.0,0.0,-2.0,-4.0,0.34146341463414615,-0.3333333333333333,-0.5047762694821518,0.0
0.0,0.15,0.29162549407114624,-1.0,0.0,0.0,-0.5,-0.2608695652173913,-0.8918918918918919,2.0,0.0,0.25,0.2,0.0,0.0,0.0,0.0,1.0,0.0,0.7462267462267462,-0.5854700854700855,0.11641791044776119,1.0,0.0,0.0,-0.07265586647029947,0.0,-0.6396292004634995,1.0,-1.0,0.0,0.0,0.0,0.0,0.0,0.0,-1.0,0.0,-0.48717948717948717,0.5,-1.0,-0.463768115942029,0.0,0.0,0.0,0.0,4.323529411764706,0.0,0.0,0.0,0.0,0.0,-0.9018136335209501,-0.3333333333333333,-0.38109602815485166,0.0
0.0,0.5,0.5529891304347826,-1.0,0.2,0.0,0.0,-0.06521739130434782,-0.6486486486486487,2.0,0.0,-1.5,-1.4,3.476407914764079,0.0,0.0,0.0,1.0,0.0,-0.5384345384345385,1.6487179487179486,0.8965174129353234,1.0,0.0,0.0,0.6971035837015218,0.0,-0.03398995751255311,0.0,0.0,0.0,-1.0,0.0,0.0,0.0,0.0,0.0,0.0,-0.2564102564102564,0.0,0.0,0.5590062111801242,0.0,0.0,0.0,2.2083333333333335,-0.36764705882352944,0.0,0.0,0.0,0.0,0.0,0.2422347300396081,-0.3333333333333333,0.4072398190045249,3.6034040952670523
1.0,-0.5,0.07596343873517787,0.0,-0.3,0.0,-1.5,-1.108695652173913,-1.1891891891891893,2.0,0.0,0.25,0.2,0.0,0.0,0.0,-1.0,1.0,0.0,-0.5384345384345385,0.9051282051282051,0.030845771144278607,0.25,-1.0,0.0,-0.019636720667648502,0.0,-0.5979142526071842,0.0,-1.0,0.0,0.0,0.0,0.0,0.0,0.0,0.0,1.0,-1.4871794871794872,0.5,-1.0,-1.1180124223602483,0.0,-4.0,-1.0,0.0,1.1029411764705883,48.0,0.0,0.0,0.0,0.0,-0.8230143839899933,-0.6666666666666666,-0.39718451483157363,0.0
0.0,-0.3,-0.6710721343873518,0.0,-0.7,0.0,0.5,0.717391304347826,0.32432432432432434,0.0,0.0,0.0,0.0,0.1461187214611872,-1.0,0.0,1.0,0.0,-3.0,0.4247104247104247,0.040170940170940174,0.3890547263681592,0.0,0.0,0.0,0.23760432007854687,0.0,-0.395519505600618,1.0,0.0,0.0,-1.0,0.0,-1.0,0.0,0.0,-1.0,0.0,0.6666666666666666,0.0,0.0,0.629399585921325,0.0,0.0,0.0,0.625,0.5294117647058824,0.0,0.0,0.0,0.0,0.0,-0.4406920992286842,0.0,-0.08446455505279035,0.13862416340454622
0.0,0.2,0.17971837944664032,0.0,-0.5,0.0,-1.5,-0.45652173913043476,-1.135135135135135,-1.0,4.0,-2.5,-2.2,0.0,0.0,0.0,2.0,0.5,1.0,-0.5384345384345385,-0.8162393162393162,-1.973134328358209,0.25,-1.0,-3.0,-0.2808051055473736,0.0,-0.8033989957512553,0.0,-1.0,0.0,-1.0,0.0,-2.0,-1.0,-4.0,-1.0,1.0,-0.6153846153846154,0.5,0.0,0.19875776397515527,0.0,-4.0,0.0,0.0,-0.36764705882352944,0.0,0.0,0.0,0.0,0.0,0.16635397123201992,-1.3333333333333333,-1.5434891905480141,0.0
0.0,-0.5,-1.007534584980237,0.0,0.5,0.0,-0.5,-1.1521739130434783,-1.1891891891891893,0.0,0.0,0.25,0.2,0.0,0.0,0.0,-1.0,-0.5,0.0,-0.5384345384345385,0.36495726495726494,-0.5980099502487563,0.0,0.0,-4.0,-0.7776141384388807,0.0,-1.1942835071456162,0.0,-1.0,0.0,-1.0,0.0,-3.0,-1.0,0.0,-1.0,1.0,-1.5384615384615385,0.5,-1.0,-1.093167701863354,-4.0,0.0,-2.0,0.0,-0.07352941176470588,94.0,0.0,0.0,0.0,-4.0,-0.9412132582864284,-1.3333333333333333,-1.1030668677727502,0.0
0.0,0.25,0.6122776679841897,-1.0,0.9,0.0,1.0,0.717391304347826,0.32432432432432434,0.0,0.0,0.0,0.0,0.3226788432267884,-1.0,0.0,1.0,0.0,0.0,-0.5047385047385048,1.8333333333333333,1.1592039800995024,0.0,0.0,0.0,0.9563082965144821,0.0,0.16994978756276555,0.0,0.0,0.0,0.0,0.0,-1.0,0.5,0.0,0.0,0.0,0.6666666666666666,0.0,1.0,1.4244306418219461,0.0,0.0,0.0,0.8571428571428571,1.161764705882353,0.0,0.0,0.0,0.0,0.0,-0.028767979987492094,0.0,0.6726998491704375,0.34943987630791573
0.0,0.5,0.49938241106719367,-1.0,0.2,0.0,-0.5,0.06521739130434782,-0.4864864864864865,0.0,0.0,0.0,0.0,0.9984779299847792,0.0,0.0,0.0,1.0,0.0,-0.5384345384345385,2.0555555555555554,1.3701492537313433,0.25,0.0,0.0,1.1644575355915563,0.0,0.33371958285052145,0.0,0.0,0.0,1.0,1.0,0.0,1.0,0.0,-1.0,1.0,-0.10256410256410256,0.5,0.0,0.19875776397515527,0.0,0.0,0.0,0.0,-0.36764705882352944,0.0,0.0,0.0,0.0,0.0,-0.28893058161350826,0.3333333333333333,0.8858722976370035,1.1171017142464097
0.0,-1.35,-1.5554594861660078,0.0,-1.2,0.0,0.5,0.6956521739130435,0.32432432432432434,0.0,0.0,0.0,0.0,0.0974124809741248,-1.0,0.0,1.0,0.0,0.0,-0.515970515970516,1.4572649572649572,0.7054726368159204,0.0,0.0,0.0,0.8188512518409425,0.0,0.06179992275009656,0.0,0.0,0.0,-2.0,0.0,-1.0,0.5,0.0,0.0,0.0,0.6410256410256411,-1.0,0.0,-0.09523809523809523,0.0,0.0,0.0,0.9285714285714286,-0.36764705882352944,0.0,0.0,0.0,0.0,0.0,-0.2038774233896183,0.0,0.3730517848164907,0.10311886640467384
0.0,-0.25,-0.27013339920948615,0.0,-0.7,1.6666666666666667,-0.5,0.08695652173913043,-0.4594594594594595,0.0,0.0,-1.5,-1.4,1.339421613394216,-1.0,0.0,0.0,0.0,-3.0,0.29694629694629693,-0.14957264957264957,-0.012935323383084577,1.0,0.0,0.0,-0.20029455081001474,0.0,-0.7400540749324064,0.0,0.0,0.0,0.0,0.0,0.0,0.0,0.0,-1.0,0.0,-0.07692307692307693,0.5,-1.0,-0.629399585921325,0.0,0.0,0.0,1.25,-0.36764705882352944,0.0,0.0,0.0,0.0,0.0,-1.0915155305399202,-0.3333333333333333,-0.5118149824032177,1.1474533161824534
0.0,0.15,0.6611907114624506,-0.3333333333333333,0.0,0.0,0.0,-0.06521739130434782,-0.6486486486486487,0.0,0.0,-0.75,-0.6,0.0,0.0,0.0,0.0,0.0,0.0,1.1983151983151983,-0.09829059829059829,1.3243781094527363,0.5,0.0,0.0,1.1192930780559647,0.0,0.2981846272692159,0.0,0.0,0.0,0.0,0.0,0.0,0.5,0.0,0.0,0.0,-0.2564102564102564,0.5,0.0,0.016563146997929608,0.0,0.0,0.0,0.0,-0.36764705882352944,0.0,147.0,0.0,0.0,0.0,0.1788617886178862,0.3333333333333333,0.8396178984414279,0.0
1.0,-2.45,-1.793848814229249,0.0,-0.2,1.0,-1.0,-0.06521739130434782,-0.6486486486486487,0.0,0.0,-1.75,-1.6,0.0,0.0,0.0,0.0,1.0,0.0,-0.15514215514215515,-0.8162393162393162,-0.8865671641791045,1.0,0.0,0.0,-1.062346588119784,0.75,-0.574739281575898,0.0,-1.0,1.0,0.0,0.0,0.0,0.0,0.0,-1.0,0.0,-0.2564102564102564,0.0,-1.0,-0.8033126293995859,0.0,0.0,0.0,1.4166666666666667,-0.36764705882352944,0.0,0.0,0.0,0.0,0.0,-0.7792370231394617,-0.3333333333333333,-0.8456510809451986,0.0
0.0,-1.35,0.652050395256917,-1.0,-0.1,0.0,0.5,0.6739130434782609,0.2972972972972973,2.0,0.0,0.0,0.0,0.6575342465753424,-1.0,0.0,1.0,-1.0,-1.0,-0.5384345384345385,2.106837606837607,1.4298507462686567,0.0,0.0,0.0,1.2233676975945018,0.0,0.38006952491309387,0.0,0.0,0.0,0.0,0.0,-1.0,0.5,0.0,0.0,0.0,0.6153846153846154,-1.0,0.0,0.2898550724637681,0.0,0.0,0.0,0.5952380952380952,0.3382352941176471,0.0,180.0,0.0,0.0,0.0,0.3114446529080672,0.0,0.9462041226747109,0.742191608993551
0.0,-0.5,-0.8593132411067194,0.0,0.6,-0.6666666666666666,-0.5,-1.0217391304347827,-1.1891891891891893,0.0,0.0,0.25,0.2,0.0,0.0,-3.0,-1.0,1.0,0.0,-0.5384345384345385,0.9068376068376068,0.03283582089552239,0.0,0.0,0.0,-0.15513009327442318,0.0,0.08960988798764001,0.0,0.0,0.0,1.0,0.0,0.0,0.5,0.0,-1.0,1.25,0.0,-0.5,-2.0,-1.9875776397515528,-2.0,-2.0,-1.0,0.0,-0.36764705882352944,138.0,0.0,0.0,0.0,0.0,-0.15884928080050043,0.0,0.05128205128205128,0.0
0.0,2.25,2.9168725296442686,0.0,0.7,-0.6666666666666666,-0.5,-0.5434782608695652,-1.1891891891891893,0.0,0.0,0.25,0.2,0.0,0.0,0.0,0.0,1.0,0.0,-0.5384345384345385,0.41452991452991456,-0.5402985074626866,1.0,0.0,0.0,-0.7206676485027,0.7568681318681318,-0.2981846272692159,0.0,0.0,0.0,1.0,0.0,0.0,0.5,0.0,0.0,0.0,-0.8205128205128205,0.5,-1.0,-0.6956521739130435,0.0,0.0,0.0,0.0,-0.36764705882352944,108.0,0.0,0.0,0.0,0.0,-0.7867417135709812,0.0,-0.4906988436400201,0.0
0.0,0.25,0.08559782608695653,0.0,-0.5,0.0,-0.5,-0.17391304347826086,-0.7837837837837838,2.0,0.0,-2.75,-2.4,0.0,0.0,0.0,0.0,0.5,1.0,-0.5384345384345385,-0.8162393162393162,-1.973134328358209,1.0,-1.0,0.0,1.1330387825233186,0.0,0.3089996137504828,0.0,0.0,0.0,1.0,1.0,0.0,1.0,0.0,-1.0,1.25,0.0,-0.5,-2.0,-1.9875776397515528,-2.0,-2.0,0.0,0.0,-0.36764705882352944,0.0,0.0,0.0,0.0,0.0,-0.32395247029393354,0.3333333333333333,-0.8195072900955254,0.0
0.0,-0.75,0.27507411067193677,0.0,-0.6,1.0,0.0,-1.0869565217391304,0.05405405405405406,2.0,0.0,0.25,0.2,0.0,0.0,-2.0,1.0,1.0,0.0,-0.5384345384345385,0.2128205128205128,-0.7751243781094528,1.0,0.0,0.0,-0.36720667648502703,0.8269230769230769,0.05870992661259174,0.0,-1.0,1.0,0.0,0.0,-1.0,0.5,0.0,1.0,1.0,-1.4615384615384615,0.5,-1.0,-1.2422360248447204,0.0,0.0,0.0,0.5714285714285714,-0.36764705882352944,112.0,53.0,0.0,0.0,0.0,-0.20888055034396463,0.0,-0.3770739064856712,0.0
1.0,-0.5,-0.5628705533596838,0.0,0.5,0.0,-0.5,-1.3695652173913044,0.32432432432432434,2.0,0.0,-1.0,-0.2,0.0,0.0,0.0,-1.0,1.0,0.0,-0.19164619164619165,-0.2863247863247863,0.06069651741293532,1.0,-1.0,0.0,-0.12763868433971526,0.0,-0.682889146388567,1.0,-1.0,0.0,-1.0,0.0,0.0,-1.0,-5.0,-1.0,1.0,-0.6153846153846154,0.5,-1.0,-0.8281573498964804,0.0,0.0,0.0,0.0,0.07352941176470588,226.0,0.0,0.0,0.0,0.0,0.5078173858661661,-1.0,-0.4374057315233786,0.0
0.0,-0.5,0.5398962450592886,0.0,0.0,0.0,0.0,-0.5434782608695652,-1.1891891891891893,0.0,0.0,-1.0,-1.0,1.2541856925418569,0.0,0.0,0.0,1.0,0.0,-0.06669006669006669,0.45897435897435895,0.18009950248756218,1.0,0.0,0.0,-0.009818360333824251,0.0,-0.5901892622634222,0.0,-1.0,0.0,-1.0,0.0,0.0,-0.5,0.0,0.0,1.0,-0.8205128205128205,0.5,-1.0,-0.9937888198757764,0.0,0.0,0.0,0.0,1.5441176470588236,0.0,0.0,0.0,0.0,0.0,-0.17686053783614739,-1.0,-0.3167420814479638,1.1260951295076869
0.0,0.0,-0.2664278656126482,0.0,0.2,1.0,1.0,0.6086956521739131,0.1891891891891892,0.0,0.0,0.0,0.0,0.0,-1.0,0.0,1.0,0.0,0.0,0.36433836433836436,-0.5307692307692308,-0.3611940298507463,0.0,0.0,0.0,-0.5439371624938635,1.1744505494505495,0.3105446118192352,1.0,0.0,1.0,0.0,0.0,-1.0,0.0,0.0,-1.0,0.0,0.5384615384615384,-1.0,0.0,0.19875776397515527,0.0,0.0,0.0,0.0,0.29411764705882354,0.0,0.0,0.0,0.0,0.0,0.8930581613508438,0.3333333333333333,-0.004022121669180492,0.0
0.0,0.15,0.5939970355731226,0.0,-0.7,0.0,0.5,0.5,0.05405405405405406,2.0,0.0,0.0,0.0,1.1933028919330289,-1.0,0.0,1.0,0.0,-2.0,0.4303264303264303,0.5752136752136752,1.0199004975124377,0.0,0.0,0.0,0.8188512518409425,0.0,0.06179992275009656,1.0,0.0,0.0,0.0,0.0,-1.0,0.0,0.0,0.0,0.0,0.41025641025641024,-1.0,0.0,-0.008281573498964804,0.0,0.0,0.0,0.6845238095238095,0.6029411764705882,0.0,0.0,0.0,0.0,0.0,0.4231811548884716,0.0,0.5319255907491202,1.2632061134572545
0.0,-0.425,-0.9052618577075099,-1.0,1.0,0.0,1.0,0.2391304347826087,-0.2702702702702703,0.0,0.0,-1.5,-1.4,0.0,-1.0,0.0,0.0,0.0,-3.0,0.9161109161109161,-0.5017094017094017,0.454726368159204,0.5,0.0,0.0,0.5360824742268041,0.0,-0.16067979915025107,1.0,-1.0,0.0,-2.0,0.0,-1.0,-1.0,0.0,0.0,0.0,0.10256410256410256,0.0,0.0,0.35196687370600416,0.0,0.0,0.0,0.375,-0.36764705882352944,0.0,0.0,0.0,0.0,-4.0,1.9874921826141327,-1.0,0.10155857214680744,0.0
0.0,-0.25,0.32250494071146246,-1.0,-0.4,1.6666666666666667,0.5,0.391304347826087,-0.05405405405405406,0.0,0.0,-1.5,-1.4,0.4627092846270928,-1.0,0.0,1.0,0.0,0.0,-0.5384345384345385,-0.15982905982905982,-1.208955223880597,0.5,0.0,0.0,-0.5596465390279823,0.9203296703296703,0.012359984550019312,0.0,0.0,1.0,0.0,0.0,-1.0,0.5,0.0,0.0,0.0,0.28205128205128205,0.0,0.0,-0.32298136645962733,0.0,0.0,0.0,0.9761904761904762,-0.36764705882352944,0.0,0.0,0.0,0.0,0.0,-0.28392745465916197,0.3333333333333333,-0.6264454499748617,0.4845758058109619
0.0,-1.35,-1.5972084980237153,0.0,-1.2,0.0,0.5,0.6956521739130435,0.2972972972972973,0.0,0.0,0.0,0.0,0.882800608828006,-1.0,0.0,1.0,0.0,-2.0,-0.515970515970516,1.4846153846153847,0.7373134328358208,0.0,0.0,0.0,0.8227785959744722,0.0,0.06488991888760139,0.0,0.0,0.0,-1.0,0.0,-1.0,0.0,0.0,0.0,0.0,0.6410256410256411,-1.0,0.0,-0.16563146997929606,0.0,0.0,0.0,0.8452380952380952,-0.07352941176470588,0.0,0.0,0.0,0.0,0.0,0.42901813633520924,-0.3333333333333333,0.3911513323278029,0.9351358732396633
0.0,-0.5,-0.606348814229249,0.0,-0.5,0.0,-1.0,0.6956521739130435,0.2972972972972973,0.0,0.0,0.0,0.0,0.0,0.0,0.0,1.0,0.0,0.0,0.8992628992628993,-0.6316239316239316,0.2796019900497512,0.0,0.0,0.0,0.08836524300441827,0.0,-0.5129393588258014,1.0,-1.0,1.0,-1.0,0.0,-1.0,-0.5,0.0,-1.0,0.0,0.6410256410256411,-1.0,0.0,-0.12008281573498965,0.0,0.0,0.0,1.5,0.5735294117647058,0.0,0.0,0.0,0.0,0.0,-0.0017510944340211627,-0.3333333333333333,-0.2161890397184515,0.0
0.0,-0.3,-0.5119812252964426,0.0,-0.7,0.0,0.5,0.717391304347826,0.32432432432432434,0.0,0.0,0.0,0.0,0.5114155251141552,-1.0,0.0,1.0,0.0,-3.0,0.4219024219024219,0.0641025641025641,0.4129353233830846,0.0,0.0,0.0,0.2611683848797251,0.0,-0.37697952877558905,1.0,0.0,0.0,-1.0,0.0,-1.0,0.0,0.0,-1.0,0.0,0.6666666666666666,0.0,0.0,0.629399585921325,0.0,0.0,0.0,0.625,0.4264705882352941,0.0,0.0,0.0,0.0,1.0,-0.4056702105482589,0.0,-0.06033182503770739,0.48758847385889537
1.0,-0.9,-0.00975790513833992,0.0,0.5,-0.6666666666666666,-0.5,-0.9347826086956522,-1.1891891891891893,0.0,0.0,0.25,0.2,0.0,0.0,0.0,0.0,1.0,0.0,-0.08353808353808354,0.18888888888888888,-0.1582089552238806,0.5,0.0,-4.0,-0.3436426116838488,0.46153846153846156,-0.33371958285052145,0.0,-1.0,0.0,-1.0,0.0,0.0,0.0,0.0,-1.0,1.0,-0.5897435897435898,0.5,-1.0,-1.3250517598343685,-4.0,-4.0,0.0,0.0,-0.36764705882352944,192.0,0.0,0.0,0.0,0.0,-0.32395247029393354,-0.6666666666666666,-0.3207642031171443,0.0
0.0,-1.35,-1.5554594861660078,0.0,-1.2,0.0,0.5,0.6956521739130435,0.32432432432432434,0.0,0.0,0.0,0.0,0.0852359208523592,-1.0,0.0,1.0,0.0,0.0,-0.515970515970516,1.4572649572649572,0.7054726368159204,0.0,0.0,0.0,0.8188512518409425,0.0,0.06179992275009656,0.0,0.0,0.0,-1.0,0.0,-1.0,0.5,0.0,0.0,0.0,0.6410256410256411,-1.0,0.0,-0.17805383022774326,0.0,0.0,0.0,0.9285714285714286,-0.07352941176470588,0.0,0.0,0.0,0.0,0.0,-0.2038774233896183,0.0,0.3730517848164907,0.0902290081040896
0.0,0.75,1.4870306324110671,-1.0,1.1,0.0,1.0,0.06521739130434782,-0.4864864864864865,2.0,5.0,-0.5,-1.4,0.0,-1.0,0.0,0.0,0.0,-3.0,1.0972270972270972,-0.8162393162393162,1.1412935323383084,1.0,0.0,0.0,3.5562101129111436,0.0,2.2155272305909617,1.0,0.0,0.0,-1.0,0.0,-1.0,2.0,0.0,0.0,0.0,-0.10256410256410256,-1.0,0.0,0.7660455486542443,0.0,0.0,0.0,0.0,0.6911764705882353,174.0,0.0,0.0,0.0,-4.0,1.1084427767354592,1.3333333333333333,1.9949723479135244,0.0
0.0,0.0,-0.43935276679841895,0.0,-0.7,0.0,-0.5,-0.021739130434782608,-0.5945945945945946,0.0,0.0,0.0,0.0,0.0,0.0,0.0,0.0,1.0,0.0,-0.34468234468234465,-0.34444444444444444,-0.21791044776119403,1.0,0.0,0.0,-0.4025527736867943,0.0,-0.899188876013905,1.0,-1.0,0.0,0.0,0.0,0.0,-0.5,0.0,-1.0,1.0,0.0,0.5,0.0,-0.07867494824016563,0.0,0.0,0.0,0.5714285714285714,-0.36764705882352944,0.0,0.0,0.0,-2.0,0.0,-0.8772983114446523,-0.6666666666666666,-0.7189542483660131,0.0
0.0,0.15,-0.044095849802371544,0.0,0.0,0.0,-0.5,-0.2826086956521739,-0.918918918918919,0.0,0.0,-1.0,-1.4,1.9726027397260273,0.0,0.0,0.0,1.0,0.0,0.44015444015444016,0.15982905982905982,0.5502487562189055,1.0,0.0,0.0,0.3475699558173785,0.0,-0.3089996137504828,1.0,-1.0,0.0,0.0,0.0,0.0,0.0,0.0,1.0,0.0,-0.5128205128205128,0.5,0.0,-0.07867494824016563,0.0,0.0,0.0,0.0,-0.36764705882352944,0.0,143.0,0.0,0.0,0.0,-0.2772566187200334,-0.3333333333333333,0.053293112116641526,1.914312241426053
0.0,0.05,0.01025197628458498,-1.0,1.1,0.0,1.0,0.7391304347826086,0.3783783783783784,0.0,0.0,0.0,0.0,2.0578386605783865,-1.0,0.0,1.0,0.0,-2.0,1.5858195858195858,-0.6025641025641025,1.2865671641791045,0.0,0.0,0.0,1.0976926853215514,0.0,0.28118964851293937,1.0,0.0,0.0,0.0,0.0,-1.0,0.5,0.0,0.0,0.0,0.717948717948718,0.0,1.0,1.3250517598343685,0.0,0.0,0.0,1.1428571428571428,0.27941176470588236,0.0,0.0,0.0,0.0,1.0,0.15134459036898046,0.3333333333333333,0.8094519859225742,2.278903025962157
0.0,0.45,0.00333498023715415,0.0,0.0,-0.6666666666666666,-0.5,-0.6956521739130435,-1.1891891891891893,0.0,0.0,0.5,0.4,0.0,0.0,0.0,0.0,1.0,0.0,-0.02176202176202176,-0.20256410256410257,-0.44477611940298506,1.0,0.0,0.0,-0.23367697594501718,0.5604395604395604,-0.13595983005021245,1.0,-1.0,0.0,0.0,0.0,0.0,0.0,0.0,0.0,0.0,-1.0,0.5,-1.0,-0.9937888198757764,0.0,0.0,0.0,0.0,-0.36764705882352944,0.0,0.0,0.0,0.0,0.0,0.049614342297269264,-0.3333333333333333,-0.3368526897938663,0.0
1.0,-2.45,-1.9265069169960474,0.0,-1.0,1.0,0.0,-0.021739130434782608,-0.5945945945945946,0.0,0.0,-1.5,-1.4,1.7108066971080669,0.0,0.0,0.0,1.0,0.0,-0.09336609336609336,-0.2094017094017094,-0.6358208955223881,0.5,0.0,0.0,-0.8149239077074129,0.75,-0.38006952491309387,0.0,-1.0,1.0,0.0,0.0,0.0,0.5,0.0,-1.0,1.0,-0.20512820512820512,0.5,-1.0,-0.8944099378881988,0.0,0.0,0.0,0.0,0.04411764705882353,0.0,0.0,0.0,0.0,0.0,-0.9193245778611627,0.3333333333333333,-0.5922574157868276,1.6297620223309055
-1.0,-0.5,-0.5920207509881423,0.0,0.6,1.0,-0.5,-1.2391304347826086,0.02702702702702703,0.0,0.0,0.0,0.0,0.0,0.0,0.0,1.0,1.0,-1.0,-0.5384345384345385,0.3564102564102564,-0.6079601990049751,0.5,0.0,0.0,-0.27295041728031416,1.3461538461538463,0.7168791039011201,0.0,0.0,0.0,2.0,1.0,0.0,2.0,0.0,-1.0,1.25,0.0,-0.5,-2.0,-1.9875776397515528,-2.0,-2.0,-2.0,0.0,-0.36764705882352944,228.0,0.0,0.0,0.0,0.0,-0.5901188242651652,1.0,0.13574660633484162,0.0
0.0,1.6,1.5771986166007905,0.0,0.6,0.3333333333333333,0.5,-1.1521739130434783,-0.6486486486486487,0.0,0.0,0.25,-0.6,0.0,0.0,0.0,-1.0,1.0,0.0,0.19585819585819586,-0.3017094017094017,-0.3333333333333333,0.0,0.0,0.0,1.1782032400589102,1.370879120879121,2.499806875241406,1.0,0.0,1.0,2.0,0.0,0.0,3.0,0.0,1.0,0.25,-0.2564102564102564,-1.0,0.0,0.7950310559006211,0.0,0.0,0.0,0.8095238095238095,0.5588235294117647,0.0,0.0,0.0,0.0,0.0,0.5311653116531159,2.3333333333333335,1.4348919054801408,0.0
0.0,1.05,1.2506175889328064,-1.0,0.3,1.0,1.0,0.43478260869565216,-0.02702702702702703,0.0,0.0,-1.0,-1.0,0.0,-1.0,-2.0,1.0,0.0,0.0,0.8824148824148824,-0.258974358974359,0.6895522388059702,0.0,0.0,0.0,0.5203730976926854,1.6043956043956045,1.6315179606025492,1.0,0.0,1.0,2.0,0.0,-1.0,2.0,0.0,0.0,0.0,0.3333333333333333,0.0,1.0,1.308488612836439,0.0,0.0,0.0,1.244047619047619,0.4411764705882353,0.0,0.0,0.0,0.0,-4.0,0.4465290806754219,1.6666666666666667,1.3866264454499748,0.0
0.0,0.0,-0.33436264822134387,0.0,-0.7,0.0,0.5,0.6304347826086957,0.21621621621621623,0.0,0.0,0.0,0.0,1.796042617960426,-1.0,0.0,1.0,0.0,0.0,0.8459108459108459,0.32564102564102565,1.318407960199005,0.0,0.0,0.0,1.1134020618556701,0.0,0.29354963306295867,1.0,0.0,0.0,0.0,0.0,-1.0,0.0,0.0,-1.0,0.0,0.5641025641025641,0.5,1.0,1.7391304347826086,0.0,0.0,0.0,0.0,1.6323529411764706,0.0,0.0,0.0,0.0,0.0,0.8609547633937876,0.0,0.8335847159376572,1.993811046971297
0.0,-1.0,-0.7839673913043478,0.0,-0.6,0.0,-0.5,-0.7608695652173914,-1.1891891891891893,0.0,0.0,-1.0,-1.0,0.0,0.0,-2.0,1.0,-0.5,0.0,-0.5384345384345385,0.7564102564102564,-0.14228855721393036,0.0,0.0,0.0,-0.2611683848797251,0.0,-0.7879490150637312,0.0,-1.0,0.0,-1.0,0.0,-2.0,-0.5,0.0,0.0,0.25,-1.0769230769230769,0.5,-1.0,-0.9937888198757764,-4.0,0.0,0.0,0.0,-0.36764705882352944,0.0,0.0,0.0,-2.0,0.0,-0.6251407129455905,-1.0,-0.6083459024635495,0.0
0.0,-0.225,0.49938241106719367,-1.0,-0.5,0.0,-1.0,-0.34782608695652173,-1.0,0.0,0.0,0.25,0.2,0.0,0.0,-2.0,2.0,0.5,1.0,-0.5384345384345385,-0.8162393162393162,-1.973134328358209,0.0,-1.0,0.0,-0.47520864015709374,0.0,-0.9563538045577443,0.0,-1.0,0.0,0.0,0.0,0.0,-0.5,0.0,-1.0,1.0,-0.5897435897435898,0.5,-1.0,-0.7867494824016563,0.0,0.0,-2.0,1.1071428571428572,-0.36764705882352944,0.0,0.0,0.0,0.0,0.0,-1.0068792995622258,-1.0,-1.6430367018602312,0.0
0.0,0.95,0.8447381422924901,-1.0,1.1,0.0,1.5,0.7391304347826086,0.3783783783783784,2.0,0.0,0.0,0.0,0.426179604261796,-1.0,0.0,1.0,-1.0,-2.0,0.8964548964548964,0.20598290598290597,1.2507462686567163,0.0,0.0,0.0,1.0466372115856653,0.0,0.2410196987253766,1.0,0.0,0.0,-1.0,0.0,-3.0,0.0,0.0,0.0,0.0,0.717948717948718,-1.0,1.0,1.7888198757763976,0.0,0.0,0.0,1.3571428571428572,-0.36764705882352944,0.0,0.0,0.0,0.0,0.0,0.7617260787992491,0.0,0.7652086475615887,0.4682198016310154
0.0,0.0,-0.05891798418972332,0.0,-0.7,1.0,1.0,0.6086956521739131,0.21621621621621623,0.0,0.0,0.0,0.0,2.410958904109589,-1.0,0.0,1.0,0.0,0.0,-0.5384345384345385,0.9871794871794872,0.1263681592039801,0.0,0.0,0.0,-0.06283750613647521,1.6593406593406594,1.2344534569331789,0.0,0.0,1.0,0.0,0.0,-1.0,0.5,0.0,0.0,0.5,0.5384615384615384,-1.0,0.0,1.7598343685300206,0.0,0.0,0.0,0.0,0.29411764705882354,0.0,189.0,0.0,0.0,0.0,1.6948092557848644,0.3333333333333333,0.8436400201106083,3.1306296366552986
1.0,-2.45,-1.9628211462450593,0.0,-0.2,1.0,-1.0,-0.06521739130434782,0.3783783783783784,0.0,0.0,-1.75,-1.6,0.0,0.0,0.0,0.0,1.0,0.0,-0.5384345384345385,0.1170940170940171,-0.8865671641791045,1.0,0.0,0.0,-0.5675012272950417,0.75,-0.1853997682502897,0.0,-1.0,1.0,0.0,0.0,0.0,0.0,0.0,0.0,1.25,0.0,-0.5,-2.0,-1.9875776397515528,-2.0,-2.0,0.0,0.0,-0.36764705882352944,0.0,0.0,0.0,0.0,0.0,-0.043777360850531556,-0.3333333333333333,-0.5922574157868276,0.0
1.0,-2.45,-1.976655138339921,0.0,-0.2,1.3333333333333333,-1.0,-0.06521739130434782,-0.6486486486486487,0.0,0.0,-1.75,-1.6,0.0,0.0,0.0,0.0,0.0,-3.0,0.1762021762021762,-0.6094017094017095,-0.7194029850746269,1.0,0.0,0.0,-0.8973981345115366,0.0,-1.2885283893395134,1.0,-1.0,0.0,-2.0,0.0,0.0,-1.5,0.0,-1.0,0.0,-0.2564102564102564,0.5,-1.0,-0.8033126293995859,0.0,0.0,0.0,0.0,-0.36764705882352944,0.0,0.0,0.0,0.0,0.0,-0.28893058161350826,-1.3333333333333333,-1.2257415786827552,0.0
0.0,0.9,0.9008152173913043,0.0,0.7,0.0,-0.5,-0.34782608695652173,0.16216216216216217,0.0,0.0,0.25,0.2,0.4079147640791476,0.0,0.0,0.0,1.0,0.0,-0.30256230256230254,-0.33076923076923076,0.2835820895522388,0.0,0.0,0.0,1.4059891998036327,0.0,0.5237543453070683,1.0,0.0,0.0,0.0,0.0,0.0,1.0,-6.0,0.0,0.0,-0.5897435897435898,0.0,0.0,0.016563146997929608,0.0,0.0,0.0,0.0,-0.36764705882352944,0.0,0.0,0.0,-4.0,0.0,-0.019699812382739202,0.6666666666666666,0.4605329311211664,0.4727884902988125
0.0,0.5,-0.08609189723320158,0.0,0.2,1.0,0.0,-0.15217391304347827,0.16216216216216217,2.0,0.0,-1.5,-1.4,1.5342465753424657,0.0,0.0,0.0,1.0,0.0,0.023166023166023165,-0.24188034188034188,-0.38109452736318405,0.5,0.0,0.0,-0.563573883161512,1.1428571428571428,0.25955967555040554,0.0,-1.0,1.0,1.0,0.0,-1.0,0.5,0.0,-1.0,0.0,-0.358974358974359,0.5,0.0,0.016563146997929608,0.0,0.0,0.0,0.0,0.22058823529411764,0.0,0.0,0.0,0.0,0.0,0.11632270168855521,0.3333333333333333,-0.04725992961287079,1.6918226981985558
0.0,-1.8,-1.0122282608695652,-1.0,0.4,0.0,0.0,0.6956521739130435,0.2972972972972973,0.0,0.0,0.0,0.0,0.821917808219178,-1.0,0.0,1.0,0.0,-3.0,0.7251667251667252,-0.12222222222222222,0.6258706467661691,0.0,0.0,0.0,0.43004418262150224,0.0,-0.24410969486288142,1.0,0.0,0.0,-2.0,0.0,-1.0,-0.5,0.0,0.0,0.0,0.6410256410256411,0.0,0.0,0.5962732919254659,0.0,0.0,0.0,1.0119047619047619,0.5588235294117647,0.0,0.0,0.0,0.0,0.0,0.6076297686053778,-0.3333333333333333,0.13373554550025138,0.8107735763629745
0.0,0.8,0.5831274703557312,0.0,0.8,1.0,0.5,0.3695652173913043,-0.10810810810810811,2.0,0.0,-1.5,-1.4,0.6027397260273972,0.0,0.0,1.0,0.0,0.0,0.9849069849069849,-0.14957264957264957,0.9621890547263682,0.0,0.0,0.0,0.8738340697103584,1.0947802197802199,1.336423329470838,1.0,0.0,1.0,1.0,0.0,-1.0,2.0,0.0,0.0,0.0,0.2564102564102564,0.5,0.0,0.14078674948240166,0.0,0.0,0.0,1.1428571428571428,1.411764705882353,0.0,0.0,0.0,0.0,0.0,0.11207004377736089,1.6666666666666667,1.3323278029160381,0.793988419541206
0.0,0.5,0.030014822134387352,0.0,0.2,0.0,1.0,0.17391304347826086,-0.35135135135135137,2.0,6.0,-2.25,-2.0,0.0,-1.0,0.0,1.0,0.0,0.0,1.0115830115830116,1.6111111111111112,3.0497512437810945,1.0,0.0,0.0,2.82179675994109,0.0,1.6376979528775588,1.0,0.0,1.0,1.0,0.0,-1.0,1.5,0.0,0.0,0.0,0.02564102564102564,-1.0,0.0,0.2567287784679089,0.0,0.0,0.0,2.8214285714285716,1.3970588235294117,0.0,0.0,0.0,-2.0,0.0,0.9446181641303589,1.3333333333333333,2.5832076420311716,0.0
0.0,-0.225,1.0379199604743083,-1.0,-0.5,0.0,-1.5,-0.391304347826087,-1.054054054054054,2.0,0.0,-2.25,0.2,0.0,0.0,0.0,2.0,0.5,1.0,-0.5384345384345385,-0.8162393162393162,-1.973134328358209,0.0,0.0,-4.0,1.2685321551300932,0.0,0.4156044804943994,0.0,0.0,0.0,1.0,0.0,0.0,1.0,-3.0,0.0,0.0,-0.6410256410256411,0.5,0.0,-0.11594202898550725,0.0,0.0,0.0,0.0,-0.36764705882352944,0.0,0.0,0.0,0.0,0.0,-0.17292057535959965,0.3333333333333333,-0.7501256913021619,0.0
0.0,0.75,1.6248764822134387,-1.0,1.0,1.0,1.5,0.6956521739130435,0.32432432432432434,2.0,0.0,-1.75,-1.6,1.2663622526636225,-1.0,0.0,1.0,-1.0,-3.0,-0.20147420147420148,2.1786324786324784,1.991044776119403,0.0,0.0,0.0,1.7771232204221894,1.2032967032967032,2.1691772885283895,0.0,1.0,1.0,1.0,0.0,-3.0,2.5,0.0,0.0,0.5,0.6410256410256411,-1.0,1.0,0.9772256728778468,0.0,0.0,0.0,1.2738095238095237,1.2205882352941178,0.0,0.0,0.0,0.0,1.0,0.5993518676445506,2.0,2.394167923579688,1.8511735562133502
0.0,-0.65,-0.05768280632411067,-0.6666666666666666,-0.7,0.0,-0.5,0.45652173913043476,0.02702702702702703,0.0,0.0,0.0,0.0,0.0,0.0,0.0,1.0,0.0,0.0,0.4247104247104247,-0.2965811965811966,-0.0029850746268656717,0.0,0.0,0.0,-0.19047619047619047,0.0,-0.7323290845886443,0.0,-1.0,0.0,0.0,0.0,0.0,-0.5,0.0,-1.0,1.0,0.41025641025641024,0.5,0.0,0.7950310559006211,0.0,0.0,0.0,0.0,-0.36764705882352944,0.0,0.0,0.0,0.0,0.0,-0.49906191369605973,-0.6666666666666666,-0.5017596782302665,0.0
0.0,1.5,3.0314970355731226,0.0,-0.1,0.0,-0.5,-0.2826086956521739,0.32432432432432434,2.0,0.0,-1.5,-1.4,0.45662100456621,0.0,-3.0,2.0,0.5,1.0,-0.5384345384345385,-0.8162393162393162,-1.973134328358209,1.0,0.0,0.0,1.3431516936671575,0.0,0.47431440710699113,0.0,-1.0,0.0,0.0,0.0,0.0,1.5,-4.0,0.0,0.0,-0.5128205128205128,0.5,0.0,-0.5962732919254659,0.0,0.0,0.0,0.0,-0.36764705882352944,0.0,0.0,0.0,-4.0,0.0,-0.5204641790007641,0.3333333333333333,-0.7119155354449472,0.5245232860587621
0.0,-0.5,0.4005681818181818,0.0,-0.5,0.0,-1.0,-0.5869565217391305,0.32432432432432434,0.0,0.0,-1.0,-1.0,0.0,0.0,0.0,0.0,0.5,1.0,-0.5384345384345385,-0.8162393162393162,-1.973134328358209,0.0,0.0,0.0,-0.3082965144820815,0.0,-0.8250289687137891,0.0,-1.0,0.0,-1.0,0.0,-1.0,0.0,0.0,-1.0,1.0,-0.8717948717948718,0.5,-1.0,-0.7122153209109731,0.0,0.0,0.0,0.0,-0.36764705882352944,0.0,0.0,0.0,0.0,-4.0,-1.2520325203252025,-0.6666666666666666,-1.5575666163901458,0.0
0.0,0.15,-0.11993577075098814,-1.0,-0.4,0.0,0.5,0.7391304347826086,0.35135135135135137,0.0,0.0,0.0,0.0,0.0,-1.0,0.0,1.0,0.0,-3.0,-0.5384345384345385,1.4094017094017095,0.6179104477611941,0.0,0.0,0.0,0.4221894943544428,0.0,-0.25028968713789107,0.0,0.0,0.0,0.0,0.0,-1.0,0.0,0.0,-1.0,0.0,0.6923076923076923,-1.0,0.0,-0.18219461697722567,0.0,0.0,0.0,0.0,-0.04411764705882353,0.0,0.0,0.0,0.0,1.0,-0.16635397123201992,-0.3333333333333333,0.1256913021618904,0.0
0.0,1.65,0.4190958498023715,-1.0,-0.7,0.0,0.5,0.7391304347826086,0.35135135135135137,0.0,0.0,0.0,0.0,0.0,-1.0,0.0,1.0,0.0,-3.0,-0.5384345384345385,1.4333333333333333,0.6457711442786069,0.0,0.0,0.0,0.4496809032891507,0.0,-0.22865971417535727,0.0,0.0,0.0,0.0,0.0,-1.0,0.0,0.0,0.0,0.0,0.6923076923076923,-1.0,0.0,-0.16563146997929606,0.0,0.0,0.0,0.0,-0.07352941176470588,0.0,0.0,0.0,0.0,1.0,-0.12549510110485695,-0.3333333333333333,0.15384615384615385,0.0
0.0,1.5,0.005311264822134387,0.0,0.0,1.0,0.0,-0.1956521739130435,-0.43243243243243246,0.0,0.0,0.0,0.0,1.6560121765601217,0.0,0.0,0.0,1.0,0.0,0.08213408213408213,-0.17692307692307693,-0.3492537313432836,1.0,0.0,0.0,0.07854688267059401,1.1675824175824177,0.7925840092699884,0.0,-1.0,1.0,1.0,0.0,0.0,1.5,0.0,0.0,0.0,-0.41025641025641024,0.0,0.0,0.2484472049689441,0.0,0.0,0.0,0.0,0.39705882352941174,0.0,0.0,0.0,-4.0,0.0,-0.11965811965811976,1.0,0.31573655103066867,2.0098630592073983
0.0,-0.1,-0.22640810276679843,0.0,-0.5,0.0,-0.5,-0.34782608695652173,0.21621621621621623,2.0,0.0,-1.5,-1.4,0.882800608828006,0.0,0.0,0.0,1.0,-3.0,-0.000702000702000702,0.6076923076923076,0.44676616915422884,0.0,0.0,-4.0,0.8620520373097693,0.0,0.09578988026264967,0.0,-1.0,0.0,1.0,0.0,0.0,0.5,-3.0,0.0,0.25,-0.5897435897435898,0.5,-1.0,-0.4803312629399586,0.0,0.0,0.0,0.6904761904761905,0.7794117647058824,0.0,0.0,0.0,0.0,0.0,-0.14884302689180728,-0.3333333333333333,0.2644544997486174,0.9413247950090626
0.0,1.0,0.4665266798418972,0.0,-0.7,1.0,1.0,0.6304347826086957,0.21621621621621623,0.0,0.0,0.0,0.0,1.278538812785388,-1.0,0.0,1.0,0.0,-1.0,0.7700947700947701,-0.5888888888888889,0.14626865671641792,0.0,0.0,0.0,0.007854688267059401,1.2335164835164836,0.8111239860950173,1.0,0.0,1.0,0.0,0.0,-1.0,0.5,0.0,0.0,0.0,0.5641025641025641,-1.0,0.0,0.4389233954451346,0.0,0.0,0.0,1.1845238095238095,0.5147058823529411,0.0,0.0,0.0,0.0,0.0,1.0093808630393994,0.6666666666666666,0.5781799899446959,1.5564347394494993
0.0,1.7,0.46504446640316205,0.0,0.2,0.0,0.0,0.06521739130434782,-0.4864864864864865,0.0,0.0,-0.75,-0.6,0.974124809741248,0.0,0.0,0.0,0.0,0.0,0.36574236574236574,0.12222222222222222,0.4009950248756219,1.0,0.0,0.0,0.8561610211094747,0.0,0.09115488605639242,0.0,0.0,0.0,0.0,0.0,0.0,0.5,0.0,0.0,0.0,-0.10256410256410256,-1.0,0.0,-0.008281573498964804,0.0,0.0,0.0,0.0,-0.36764705882352944,0.0,189.0,0.0,-2.0,-4.0,-0.15634771732332678,0.3333333333333333,0.2383107088989442,1.0376817139917485
0.0,-1.35,-0.5994318181818182,-1.0,0.4,0.0,0.5,0.6956521739130435,0.2972972972972973,0.0,0.0,0.0,0.0,1.461187214611872,-1.0,0.0,1.0,0.0,-3.0,0.3868023868023868,0.3888888888888889,0.7412935323383084,0.0,0.0,0.0,0.5439371624938635,0.0,-0.1544998068752414,1.0,0.0,0.0,-1.0,0.0,-1.0,0.0,0.0,0.0,0.0,0.6410256410256411,0.0,0.0,0.016563146997929608,0.0,0.0,0.0,1.1428571428571428,0.16176470588235295,0.0,0.0,0.0,0.0,0.0,0.014592453616844019,0.0,0.25037707390648567,1.4730336100960353
0.0,1.05,5.059412055335969,-0.6666666666666666,0.3,1.0,0.5,0.45652173913043476,0.0,0.0,0.0,-1.5,-1.4,0.0,-1.0,0.0,1.0,0.0,0.0,0.29694629694629693,-0.1700854700854701,-0.03681592039800995,0.0,0.0,0.0,-0.21207658321060383,1.1964285714285714,0.5963692545384318,0.0,0.0,1.0,0.0,0.0,-1.0,0.5,0.0,0.0,0.5,0.358974358974359,-1.0,0.0,-0.053830227743271224,0.0,0.0,0.0,1.0,1.0735294117647058,0.0,0.0,0.0,0.0,0.0,0.6616635397123197,0.3333333333333333,0.34590246354952237,0.0
0.0,1.3,0.45195158102766797,-1.0,0.4,1.0,1.5,0.7608695652173914,0.3783783783783784,0.0,0.0,0.0,0.0,0.9375951293759512,-3.0,0.0,1.0,-1.0,-3.0,0.7757107757107757,-0.5290598290598291,0.22388059701492538,0.0,0.0,0.0,0.08443789887088857,1.4478021978021978,1.1123986095017382,1.0,0.0,1.0,0.0,0.0,-3.0,2.0,0.0,0.0,0.0,0.717948717948718,-1.0,1.0,1.474120082815735,0.0,0.0,0.0,0.0,1.1323529411764706,0.0,0.0,0.0,0.0,0.0,-0.14183864915572214,1.6666666666666667,0.8134741075917546,1.1960277803393957
0.0,0.2,0.4437994071146245,-1.0,-0.6,-0.6666666666666666,0.0,-0.8913043478260869,-1.1891891891891893,0.0,0.0,-1.0,-1.0,2.922374429223744,0.0,0.0,0.0,1.0,-1.0,-0.12144612144612145,-0.8162393162393162,-0.2736318407960199,1.0,0.0,0.0,0.017673048600883652,1.2293956043956045,0.8142139822325222,0.0,-1.0,1.0,0.0,0.0,0.0,0.5,0.0,0.0,1.0,-0.07692307692307693,0.5,0.0,-0.19875776397515527,0.0,-4.0,0.0,0.0,-0.36764705882352944,19.0,0.0,0.0,0.0,0.0,1.014383989993746,0.0,0.3680241327300151,3.5593532893088833
0.0,-1.45,-1.1261116600790513,0.0,1.0,0.0,1.0,0.6086956521739131,0.1891891891891892,0.0,0.0,-1.75,-1.6,0.0,-1.0,0.0,1.0,0.0,-1.0,0.32643032643032643,0.41794871794871796,0.6895522388059702,0.0,0.0,0.0,0.49288168875797744,0.0,-0.19466975666280417,1.0,0.0,0.0,-1.0,0.0,-1.0,0.0,0.0,-1.0,0.0,0.5384615384615384,-1.0,0.0,0.422360248447205,0.0,0.0,0.0,0.0,-0.36764705882352944,170.0,0.0,0.0,0.0,0.0,-0.06128830519074418,0.0,0.19808949220713926,0.0
-3.0,2.5,2.1051136363636362,0.0,-0.3,0.0,-1.5,-0.8260869565217391,-1.1891891891891893,0.0,0.0,-1.0,-1.0,0.0,-2.0,0.0,0.0,1.0,0.0,-0.5384345384345385,0.711965811965812,-0.19402985074626866,1.0,0.0,0.0,-0.3789887088856161,0.0,-0.880648899188876,0.0,-1.0,0.0,-1.0,0.0,0.0,0.0,0.0,-1.0,1.0,0.358974358974359,0.0,1.0,3.1801242236024843,0.0,0.0,0.0,0.0,-0.07352941176470588,0.0,0.0,0.0,0.0,0.0,-1.3570981863664784,-0.6666666666666666,-0.6948215183509301,0.0
1.0,0.75,1.0181571146245059,0.0,0.5,1.0,-0.5,-1.5869565217391304,-1.1891891891891893,0.0,0.0,0.25,0.2,0.0,0.0,0.0,-1.0,1.0,0.0,-0.5384345384345385,0.3153846153846154,-0.6557213930348259,1.0,-1.0,0.0,0.6578301423662248,1.2568681318681318,1.3487833140208574,0.0,0.0,0.0,2.0,1.0,0.0,2.0,-3.0,-1.0,1.0,-0.8974358974358975,0.5,0.0,0.33126293995859213,0.0,0.0,0.0,0.0,0.47058823529411764,0.0,0.0,0.0,0.0,0.0,0.1260787992495307,1.0,0.5228758169934641,0.0
1.0,-1.0,-0.8593132411067194,0.0,0.5,0.0,0.0,-1.0434782608695652,-0.3783783783783784,0.0,0.0,-1.0,-1.0,0.0,0.0,-2.0,-1.0,1.0,0.0,0.018954018954018954,0.3905982905982906,0.2218905472636816,0.5,0.0,0.0,0.031418753068237604,0.0,-0.5577443028196215,0.0,-1.0,0.0,-1.0,0.0,-1.0,-0.5,0.0,0.0,1.0,-0.10256410256410256,0.5,0.0,-0.16563146997929606,0.0,0.0,0.0,0.9880952380952381,1.3970588235294117,0.0,0.0,0.0,-2.0,0.0,-0.10331457160725457,-1.0,-0.27450980392156865,0.0
0.0,0.15,0.37586462450592883,-1.0,0.0,0.0,-0.5,-0.15217391304347827,-0.7567567567567568,0.0,0.0,-0.75,-0.6,1.21765601217656,0.0,0.0,0.0,1.0,-1.0,0.5005265005265005,-0.5017094017094017,0.32338308457711445,0.0,0.0,0.0,0.13156602847324497,0.0,-0.47894940131324837,0.0,-1.0,1.0,0.0,0.0,0.0,0.0,0.0,0.0,0.0,-0.358974358974359,0.0,0.0,0.0,0.0,0.0,0.0,0.0,0.4852941176470588,0.0,0.0,0.0,-2.0,0.0,-0.5982905982905978,-0.3333333333333333,-0.17194570135746606,1.1290862781298374
0.0,0.5,1.1169713438735178,0.0,-0.8,1.0,0.5,0.5,0.08108108108108109,0.0,0.0,0.25,0.2,0.0,-1.0,0.0,1.0,-1.0,-2.0,1.1477711477711479,-0.6367521367521367,0.6258706467661691,0.0,0.0,0.0,0.43004418262150224,1.3104395604395604,1.2298184627269215,1.0,0.0,1.0,0.0,0.0,-1.0,0.5,0.0,-1.0,0.0,0.41025641025641024,0.0,0.0,0.2194616977225673,0.0,0.0,0.0,1.7619047619047619,0.27941176470588236,0.0,0.0,0.0,0.0,0.0,1.6873045653533445,0.6666666666666666,1.0930115635997988,0.0
0.0,-0.55,-0.4055088932806324,-1.0,-0.4,1.0,0.0,0.43478260869565216,0.0,0.0,0.0,0.0,0.0,0.0,-1.0,0.0,1.0,0.0,0.0,-0.5384345384345385,0.5495726495726496,-0.38308457711442784,0.5,0.0,0.0,-0.5655375552282769,1.0604395604395604,0.1653147933565083,0.0,0.0,1.0,0.0,0.0,0.0,0.5,0.0,0.0,0.0,0.3333333333333333,0.0,0.0,-0.4140786749482402,0.0,0.0,0.0,0.0,0.22058823529411764,0.0,0.0,0.0,0.0,0.0,-0.036272670419012075,0.3333333333333333,-0.10960281548516843,0.0
0.0,0.5,0.0695405138339921,0.0,0.0,1.0,0.0,-0.1956521739130435,-0.8108108108108109,0.0,0.0,-1.5,-1.4,2.191780821917808,0.0,0.0,0.0,1.0,-2.0,0.40786240786240785,-0.8162393162393162,-0.4208955223880597,1.0,0.0,0.0,-0.5675012272950417,1.1167582417582418,0.22711471610660486,1.0,-1.0,1.0,1.0,0.0,0.0,0.5,0.0,-1.0,0.0,-0.41025641025641024,0.0,0.0,-0.15734989648033126,0.0,0.0,0.0,1.9523809523809523,1.5147058823529411,0.0,189.0,0.0,0.0,0.0,0.06378986866791735,0.3333333333333333,-0.08848667672197084,2.4012893809650597
1.0,-1.4,-1.3622776679841897,0.0,-0.2,1.0,0.0,0.0,-0.5675675675675675,0.0,0.0,-1.75,-1.6,0.0,0.0,0.0,0.0,0.0,0.0,0.6367146367146367,-0.6367521367521367,-0.09850746268656717,0.5,0.0,0.0,0.4005891016200295,1.6895604395604396,1.6330629586713017,1.0,0.0,1.0,2.0,0.0,0.0,2.0,-6.0,0.0,0.0,-0.1794871794871795,-1.0,0.0,0.39751552795031053,0.0,0.0,0.0,4.333333333333333,-0.07352941176470588,0.0,0.0,0.0,-4.0,0.0,0.44828017510944307,1.6666666666666667,0.9894419306184012,0.0
0.0,-0.5,0.030014822134387352,0.0,0.0,-0.3333333333333333,-0.5,-0.5217391304347826,0.24324324324324326,0.0,0.0,-1.0,-1.0,0.0,0.0,0.0,0.0,1.0,0.0,-0.22955422955422955,0.25213675213675213,-0.2915422885572139,1.0,0.0,0.0,-0.38095238095238093,0.0,-0.8821938972576284,0.0,-1.0,0.0,-1.0,0.0,-1.0,-1.0,0.0,-1.0,1.0,0.1282051282051282,0.5,0.0,0.39751552795031053,0.0,0.0,0.0,0.0,-0.36764705882352944,0.0,0.0,0.0,0.0,0.0,-0.056910569105691027,-1.0,-0.7450980392156863,0.0
0.0,0.1,0.1663784584980237,0.0,0.0,0.0,-0.5,-0.3695652173913043,-1.027027027027027,2.0,0.0,-1.0,-1.0,0.730593607305936,0.0,0.0,0.0,1.0,0.0,0.2843102843102843,-0.026495726495726495,0.11243781094527364,1.0,0.0,0.0,-0.07658321060382917,0.0,-0.6427191966010043,1.0,-1.0,0.0,0.0,0.0,0.0,0.0,0.0,-1.0,0.0,-0.6153846153846154,0.5,-1.0,-0.8033126293995859,0.0,0.0,0.0,0.0,-0.07352941176470588,0.0,192.0,0.0,0.0,0.0,-0.9076506149676878,-0.3333333333333333,-0.3851181498240322,0.6455889922071925
0.0,0.4,0.5487895256916996,0.0,0.2,1.0,0.0,-0.10869565217391304,-0.7027027027027027,0.0,0.0,-1.0,-1.0,0.0,0.0,0.0,0.0,1.0,0.0,-0.12004212004212005,-0.0829059829059829,-0.5263681592039801,0.0,0.0,0.0,-0.5066273932253313,0.9986263736263736,0.1421398223252221,0.0,-1.0,1.0,1.0,0.0,0.0,1.0,0.0,-1.0,0.0,-0.3076923076923077,0.5,0.0,-0.16149068322981366,0.0,0.0,0.0,0.0,-0.36764705882352944,0.0,0.0,0.0,0.0,0.0,-0.5603502188868039,0.3333333333333333,-0.19708396178984414,0.0
0.0,-1.0,-0.4677618577075099,0.0,-0.5,-0.6666666666666666,-0.5,-0.5434782608695652,-1.1891891891891893,0.0,0.0,-1.0,-1.0,0.0,0.0,0.0,0.0,-0.5,-1.0,-0.5384345384345385,0.5683760683760684,-0.3611940298507463,0.25,0.0,-4.0,-0.16691212567501226,0.6236263736263736,-0.012359984550019312,1.0,-1.0,0.0,1.0,0.0,0.0,0.5,0.0,0.0,1.0,-0.6666666666666666,0.5,-1.0,-0.8281573498964804,0.0,0.0,-1.0,0.0,-0.36764705882352944,0.0,0.0,0.0,0.0,0.0,-0.32395247029393354,0.3333333333333333,-0.21417797888386123,0.0
0.0,0.25,-0.37759387351778656,-1.0,-0.5,1.0,0.0,0.08695652173913043,-0.4594594594594595,2.0,0.0,-1.5,-0.6,0.852359208523592,0.0,0.0,0.0,1.0,0.0,0.2127062127062127,-0.5512820512820513,-0.6,1.0,0.0,0.0,-0.7638684339715267,1.0,-0.05870992661259174,0.0,-1.0,1.0,0.0,0.0,0.0,0.0,0.0,-1.0,0.0,-0.07692307692307693,-1.0,0.0,-0.16563146997929606,0.0,0.0,0.0,1.5,-0.36764705882352944,0.0,0.0,0.0,-2.0,0.0,0.19553887846570744,-0.3333333333333333,-0.3650075414781297,0.8785814464992739
0.0,0.2,-0.2278903162055336,0.0,-0.7,0.0,0.5,0.717391304347826,0.32432432432432434,0.0,0.0,0.0,0.0,0.0,-1.0,0.0,1.0,0.0,-3.0,-0.5384345384345385,1.3034188034188035,0.4945273631840796,0.0,0.0,0.0,0.3004418262150221,0.0,-0.34607956740054074,0.0,0.0,0.0,-1.0,0.0,-1.0,-0.5,0.0,-1.0,0.0,0.6666666666666666,0.0,1.0,1.4327122153209109,0.0,0.0,0.0,0.8333333333333334,1.0,0.0,0.0,0.0,0.0,0.0,0.3764853033145714,-0.6666666666666666,0.001005530417295123,0.0
0.0,0.25,0.9008152173913043,0.0,-0.6,1.0,0.5,-0.717391304347826,-0.2702702702702703,0.0,0.0,0.25,0.2,0.0,0.0,0.0,0.0,1.0,0.0,0.037206037206037205,-0.14957264957264957,-0.38109452736318405,1.0,0.0,0.0,-0.249386352479136,1.0714285714285714,0.4264194669756663,0.0,-1.0,1.0,0.0,0.0,0.0,0.0,0.0,1.0,0.0,-1.0256410256410255,0.5,-1.0,-0.9937888198757764,0.0,0.0,0.0,0.0,-0.36764705882352944,0.0,0.0,0.0,0.0,0.0,1.1119449656035016,-0.3333333333333333,0.06133735545500251,0.0
0.0,-0.5,0.3264575098814229,0.0,0.5,-0.6666666666666666,-0.5,-0.8043478260869565,-0.13513513513513514,0.0,0.0,0.25,0.2,0.0,0.0,0.0,0.0,-0.5,0.0,0.34047034047034047,-0.5256410256410257,-0.3890547263681592,0.5,0.0,0.0,0.017673048600883652,0.5082417582417582,0.003089996137504828,0.0,0.0,0.0,0.0,0.0,-1.0,0.5,-4.0,0.0,0.0,-0.7692307692307693,0.5,0.0,0.35610766045548653,0.0,0.0,0.0,2.5952380952380953,-0.058823529411764705,0.0,0.0,0.0,0.0,0.0,-0.2989368355222014,0.3333333333333333,-0.21820010055304173,0.0
0.0,0.15,1.5789278656126482,-1.0,0.0,0.0,-0.5,-0.08695652173913043,-0.6756756756756757,0.0,0.0,0.0,-0.6,0.0,0.0,0.0,0.0,1.0,-1.0,-0.4331344331344331,-0.4230769230769231,0.20796019900497512,0.0,0.0,0.0,0.017673048600883652,0.0,-0.5685592893008884,1.0,-1.0,0.0,0.0,0.0,0.0,0.0,0.0,-1.0,0.0,-0.28205128205128205,-1.0,-1.0,-0.7494824016563147,0.0,0.0,0.0,1.4285714285714286,0.10294117647058823,0.0,0.0,0.0,0.0,-4.0,-0.7675630602459868,-0.3333333333333333,-0.2885872297637003,0.0
1.0,-1.65,-1.2459239130434783,0.0,-0.7,0.0,0.0,0.6739130434782609,0.2702702702702703,0.0,0.0,0.0,0.0,1.0289193302891932,-1.0,0.0,1.0,0.0,-1.0,0.391014391014391,-0.4982905982905983,-0.2855721393034826,0.0,0.0,0.0,-0.4693176239567992,0.0,-0.9517188103514871,1.0,-1.0,0.0,-2.0,0.0,-1.0,-1.5,0.0,0.0,0.0,0.6153846153846154,0.0,0.0,-0.2484472049689441,0.0,0.0,0.0,0.8333333333333334,-0.36764705882352944,0.0,0.0,0.0,0.0,0.0,0.983531373775276,-1.3333333333333333,-0.7873303167420814,0.8178597964441047
0.0,-0.25,-0.17378952569169961,0.0,-0.7,0.0,-0.5,0.45652173913043476,0.0,0.0,0.0,0.0,0.0,0.0,0.0,0.0,1.0,0.0,0.0,0.15654615654615656,0.029914529914529916,-0.0029850746268656717,0.5,0.0,0.0,-0.19047619047619047,0.0,-0.7323290845886443,0.0,-1.0,0.0,0.0,0.0,0.0,-0.5,0.0,-1.0,0.0,0.41025641025641024,0.5,-1.0,-0.7494824016563147,0.0,0.0,0.0,0.0,0.5735294117647058,0.0,0.0,0.0,0.0,0.0,-0.49906191369605973,-1.0,-0.5017596782302665,0.0
0.0,0.5,0.38574604743083,0.0,0.2,0.0,0.0,-0.043478260869565216,0.2702702702702703,0.0,0.0,0.0,0.0,0.8767123287671232,-1.0,-2.0,0.0,1.0,0.0,0.3825903825903826,0.2128205128205128,0.5303482587064676,0.0,0.0,0.0,0.33578792341678937,0.0,-0.3182696021629973,0.0,0.0,0.0,0.0,0.0,-1.0,-0.5,0.0,-1.0,0.0,-0.23076923076923078,0.0,0.0,0.19875776397515527,0.0,0.0,0.0,0.3273809523809524,-0.36764705882352944,0.0,0.0,0.0,0.0,-4.0,0.4395247029393367,-0.3333333333333333,0.03720462543991956,0.8487837218779554
0.0,0.25,-0.4887598814229249,0.0,0.7,0.0,-0.5,-0.21739130434782608,-0.8378378378378378,0.0,0.0,-1.5,-1.4,0.0,0.0,0.0,0.0,1.0,0.0,0.6184626184626184,-0.44700854700854703,0.09651741293532339,0.25,0.0,0.0,-0.09229258713794797,0.0,-0.6550791811510236,1.0,-1.0,1.0,0.0,0.0,0.0,-0.5,0.0,-1.0,0.0,-0.4358974358974359,-1.0,-1.0,-0.7122153209109731,0.0,0.0,0.0,0.0,-0.36764705882352944,220.0,0.0,0.0,-2.0,0.0,-0.32395247029393354,-0.3333333333333333,-0.40120663650075417,0.0
0.0,0.0,-0.18021245059288538,0.0,-0.7,0.0,0.5,0.6304347826086957,0.21621621621621623,0.0,0.0,0.0,0.0,0.60882800608828,-1.0,0.0,1.0,0.0,0.0,-0.5384345384345385,1.6777777777777778,0.9303482587064676,0.0,0.0,0.0,0.7304860088365243,0.0,-0.00772499034376207,0.0,0.0,0.0,0.0,0.0,-1.0,0.0,0.0,0.0,0.0,0.5641025641025641,0.0,0.0,0.19461697722567287,0.0,0.0,0.0,1.1428571428571428,0.20588235294117646,0.0,0.0,0.0,0.0,0.0,0.2918490723368769,-0.3333333333333333,0.44142785319255906,0.6347780126231005
0.0,0.5,-0.16761363636363635,0.0,0.0,0.0,0.0,-0.1956521739130435,-0.8108108108108109,2.0,0.0,-1.5,-1.4,2.5875190258751903,0.0,0.0,0.0,1.0,0.0,0.23797823797823797,0.3769230769230769,0.5164179104477612,1.0,0.0,0.0,0.32204221894943547,0.0,-0.3290845886442642,1.0,-1.0,0.0,0.0,0.0,0.0,0.0,0.0,1.0,0.0,-0.41025641025641024,0.0,-1.0,-0.07867494824016563,0.0,0.0,0.0,0.0,1.338235294117647,0.0,0.0,0.0,-2.0,0.0,-0.31519699812382723,-0.3333333333333333,0.023127199597787834,2.4981114746772484
0.0,-0.25,0.8775938735177866,-0.6666666666666666,-0.4,1.0,0.0,0.4782608695652174,0.05405405405405406,0.0,0.0,-1.5,-1.4,0.0,0.0,0.0,1.0,0.0,0.0,0.29273429273429274,-0.647008547008547,-0.5980099502487563,0.5,0.0,0.0,-0.7776141384388807,1.1085164835164836,0.05252993433758208,0.0,0.0,1.0,0.0,0.0,0.0,0.0,0.0,0.0,0.0,0.38461538461538464,-1.0,0.0,-0.2939958592132505,0.0,0.0,0.0,1.875,0.27941176470588236,0.0,0.0,0.0,0.0,0.0,0.4056702105482589,0.0,-0.29160382101558574,0.0
0.0,0.15,-0.10116106719367589,0.0,0.8,1.3333333333333333,0.0,0.41304347826086957,-0.05405405405405406,0.0,0.0,-1.5,-1.4,0.0,0.0,0.0,1.0,0.0,-3.0,0.5103545103545104,-0.4931623931623932,-0.11044776119402985,0.0,0.0,0.0,-0.17869415807560138,0.0,-0.7230590961761297,1.0,-1.0,0.0,-1.0,0.0,-1.0,-0.5,0.0,-1.0,0.0,0.3076923076923077,0.5,0.0,0.34782608695652173,0.0,0.0,0.0,0.7142857142857143,-0.36764705882352944,0.0,0.0,0.0,0.0,0.0,-0.4780487804878048,-0.6666666666666666,-0.5500251382604324,0.0
1.0,-2.45,-1.8538784584980237,0.0,-0.2,1.0,-1.0,0.0,-0.5675675675675675,0.0,0.0,-1.75,-1.6,0.0,0.0,0.0,0.0,1.0,0.0,-0.0694980694980695,-0.45384615384615384,-0.8865671641791045,1.0,0.0,0.0,-1.062346588119784,0.75,-0.574739281575898,0.0,-1.0,1.0,0.0,0.0,0.0,0.0,0.0,-1.0,0.0,-0.1794871794871795,0.0,-1.0,-0.8033126293995859,0.0,0.0,0.0,0.7142857142857143,1.0441176470588236,0.0,0.0,0.0,0.0,0.0,-0.7792370231394617,-0.3333333333333333,-0.8456510809451986,0.0
-2.0,0.75,0.2706274703557312,0.0,0.9,1.0,1.0,0.6956521739130435,0.32432432432432434,0.0,0.0,0.0,0.0,0.0,-1.0,0.0,1.0,0.0,-1.0,-0.5384345384345385,1.0333333333333334,0.18009950248756218,0.0,0.0,0.0,-0.009818360333824251,1.1964285714285714,0.7555040556199305,0.0,0.0,1.0,0.0,0.0,-1.0,1.5,0.0,0.0,0.0,0.6410256410256411,0.0,1.0,2.331262939958592,0.0,0.0,0.0,0.9523809523809523,0.36764705882352944,0.0,0.0,0.0,0.0,0.0,-0.16635397123201992,1.0,0.5590749120160885,0.0
1.0,-2.3,-1.7185029644268774,0.0,-0.5,1.0,0.5,0.6739130434782609,0.2702702702702703,0.0,0.0,0.0,0.0,0.30441400304414,-1.0,0.0,1.0,0.0,0.0,-0.5384345384345385,0.8418803418803419,-0.042786069651741296,0.0,0.0,0.0,-0.22974963181148747,1.01510989010989,0.37852452684434146,0.0,0.0,0.0,0.0,0.0,-1.0,0.5,-6.0,-1.0,1.0,0.6153846153846154,0.5,0.0,-0.4140786749482402,0.0,0.0,0.0,0.0,0.22058823529411764,0.0,0.0,0.0,0.0,0.0,0.30894308943089405,0.0,0.20110608345902464,0.3435067417437821
-2.0,-1.65,-1.5223567193675889,-1.0,0.9,0.0,1.0,0.6956521739130435,0.2972972972972973,0.0,0.0,-1.0,-1.0,0.0,-1.0,0.0,1.0,0.0,0.0,0.9203229203229203,-0.46068376068376066,0.5084577114427861,0.0,0.0,0.0,0.31418753068237604,0.0,-0.33526458091927386,1.0,-1.0,1.0,-2.0,0.0,-1.0,-1.0,0.0,0.0,0.0,0.6410256410256411,-1.0,0.0,0.2898550724637681,0.0,0.0,0.0,0.0,0.8676470588235294,0.0,0.0,0.0,0.0,0.0,1.492808005003126,-0.6666666666666666,0.015082956259426848,0.0
0.0,-0.5,-0.23085474308300397,0.0,0.0,0.0,-1.5,-0.5,-1.1891891891891893,0.0,0.0,-2.25,-2.0,0.0,0.0,0.0,2.0,0.5,1.0,-0.5384345384345385,-0.8162393162393162,-1.973134328358209,0.25,-1.0,-4.0,-0.09229258713794797,0.0,-0.6550791811510236,0.0,0.0,0.0,-1.0,1.0,0.0,0.0,0.0,-1.0,1.0,0.1794871794871795,0.5,0.0,-0.33126293995859213,0.0,0.0,0.0,0.0,-0.36764705882352944,0.0,0.0,0.0,0.0,0.0,-0.9309985407546376,-0.3333333333333333,-1.4469582704876822,0.0
-2.0,-2.3,-1.8079298418972332,0.0,0.9,1.0,0.5,0.5652173913043478,0.16216216216216217,0.0,0.0,-1.0,-1.0,1.2907153729071537,-1.0,0.0,1.0,0.0,0.0,0.1776061776061776,-0.6623931623931624,-0.7791044776119403,0.0,0.0,0.0,-0.9091801669121257,0.8626373626373627,-0.3275395905755118,1.0,0.0,1.0,-1.0,0.0,-1.0,-1.0,0.0,-1.0,1.0,0.48717948717948717,0.5,0.0,-0.07453416149068323,0.0,0.0,0.0,0.0,0.3382352941176471,0.0,0.0,0.0,0.0,0.0,1.5146966854283919,-0.3333333333333333,-0.6304675716440422,1.2466147314467082
0.0,-0.5,-0.2664278656126482,0.0,0.6,-0.6666666666666666,0.0,-1.0434782608695652,-1.1891891891891893,0.0,0.0,-1.0,-1.0,0.0,0.0,0.0,1.0,1.0,0.0,0.05545805545805546,0.4794871794871795,0.37711442786069654,0.25,0.0,0.0,0.5949926362297496,0.4175824175824176,0.3553495558130552,0.0,0.0,0.0,1.0,0.0,0.0,0.5,0.0,0.0,1.0,-1.4102564102564104,0.5,0.0,0.39751552795031053,0.0,0.0,0.0,2.0357142857142856,-0.36764705882352944,128.0,0.0,0.0,0.0,0.0,0.27141963727329566,0.0,0.39819004524886875,0.0
0.0,0.05,-0.061388339920948616,0.0,0.0,0.0,-0.5,-0.17391304347826086,0.10810810810810811,2.0,0.0,-1.0,-1.0,1.0106544901065448,0.0,0.0,0.0,1.0,-1.0,0.38961038961038963,-0.46923076923076923,-0.2537313432835821,0.5,0.0,0.0,0.22189494354442807,0.0,-0.4078794901506373,1.0,-1.0,1.0,-2.0,0.0,-1.0,0.0,0.0,-1.0,1.0,-0.07692307692307693,0.5,0.0,1.6728778467908902,0.0,0.0,0.0,0.0,0.5735294117647058,0.0,0.0,0.0,-2.0,0.0,-0.4640400250156345,0.0,-0.41729512317747613,0.9556369651349933
0.0,0.2,-0.8919219367588933,0.0,0.0,0.0,-0.5,-0.3695652173913043,0.16216216216216217,0.0,0.0,-1.0,-1.0,0.0,0.0,0.0,0.0,1.0,0.0,-0.19024219024219025,-0.05042735042735043,-0.11044776119402985,0.0,0.0,0.0,-0.2965144820814924,0.0,-0.8157589803012746,1.0,-1.0,0.0,-1.0,0.0,0.0,-1.0,0.0,-1.0,0.0,-0.6153846153846154,-1.0,-1.0,-0.7122153209109731,0.0,0.0,0.0,0.0,-0.36764705882352944,80.0,160.0,0.0,0.0,0.0,0.13133208255159468,-1.0,-0.6103569632981398,0.0
0.0,0.4,-0.039896245059288536,-1.0,-0.7,0.0,0.0,0.717391304347826,0.32432432432432434,0.0,0.0,0.0,0.0,0.0,-1.0,0.0,1.0,0.0,0.0,-0.5047385047385048,1.3888888888888888,0.6417910447761194,0.5,0.0,0.0,0.44575355915562104,0.0,-0.23174971031286212,0.0,0.0,0.0,0.0,0.0,-1.0,0.0,0.0,0.0,0.0,0.6666666666666666,0.0,0.0,-0.16563146997929606,0.0,0.0,0.0,0.0,-0.04411764705882353,0.0,0.0,0.0,0.0,0.0,-0.13133208255159468,-0.3333333333333333,0.14982403217697335,0.0
1.0,-0.5,-0.6414278656126482,0.0,-0.3,1.0,0.0,-1.2826086956521738,0.32432432432432434,0.0,0.0,0.25,0.2,0.0,0.0,0.0,1.0,1.0,0.0,-0.5384345384345385,0.352991452991453,-0.6119402985074627,1.0,0.0,0.0,-0.616593028964163,0.7994505494505495,-0.16840478949401314,0.0,-1.0,1.0,0.0,0.0,-1.0,0.5,0.0,-1.0,1.25,0.0,-0.5,-2.0,-1.9875776397515528,-2.0,-2.0,0.0,0.8095238095238095,-0.36764705882352944,115.0,0.0,0.0,0.0,0.0,-0.5766103814884297,0.0,-0.4424333836098542,0.0
0.0,-0.425,-1.4284832015810276,0.0,1.0,0.0,1.0,0.2826086956521739,-0.21621621621621623,0.0,0.0,-1.5,-1.4,0.0,-1.0,0.0,0.0,0.0,0.0,-0.5384345384345385,1.0196581196581196,0.16417910447761194,0.0,0.0,0.0,0.0019636720667648502,0.0,-0.5809192738509077,0.0,-1.0,1.0,-1.0,0.0,-1.0,-0.5,0.0,-1.0,0.0,0.1794871794871795,0.0,0.0,-0.07867494824016563,0.0,0.0,0.0,0.0,0.7205882352941176,137.0,0.0,0.0,0.0,0.0,-0.15584740462789246,-0.6666666666666666,-0.318753142282554,0.0
1.0,-1.0,-0.8593132411067194,0.0,-0.9,-0.6666666666666666,-1.0,-0.8043478260869565,-1.1891891891891893,0.0,0.0,-1.0,-1.0,0.0,0.0,0.0,-1.0,1.0,0.0,0.40505440505440504,-0.8162393162393162,-0.6358208955223881,1.0,0.0,0.0,-0.6480117820324006,0.7788461538461539,-0.21629972962533797,0.0,-1.0,0.0,0.0,0.0,0.0,0.0,0.0,-1.0,1.0,-1.1282051282051282,0.5,-1.0,-0.9937888198757764,0.0,0.0,0.0,0.0,-0.36764705882352944,0.0,0.0,0.0,0.0,0.0,-0.10214717531790714,-0.6666666666666666,-0.4856711915535445,0.0
0.0,0.6,0.5932559288537549,-1.0,0.2,0.0,0.5,0.10869565217391304,-0.43243243243243246,0.0,0.0,-0.75,-0.6,1.2541856925418569,0.0,0.0,0.0,0.0,0.0,0.44998244998244996,0.152991452991453,0.5562189054726369,1.0,0.0,0.0,1.009327442317133,0.0,0.21166473541908074,0.0,0.0,0.0,0.0,0.0,0.0,0.5,0.0,0.0,0.0,-0.05128205128205128,0.0,0.0,-0.008281573498964804,0.0,0.0,0.0,0.0,-0.36764705882352944,0.0,0.0,0.0,0.0,-4.0,0.038774233896185235,0.0,0.3951734539969834,1.369799854290888
0.0,-0.5,-0.2664278656126482,0.0,0.6,0.0,-2.0,-1.1521739130434783,-1.1891891891891893,0.0,0.0,0.25,0.2,0.0,0.0,0.0,0.0,1.0,0.0,-0.13127413127413126,-0.8162393162393162,-1.3960199004975125,1.0,-1.0,-3.0,-1.2744231713303877,0.0,-1.5851680185399768,0.0,-1.0,0.0,-2.0,0.0,-2.0,-1.5,0.0,-1.0,1.0,-1.2820512820512822,0.5,-1.0,-0.968944099378882,0.0,0.0,-2.0,0.0,-0.36764705882352944,0.0,0.0,0.0,0.0,0.0,-1.4096310193871162,-1.6666666666666667,-1.7606837606837606,0.0
0.0,-0.45,0.06904644268774704,-1.0,0.0,0.0,-0.5,-0.043478260869565216,-0.6216216216216216,0.0,0.0,-1.5,-1.0,0.0,0.0,0.0,0.0,1.0,0.0,0.04001404001404001,-0.3871794871794872,-0.08258706467661692,1.0,0.0,0.0,-0.2690230731467845,0.0,-0.7941290073387408,0.0,-1.0,0.0,0.0,0.0,0.0,-0.5,0.0,-1.0,1.0,0.02564102564102564,0.5,-1.0,-0.8281573498964804,0.0,0.0,0.0,0.0,-0.36764705882352944,0.0,0.0,0.0,0.0,0.0,-0.6391494684177608,-1.0,-0.5822021116138764,0.0
0.0,0.0,-0.6122776679841897,0.0,0.0,0.0,-0.5,-0.2826086956521739,0.21621621621621623,0.0,0.0,0.25,0.2,0.273972602739726,0.0,0.0,0.0,1.0,0.0,0.28711828711828713,-0.09487179487179487,0.03681592039800995,0.0,0.0,0.0,0.09229258713794797,0.0,-0.5098493626882966,0.0,-1.0,0.0,-1.0,0.0,0.0,0.0,0.0,-1.0,0.0,-0.5128205128205128,0.0,-1.0,-0.9358178053830227,0.0,0.0,0.0,0.0,-0.1323529411764706,0.0,0.0,0.0,-1.0,-1.0,-0.6566604127579734,-0.6666666666666666,-0.3368526897938663,0.2518333660648189
0.0,0.45,-0.1404397233201581,0.0,0.0,0.0,0.0,-0.30434782608695654,-0.9459459459459459,2.0,0.0,-2.25,-2.0,0.0,0.0,0.0,0.0,1.0,-1.0,0.3811863811863812,-0.8162393162393162,-0.6696517412935323,0.0,0.0,0.0,0.21011291114383898,0.0,-0.4171494785631518,0.0,-1.0,0.0,0.0,0.0,0.0,0.0,0.0,0.0,0.5,-0.6666666666666666,-1.0,0.0,0.2443064182194617,0.0,0.0,0.0,0.0,-0.36764705882352944,192.0,0.0,0.0,0.0,0.0,-0.4815509693558471,-0.3333333333333333,-0.6334841628959276,0.0
1.0,-2.3,-1.8435029644268774,0.0,-1.0,1.0,-0.5,-0.06521739130434782,-0.6486486486486487,0.0,0.0,-1.5,-1.4,1.8508371385083713,0.0,0.0,0.0,1.0,0.0,-0.5384345384345385,0.2606837606837607,-0.7194029850746269,1.0,0.0,0.0,-0.8973981345115366,0.9230769230769231,-0.25028968713789107,0.0,0.0,1.0,0.0,0.0,0.0,0.0,0.0,-1.0,1.0,-0.2564102564102564,0.5,0.0,-0.16563146997929606,0.0,0.0,0.0,0.0,-0.36764705882352944,0.0,0.0,0.0,0.0,0.0,-0.16635397123201992,0.0,-0.5500251382604324,1.8229439057222223
0.0,1.4,0.686141304347826,-1.0,0.3,1.0,1.0,0.45652173913043476,0.02702702702702703,0.0,0.0,-1.5,-1.4,2.2039573820395737,-1.0,0.0,1.0,-1.0,-3.0,0.9104949104949105,-0.07948717948717948,0.9383084577114428,0.0,0.0,0.0,0.8109965635738832,1.5412087912087913,1.7891077636152954,1.0,0.0,1.0,0.0,0.0,-1.0,1.5,0.0,1.0,0.0,0.358974358974359,0.0,0.0,0.9606625258799172,0.0,0.0,0.0,1.1071428571428572,0.10294117647058823,0.0,0.0,0.0,0.0,0.0,1.1352928913904514,1.3333333333333333,1.6148818501759679,3.08048532033205
0.0,2.2,0.2170207509881423,-1.0,0.8,0.0,0.5,0.3695652173913043,-0.08108108108108109,2.0,0.0,-1.5,-1.4,0.0,-1.0,0.0,1.0,0.0,-1.0,0.49771849771849774,-0.5222222222222223,-0.16218905472636816,0.5,0.0,0.0,0.6971035837015218,0.0,-0.03398995751255311,1.0,0.0,0.0,0.0,0.0,-1.0,0.0,0.0,0.0,0.0,0.2564102564102564,-1.0,0.0,0.989648033126294,0.0,0.0,0.0,0.0,3.2205882352941178,0.0,0.0,0.0,0.0,0.0,0.2422347300396081,0.0,-0.12770236299648063,0.0
0.0,4.9,3.403779644268775,-0.3333333333333333,-0.4,1.0,0.5,0.717391304347826,0.32432432432432434,0.0,0.0,0.0,0.0,0.0,-1.0,0.0,1.0,-1.0,0.0,-0.5384345384345385,0.6675213675213675,-0.24577114427860697,0.0,0.0,0.0,-0.39273441335297005,1.5576923076923077,0.8605639242950947,0.0,0.0,1.0,0.0,0.0,-1.0,1.5,0.0,0.0,0.5,0.6666666666666666,0.0,0.0,-0.2401656314699793,0.0,0.0,0.0,0.0,1.1029411764705883,0.0,0.0,0.0,0.0,1.0,-0.034049058439302546,1.0,0.4122674710910005,0.0
0.0,-0.25,-0.34967885375494073,0.0,-0.4,1.0,0.0,0.5869565217391305,0.16216216216216217,0.0,0.0,0.0,0.0,0.0,0.0,0.0,1.0,0.0,0.0,-0.5384345384345385,0.7632478632478632,-0.13432835820895522,0.0,0.0,0.0,-0.27295041728031416,1.0192307692307692,0.34916956353804557,0.0,0.0,1.0,0.0,0.0,0.0,0.5,0.0,0.0,0.0,0.5128205128205128,0.0,0.0,-0.07039337474120083,0.0,0.0,0.0,0.5952380952380952,0.3382352941176471,0.0,0.0,0.0,0.0,-4.0,0.2614133833646025,0.3333333333333333,0.13574660633484162,0.0
0.0,1.85,0.4652915019762846,-1.0,0.4,0.0,1.0,0.6739130434782609,0.2972972972972973,0.0,0.0,-1.0,-1.0,0.2557077625570776,-1.0,0.0,1.0,-1.0,-1.0,0.9203229203229203,0.5461538461538461,1.680597014925373,0.0,0.0,0.0,1.470790378006873,0.0,0.574739281575898,1.0,0.0,0.0,0.0,0.0,-1.0,0.5,0.0,0.0,0.0,0.6153846153846154,-1.0,1.0,1.5817805383022774,0.0,0.0,0.0,0.7440476190476191,2.3529411764705883,0.0,0.0,0.0,0.0,0.0,0.6266416510318944,0.3333333333333333,1.199597787833082,0.2990748256153801
0.0,-0.25,-0.3652420948616601,0.0,-0.4,1.0,0.0,0.4782608695652174,0.05405405405405406,0.0,0.0,-1.5,-1.4,0.0,0.0,0.0,1.0,0.0,0.0,-0.23095823095823095,0.13076923076923078,-0.43482587064676614,0.5,0.0,0.0,-0.616593028964163,1.2156593406593406,0.2997296253379683,1.0,0.0,1.0,0.0,0.0,0.0,1.0,0.0,0.0,0.0,0.38461538461538464,-1.0,0.0,-0.2028985507246377,0.0,0.0,0.0,1.3333333333333333,0.8676470588235294,0.0,0.0,0.0,0.0,0.0,-0.337085678549093,1.0,-0.048265460030165915,0.0
0.0,0.5,0.24740612648221344,0.0,0.2,1.0,0.5,0.06521739130434782,-0.4864864864864865,2.0,0.0,-0.75,-0.6,4.018264840182648,0.0,0.0,0.0,1.0,0.0,0.02737802737802738,-0.13247863247863248,-0.37512437810945276,1.0,0.0,0.0,0.021600392734413353,1.1895604395604396,0.772499034376207,0.0,0.0,1.0,1.0,0.0,0.0,1.0,0.0,0.0,0.0,-0.10256410256410256,0.0,0.0,0.012422360248447204,0.0,0.0,0.0,0.0,0.6470588235294118,0.0,0.0,0.0,0.0,0.0,0.33270794246403984,0.6666666666666666,0.2895927601809955,4.860812920896277
0.0,0.15,-0.5875741106719368,-1.0,0.0,0.0,-0.5,-0.34782608695652173,-1.0,0.0,0.0,0.5,0.4,0.0,0.0,0.0,0.0,1.0,0.0,0.4555984555984556,-0.6316239316239316,-0.3492537313432836,1.0,0.0,-4.0,-0.5321551300932744,0.0,-1.0011587485515643,1.0,-1.0,0.0,-1.0,0.0,0.0,-0.5,0.0,-1.0,1.0,-0.5897435897435898,0.5,-1.0,-0.7122153209109731,0.0,0.0,0.0,0.0,-0.36764705882352944,0.0,0.0,0.0,0.0,0.0,-1.1084427767354592,-0.6666666666666666,-0.8516842634489693,0.0
0.0,-0.2,-0.13722826086956522,0.0,0.0,0.0,-0.5,-0.43478260869565216,0.32432432432432434,0.0,0.0,0.25,0.2,0.0,0.0,0.0,0.0,1.0,0.0,0.36433836433836436,-0.19230769230769232,0.03283582089552239,0.5,0.0,0.0,-0.15513009327442318,0.0,-0.7045191193511008,1.0,-1.0,0.0,-1.0,0.0,-1.0,0.0,0.0,-1.0,0.0,-0.6923076923076923,0.5,-1.0,-0.9937888198757764,0.0,0.0,0.0,0.0,-0.10294117647058823,0.0,0.0,0.0,0.0,0.0,-1.0243902439024384,-0.3333333333333333,-0.46556058320764204,0.0
0.0,1.0,-1.007534584980237,0.0,0.5,0.0,-0.5,-0.41304347826086957,0.16216216216216217,0.0,0.0,-1.0,-1.0,0.0,0.0,-2.0,0.0,1.0,0.0,0.044226044226044224,-0.10170940170940171,-0.3154228855721393,0.0,0.0,0.0,-0.498772704958272,0.0,-0.9748937813827733,0.0,-1.0,0.0,-1.0,0.0,-1.0,-1.0,0.0,-1.0,1.0,-0.6410256410256411,0.5,-1.0,-0.6376811594202898,0.0,0.0,0.0,0.0,-0.36764705882352944,0.0,0.0,0.0,-2.0,0.0,-0.3195747342088804,-1.3333333333333333,-0.8174962292609351,0.0
0.0,1.15,0.6438982213438735,0.0,0.4,0.0,1.0,0.7391304347826086,0.35135135135135137,2.0,0.0,0.0,0.0,1.9969558599695585,-1.0,0.0,1.0,-1.0,0.0,0.8711828711828712,0.43162393162393164,1.4776119402985075,0.0,0.0,0.0,1.270495827196858,0.0,0.4171494785631518,1.0,0.0,0.0,0.0,0.0,-3.0,0.5,0.0,0.0,0.0,0.6923076923076923,0.0,1.0,1.855072463768116,0.0,0.0,0.0,0.0,-0.36764705882352944,0.0,0.0,0.0,0.0,1.0,0.37148217636022507,0.3333333333333333,0.9944695827048768,2.2698262782864655
0.0,-0.25,-0.4270009881422925,0.0,-0.4,1.6666666666666667,1.0,0.6304347826086957,0.21621621621621623,2.0,0.0,0.0,0.0,0.0,-1.0,0.0,1.0,0.0,0.0,-0.04282204282204282,-0.7222222222222222,-1.1611940298507464,0.0,0.0,0.0,-0.6048109965635738,0.8791208791208791,-0.06952491309385864,1.0,0.0,1.0,0.0,0.0,-1.0,0.5,0.0,0.0,0.5,0.5641025641025641,-1.0,0.0,0.19461697722567287,0.0,0.0,0.0,0.7142857142857143,-0.36764705882352944,0.0,0.0,0.0,0.0,0.0,-0.416510318949343,0.6666666666666666,-0.6556058320764203,0.0
0.0,-0.65,0.07052865612648221,-1.0,0.7,0.0,-0.5,-0.13043478260869565,0.24324324324324326,0.0,0.0,0.0,0.0,0.0,0.0,0.0,0.0,1.0,0.0,0.44717444717444715,-0.488034188034188,-0.19402985074626866,0.0,0.0,0.0,-0.3789887088856161,0.0,-0.880648899188876,1.0,-1.0,0.0,0.0,0.0,-1.0,-0.5,0.0,-1.0,0.0,-0.3333333333333333,0.0,0.0,-0.12422360248447205,0.0,0.0,0.0,0.0,-0.36764705882352944,0.0,0.0,0.0,0.0,0.0,-0.8352720450281419,-0.6666666666666666,-0.6948215183509301,0.0
0.0,0.75,1.0737401185770752,0.0,0.7,1.6666666666666667,-0.5,-0.32608695652173914,-0.1891891891891892,0.0,0.0,-1.0,-1.0,0.0,0.0,-2.0,0.0,1.0,0.0,-0.5384345384345385,0.09487179487179487,-0.9124378109452737,1.0,0.0,0.0,-0.12960235640648013,0.7967032967032966,0.21166473541908074,0.0,-1.0,0.0,0.0,0.0,0.0,0.0,-3.0,-1.0,0.5,-0.5641025641025641,0.0,-1.0,-0.7453416149068323,0.0,0.0,0.0,1.6666666666666667,0.1323529411764706,0.0,0.0,0.0,0.0,0.0,0.7062747550552422,-0.3333333333333333,-0.3469079939668175,0.0
0.0,0.0,-0.4739377470355731,0.0,0.0,0.0,-0.5,-0.30434782608695654,-0.9459459459459459,0.0,0.0,-2.25,0.2,0.0,0.0,0.0,0.0,1.0,0.0,-0.020358020358020357,0.33076923076923076,0.09651741293532339,1.0,0.0,-4.0,-0.09229258713794797,0.0,-0.6550791811510236,0.0,-1.0,0.0,0.0,0.0,0.0,0.0,0.0,-1.0,0.0,-0.5384615384615384,0.0,-1.0,-0.8033126293995859,0.0,0.0,0.0,0.8333333333333334,-0.36764705882352944,252.0,0.0,0.0,-3.0,0.0,-0.9309985407546376,-0.6666666666666666,-0.40120663650075417,0.0
1.0,-0.55,-0.30027173913043476,0.0,-0.3,0.0,0.0,-1.1521739130434783,-1.1891891891891893,0.0,0.0,-2.25,-2.0,0.0,0.0,0.0,-1.0,1.0,0.0,-0.5384345384345385,0.9136752136752136,0.04079601990049751,1.0,0.0,-4.0,-0.14727540500736377,0.0,-0.6983391270760911,0.0,-1.0,0.0,-1.0,0.0,0.0,0.0,0.0,0.0,1.0,-1.5384615384615385,0.5,-1.0,-0.7122153209109731,0.0,0.0,0.0,0.0,-0.04411764705882353,112.0,0.0,0.0,-2.0,0.0,-1.0127162810089636,-0.6666666666666666,-0.45751633986928103,0.0
0.0,0.7,0.1495800395256917,0.0,-0.7,0.0,0.5,0.6956521739130435,0.32432432432432434,0.0,0.0,0.0,0.0,1.1933028919330289,-1.0,0.0,1.0,0.0,-3.0,-0.5047385047385048,1.7957264957264958,1.1154228855721393,0.0,0.0,0.0,0.9131075110456554,0.0,0.13595983005021245,0.0,0.0,0.0,0.0,0.0,-1.0,0.5,0.0,-1.0,0.0,0.6410256410256411,0.0,1.0,1.2505175983436854,0.0,0.0,0.0,0.8571428571428571,-0.07352941176470588,0.0,0.0,0.0,0.0,1.0,-0.08380237648530313,0.0,0.628456510809452,1.2832053427338719
0.0,-0.225,-0.13648715415019763,-1.0,-0.5,0.0,-1.0,-0.3695652173913043,-1.027027027027027,0.0,0.0,-3.0,-2.6,0.0,0.0,0.0,0.0,1.0,0.0,-0.5384345384345385,0.33247863247863246,-0.6358208955223881,0.0,0.0,-4.0,-0.249386352479136,0.0,-0.7786790266512167,0.0,-1.0,0.0,0.0,0.0,0.0,-0.5,0.0,-1.0,0.25,-0.6153846153846154,0.5,-1.0,-0.7950310559006211,0.0,0.0,0.0,0.38095238095238093,-0.36764705882352944,0.0,160.0,0.0,-2.0,-4.0,-0.6041275797373354,-1.0,-0.8516842634489693,0.0
0.0,-1.0,-0.018157114624505928,0.0,-0.5,0.0,-0.5,-0.5652173913043478,0.3783783783783784,2.0,0.0,0.0,0.0,0.0,0.0,-4.0,0.0,1.0,0.0,-0.5384345384345385,0.3769230769230769,-0.5840796019900497,0.0,0.0,0.0,-0.7638684339715267,0.0,-1.1834685206643492,0.0,-1.0,0.0,-1.0,0.0,0.0,-1.0,0.0,-1.0,1.25,0.0,-0.5,-2.0,-1.9875776397515528,-2.0,-2.0,0.0,0.0,2.573529411764706,0.0,0.0,0.0,0.0,0.0,-0.9105691056910564,-1.0,-1.0889894419306183,0.0
0.0,-0.25,-0.08732707509881422,-1.0,-0.4,1.6666666666666667,0.5,0.41304347826086957,-0.05405405405405406,0.0,0.0,-1.5,-1.4,1.035007610350076,0.0,0.0,1.0,0.0,0.0,-0.5384345384345385,-0.15982905982905982,-1.208955223880597,0.5,0.0,0.0,-0.5400098183603338,0.9203296703296703,0.027809965237543453,0.0,0.0,1.0,0.0,0.0,-1.0,0.5,0.0,0.0,0.0,0.3076923076923077,-1.0,0.0,-0.36438923395445133,0.0,0.0,0.0,0.5952380952380952,0.0,0.0,0.0,0.0,0.0,0.0,-0.25891181988742934,0.3333333333333333,-0.6163901458019105,1.0875951257393197
0.0,-0.5,0.2360424901185771,0.0,0.0,0.0,-1.0,-0.391304347826087,-1.054054054054054,0.0,0.0,-0.75,-0.6,0.0,0.0,0.0,0.0,1.0,0.0,-0.5384345384345385,0.9017094017094017,0.026865671641791045,1.0,0.0,0.0,-0.16102110947471773,0.0,-0.709154113557358,0.0,-1.0,0.0,-1.0,0.0,-2.0,-0.5,0.0,0.0,1.0,-0.07692307692307693,0.5,0.0,0.7950310559006211,-4.0,-4.0,0.0,0.0,-0.36764705882352944,0.0,0.0,0.0,0.0,0.0,-0.4465290806754219,-1.0,-0.47159376571141276,0.0
0.0,-0.85,-1.431447628458498,0.0,-1.2,0.0,0.5,0.7391304347826086,0.35135135135135137,2.0,0.0,0.0,0.0,0.791476407914764,-1.0,0.0,1.0,0.0,0.0,-0.5384345384345385,1.5307692307692307,0.7592039800995025,0.0,0.0,0.0,0.9189985272459499,0.0,0.14059482425646969,0.0,0.0,0.0,-1.0,0.0,-1.0,0.5,0.0,0.0,0.0,0.6923076923076923,-1.0,1.0,0.7453416149068323,0.0,0.0,0.0,0.8511904761904762,-0.07352941176470588,0.0,0.0,0.0,0.0,0.0,-0.07629768605378365,0.0,0.4514831573655103,0.8519277764962283
0.0,5.6,1.2582756916996047,-0.3333333333333333,-0.4,0.0,0.5,0.6739130434782609,0.2702702702702703,2.0,0.0,0.0,0.0,0.0,-1.0,0.0,1.0,0.0,-3.0,1.2867672867672868,-0.4230769230769231,1.0716417910447762,0.0,0.0,0.0,0.8699067255768287,0.0,0.10196987253765932,1.0,0.0,0.0,0.0,0.0,-1.0,0.5,0.0,0.0,0.0,0.6153846153846154,-1.0,1.0,0.6211180124223602,0.0,0.0,0.0,0.8571428571428571,0.16176470588235295,0.0,0.0,0.0,0.0,-1.0,-0.13883677298311414,0.3333333333333333,0.5842131724484666,0.0
0.0,-0.55,0.5725049407114624,-1.0,-0.4,1.0,0.5,0.6739130434782609,0.2972972972972973,0.0,0.0,0.0,0.0,0.0,-1.0,0.0,1.0,0.0,-3.0,-0.5384345384345385,0.6316239316239316,-0.28756218905472636,0.0,0.0,0.0,-0.47128129602356406,1.5274725274725274,0.764774044032445,0.0,0.0,1.0,1.0,0.0,-1.0,1.0,0.0,0.0,0.5,0.6153846153846154,-1.0,0.0,-0.19047619047619047,0.0,0.0,0.0,0.5952380952380952,0.3382352941176471,0.0,0.0,0.0,0.0,0.0,0.32176360225140693,0.6666666666666666,0.3288084464555053,0.0
1.0,-0.5,-0.5628705533596838,0.0,0.5,1.3333333333333333,-0.5,0.15217391304347827,-0.3783783783783784,0.0,0.0,-1.0,-1.0,1.095890410958904,0.0,0.0,0.0,0.0,-2.0,0.7757107757107757,-0.8162393162393162,-0.11044776119402985,1.0,0.0,0.0,-0.2965144820814924,0.0,-0.8157589803012746,1.0,-1.0,0.0,-1.0,0.0,0.0,-1.0,0.0,-1.0,1.0,0.0,0.5,0.0,0.7950310559006211,0.0,0.0,0.0,0.2916666666666667,-0.36764705882352944,0.0,0.0,0.0,0.0,0.0,0.13133208255159468,-1.0,-0.6103569632981398,0.9151760766248177
0.0,-0.25,-0.4136610671936759,0.0,0.6,-0.6666666666666666,-1.0,-0.9782608695652174,-1.1891891891891893,0.0,0.0,0.5,-0.6,0.0,0.0,0.0,-1.0,1.0,0.0,0.33485433485433486,0.038461538461538464,0.25970149253731345,1.0,0.0,0.0,0.4732449680903289,0.896978021978022,0.798764001544998,1.0,0.0,0.0,1.0,0.0,-1.0,0.5,-3.0,1.0,1.0,0.02564102564102564,0.5,0.0,0.39751552795031053,0.0,0.0,0.0,2.5654761904761907,0.27941176470588236,0.0,0.0,0.0,-2.0,0.0,0.9893683552220132,0.3333333333333333,0.6274509803921569,0.0
0.0,-0.35,0.3047183794466403,0.0,-0.1,0.0,-0.5,0.391304347826087,-0.05405405405405406,0.0,0.0,-1.5,-1.4,0.0,0.0,0.0,1.0,0.0,-1.0,-0.24078624078624078,0.4863247863247863,-0.03482587064676617,1.0,0.0,0.0,-0.22189494354442807,0.0,-0.7570490536886829,0.0,-1.0,0.0,0.0,0.0,0.0,-0.5,0.0,-1.0,1.25,0.0,-0.5,-2.0,-1.9875776397515528,-2.0,-2.0,0.0,0.0,0.04411764705882353,0.0,0.0,0.0,-2.0,-4.0,-0.5550969355847399,-1.0,-0.5339366515837104,0.0
1.0,1.0,0.10412549407114624,0.0,0.5,1.0,0.0,-2.0217391304347827,-1.1891891891891893,0.0,0.0,0.25,0.2,0.0,0.0,0.0,-1.0,1.0,-1.0,-0.5384345384345385,0.9068376068376068,0.03283582089552239,1.0,0.0,0.0,0.17869415807560138,1.4175824175824177,1.152568559289301,0.0,0.0,0.0,2.0,0.0,-2.0,1.0,0.0,-1.0,1.0,-1.2820512820512822,0.5,-1.0,-1.1387163561076605,-4.0,0.0,-2.0,0.0,0.3382352941176471,0.0,0.0,0.0,0.0,0.0,0.871169480925578,0.3333333333333333,0.743086978381096,0.0
0.0,0.5,0.08633893280632411,-1.0,0.8,1.0,1.0,0.4782608695652174,0.02702702702702703,0.0,0.0,0.0,0.0,0.0,-1.0,0.0,1.0,0.0,0.0,0.2815022815022815,0.11367521367521367,0.2716417910447761,0.0,0.0,0.0,0.10800196367206677,1.206043956043956,0.8590189262263422,0.0,0.0,1.0,0.0,0.0,-1.0,1.0,0.0,0.0,0.0,0.38461538461538464,0.0,0.0,-0.057971014492753624,0.0,0.0,0.0,0.0,1.911764705882353,0.0,0.0,0.0,0.0,0.0,0.4552845528455282,0.6666666666666666,0.6726998491704375,0.0
0.0,-0.65,-0.17428359683794467,-1.0,-0.4,1.0,0.0,0.5217391304347826,0.08108108108108109,0.0,0.0,0.0,0.0,0.0,0.0,0.0,1.0,0.0,-3.0,-0.5384345384345385,0.7495726495726496,-0.15024875621890546,0.5,0.0,0.0,-0.33578792341678937,0.9395604395604396,0.21011973735032832,0.0,0.0,1.0,0.0,0.0,0.0,0.5,0.0,0.0,0.0,0.4358974358974359,-1.0,0.0,-0.08281573498964803,0.0,0.0,0.0,0.5952380952380952,0.19117647058823528,0.0,0.0,0.0,0.0,0.0,0.036272670419012075,0.3333333333333333,0.03720462543991956,0.0
1.0,-0.5,-0.8148468379446641,0.0,-0.9,0.0,0.0,-1.0217391304347827,-1.1891891891891893,0.0,0.0,0.25,0.2,0.0,0.0,0.0,-1.0,1.0,0.0,-0.5384345384345385,0.8247863247863247,-0.0626865671641791,1.0,-1.0,0.0,-0.19833087874324987,0.0,-0.738509076863654,0.0,-1.0,0.0,-1.0,0.0,0.0,-0.5,0.0,0.0,1.0,-1.3846153846153846,0.5,-1.0,-1.2422360248447204,0.0,0.0,0.0,0.0,1.5147058823529411,0.0,0.0,0.0,0.0,0.0,-0.5130706691682301,-1.0,-0.5359477124183006,0.0
0.0,0.5,0.030014822134387352,0.0,0.0,-0.6666666666666666,0.0,-0.5,-1.1891891891891893,0.0,0.0,0.0,0.0,0.0,0.0,0.0,0.0,1.0,0.0,-0.14531414531414533,0.46923076923076923,0.08059701492537313,1.0,0.0,-4.0,-0.10800196367206677,0.3021978021978022,-0.3275395905755118,0.0,-1.0,0.0,0.0,0.0,0.0,0.0,0.0,-1.0,0.0,-0.7692307692307693,0.5,-1.0,-0.7950310559006211,0.0,0.0,0.0,0.0,-0.36764705882352944,96.0,0.0,0.0,0.0,-4.0,-0.3122785074004586,-0.6666666666666666,-0.19607843137254902,0.0
0.0,-0.8,-0.7748270750988142,0.0,0.7,-0.6666666666666666,-0.5,-2.130434782608696,0.05405405405405406,0.0,0.0,0.0,0.0,0.0,0.0,-2.0,0.0,1.0,0.0,-0.5384345384345385,0.5170940170940171,-0.4208955223880597,0.5,-1.0,0.0,-0.602847324496809,0.32967032967032966,-0.6859791425260718,0.0,-1.0,0.0,-1.0,0.0,0.0,0.0,0.0,-1.0,1.25,0.0,-0.5,-2.0,-1.9875776397515528,-2.0,-2.0,-2.0,0.0,-0.36764705882352944,176.0,0.0,0.0,0.0,0.0,-0.9893683552220132,-0.6666666666666666,-0.6827551533433887,0.0
0.0,0.15,0.08411561264822134,-1.0,-0.1,0.0,0.0,0.08695652173913043,-0.4594594594594595,0.0,0.0,-0.75,-1.2,0.0,0.0,0.0,1.0,1.0,-2.0,1.6616356616356616,-0.8162393162393162,1.1452736318407961,1.0,0.0,0.0,0.9425625920471281,0.0,0.15913480108149866,1.0,0.0,0.0,-1.0,0.0,-1.0,-0.5,0.0,1.0,0.0,-0.07692307692307693,0.0,0.0,0.968944099378882,0.0,0.0,0.0,1.5714285714285714,0.10294117647058823,0.0,0.0,0.0,0.0,0.0,1.5217010631644765,-0.3333333333333333,0.6586224233283057,0.0
0.0,1.4,-0.1846590909090909,-1.0,-0.9,0.0,-0.5,-1.1521739130434783,-1.1891891891891893,0.0,0.0,-0.25,-0.2,0.0,0.0,-3.0,-1.0,1.0,0.0,0.36714636714636717,-0.3547008547008547,-0.15223880597014924,1.0,0.0,0.0,0.15709376534118802,0.0,-0.45886442641946695,0.0,-1.0,0.0,0.0,0.0,0.0,0.0,-6.0,0.0,1.0,-0.20512820512820512,0.5,0.0,0.062111801242236024,0.0,0.0,0.0,0.0,-0.36764705882352944,216.0,126.0,0.0,0.0,0.0,-0.5603502188868039,-0.6666666666666666,-0.3991955756661639,0.0
0.0,-0.5,-0.5258152173913043,0.0,0.0,0.0,-0.5,-0.4782608695652174,-1.162162162162162,0.0,0.0,-1.5,-1.4,0.0,0.0,0.0,0.0,1.0,-1.0,0.6577746577746578,-0.6452991452991453,-0.07860696517412935,1.0,0.0,0.0,-0.2650957290132548,0.0,-0.791039011201236,1.0,-1.0,0.0,-1.0,0.0,0.0,-1.0,0.0,-1.0,1.0,0.20512820512820512,0.5,0.0,1.4906832298136645,0.0,0.0,0.0,0.0,-0.36764705882352944,0.0,0.0,0.0,0.0,-4.0,0.20137585991244517,-1.0,-0.5781799899446959,0.0
0.0,0.5,0.20392786561264822,-1.0,0.2,1.0,-0.5,0.06521739130434782,-0.4864864864864865,0.0,0.0,-0.75,-0.6,0.2678843226788432,0.0,-2.0,0.0,1.0,0.0,-0.00351000351000351,-0.13418803418803418,-0.4208955223880597,0.0,0.0,0.0,0.0019636720667648502,1.0714285714285714,0.6241792197759752,1.0,0.0,1.0,1.0,0.0,-1.0,1.5,0.0,0.0,0.0,-0.10256410256410256,0.5,0.0,0.016563146997929608,0.0,0.0,0.0,2.6666666666666665,1.0441176470588236,0.0,0.0,0.0,0.0,0.0,-0.33173511222291713,1.3333333333333333,0.16993464052287582,0.3160351161330134
0.0,0.35,0.12018280632411067,0.0,-0.7,1.0,1.0,0.717391304347826,0.35135135135135137,2.0,0.0,0.0,0.0,2.070015220700152,-1.0,0.0,1.0,-1.0,-2.0,1.076167076167076,-0.2760683760683761,0.9442786069651742,0.0,0.0,0.0,0.7442317133038783,1.870879120879121,2.1073773657782926,1.0,1.0,0.0,1.0,0.0,-1.0,2.5,0.0,0.0,0.5,0.6666666666666666,0.0,1.0,2.368530020703934,0.0,0.0,0.0,0.7440476190476191,1.75,0.0,0.0,0.0,0.0,1.0,0.535675706407413,2.0,1.8250377073906485,3.0047811696018334
0.0,0.05,-0.11820652173913043,0.0,0.7,0.0,-0.5,-0.30434782608695654,-0.9459459459459459,0.0,0.0,0.25,-0.6,0.0,0.0,0.0,0.0,1.0,0.0,-0.13408213408213407,0.4111111111111111,0.028855721393034824,1.0,0.0,0.0,-0.15905743740795286,0.0,-0.7076091154886056,0.0,-1.0,0.0,0.0,0.0,0.0,-0.5,0.0,-1.0,1.25,0.0,-0.5,-2.0,-1.9875776397515528,-2.0,-2.0,0.0,0.0,-0.014705882352941176,0.0,0.0,0.0,0.0,0.0,-0.4430268918073796,-1.0,-0.4695827048768225,0.0
0.0,-0.5,0.6673666007905138,0.0,-0.5,-0.6666666666666666,-1.0,-0.6956521739130435,-1.1891891891891893,0.0,0.0,-1.0,-1.0,0.0,0.0,-3.0,-1.0,0.0,0.0,-0.04984204984204984,-0.2623931623931624,-0.6358208955223881,0.25,-1.0,-4.0,-0.8149239077074129,0.34615384615384615,-0.8342989571263036,1.0,-1.0,0.0,-1.0,0.0,-2.0,-0.5,0.0,-1.0,1.0,-1.0,0.5,-1.0,-0.8281573498964804,0.0,0.0,0.0,0.0,-0.36764705882352944,0.0,0.0,0.0,-2.0,0.0,-0.7302063789868661,-0.6666666666666666,-0.8878833584715937,0.0
1.0,-0.9,-0.8000247035573123,0.0,-0.9,-0.6666666666666666,-0.5,-0.9782608695652174,-1.1891891891891893,0.0,0.0,-1.0,-1.0,0.0,0.0,0.0,-1.0,1.0,0.0,-0.5384345384345385,0.964957264957265,0.10049751243781095,0.0,0.0,0.0,-0.08836524300441827,0.7335164835164835,0.17303978370027037,0.0,-1.0,0.0,0.0,0.0,0.0,1.0,0.0,0.0,1.0,-1.3333333333333333,0.5,-1.0,-1.0559006211180124,0.0,0.0,0.0,0.0,-0.36764705882352944,0.0,0.0,0.0,0.0,-1.0,-0.5165728580362724,0.0,0.13976872800402212,0.0
0.0,-0.175,0.42527173913043476,0.0,0.8,0.0,0.0,0.2608695652173913,-0.24324324324324326,0.0,0.0,0.25,0.4,0.517503805175038,-1.0,0.0,0.0,0.0,0.0,1.2277992277992278,-0.7478632478632479,0.609950248756219,1.0,0.0,0.0,0.41433480608738343,0.0,-0.2564696794129007,1.0,0.0,0.0,0.0,0.0,-1.0,-0.5,0.0,0.0,0.0,0.1282051282051282,0.5,0.0,-0.3188405797101449,0.0,0.0,0.0,0.9821428571428571,0.014705882352941176,0.0,0.0,0.0,0.0,0.0,0.5796122576610382,-0.3333333333333333,0.11764705882352941,0.5089211516624025
0.0,0.25,0.6229001976284585,0.0,-0.6,1.0,0.5,-0.6956521739130435,-1.1891891891891893,0.0,0.0,-1.0,-1.0,0.0,0.0,0.0,0.0,1.0,0.0,-0.15233415233415235,-0.0829059829059829,-0.572139303482587,0.0,0.0,0.0,-0.44575355915562104,0.967032967032967,0.1544998068752414,0.0,-1.0,1.0,0.0,0.0,-2.0,0.5,0.0,0.0,0.0,-1.0,0.5,-1.0,-1.0186335403726707,0.0,0.0,0.0,0.0,-0.36764705882352944,0.0,0.0,0.0,0.0,0.0,-0.0537836147592247,0.0,-0.21216691804927099,0.0
1.0,-0.5,-0.9334239130434783,0.0,0.5,-0.6666666666666666,0.5,-1.0217391304347827,-1.1891891891891893,0.0,0.0,0.25,0.2,0.0,0.0,0.0,1.0,1.0,0.0,-0.5384345384345385,0.16153846153846155,-0.8348258706467662,1.0,0.0,0.0,-1.0112911143838978,0.7403846153846154,-0.5453843182696022,0.0,-1.0,0.0,-1.0,0.0,0.0,-0.5,0.0,0.0,1.0,0.05128205128205128,0.5,-1.0,-0.7950310559006211,0.0,0.0,0.0,0.0,-0.36764705882352944,176.0,0.0,0.0,0.0,0.0,-0.07529706066291447,-1.0,-0.8004022121669181,0.0
1.0,-1.0,-0.11820652173913043,0.0,0.5,1.0,0.5,-1.1521739130434783,-0.16216216216216217,2.0,0.0,0.0,0.0,0.0,0.0,-2.0,1.0,1.0,0.0,0.33766233766233766,-0.7717948717948718,-0.6796019900497512,0.0,0.0,0.0,-0.5007363770250368,0.8928571428571429,0.027809965237543453,0.0,-1.0,0.0,0.0,0.0,0.0,0.5,0.0,-1.0,1.0,-1.2820512820512822,0.5,0.0,-0.6459627329192547,0.0,0.0,0.0,0.0,-0.36764705882352944,0.0,0.0,0.0,0.0,0.0,-0.25891181988742934,0.0,-0.3489190548014077,0.0
0.0,-0.65,-0.2960721343873518,-1.0,0.0,0.0,0.0,-0.5,-1.1891891891891893,0.0,0.0,-2.25,-2.0,0.0,0.0,0.0,0.0,1.0,0.0,-0.5384345384345385,0.7769230769230769,-0.11840796019900497,0.0,0.0,-4.0,-0.30436917034855177,0.0,-0.8219389725762842,0.0,-1.0,0.0,-1.0,0.0,-1.0,-1.0,0.0,0.0,0.0,-0.7692307692307693,0.5,-1.0,-0.7204968944099379,0.0,0.0,0.0,0.0,-0.36764705882352944,214.0,0.0,0.0,-4.0,0.0,0.11382113821138205,-1.3333333333333333,-0.6184012066365008,0.0
0.0,3.2,2.0445899209486167,0.0,-0.5,0.0,-0.5,-0.30434782608695654,-0.9459459459459459,0.0,0.0,-1.5,-0.6,0.8036529680365296,0.0,0.0,0.0,1.0,0.0,-0.2913302913302913,1.3888888888888888,0.9442786069651742,1.0,0.0,0.0,0.7442317133038783,0.0,0.003089996137504828,0.0,-1.0,1.0,0.0,0.0,-2.0,0.0,0.0,1.0,0.0,-0.5384615384615384,-1.0,0.0,0.19875776397515527,0.0,0.0,0.0,0.0,1.6911764705882353,0.0,100.0,0.0,0.0,0.0,0.3122785074004586,-0.3333333333333333,0.4555052790346908,0.8399146293220057
0.0,1.0,1.1453804347826086,-1.0,-0.6,0.0,0.0,-0.3695652173913043,0.2702702702702703,0.0,0.0,-0.5,-0.4,0.0,0.0,0.0,1.0,1.0,0.0,-0.12285012285012285,-0.4230769230769231,0.16218905472636816,0.0,0.0,0.0,1.4216985763377517,0.0,0.5361143298570876,0.0,-1.0,0.0,-1.0,0.0,-3.0,0.0,0.0,0.0,0.0,-0.6153846153846154,-1.0,0.0,-0.041407867494824016,0.0,0.0,0.0,0.0,-0.36764705882352944,280.0,0.0,0.0,0.0,-4.0,1.319157806962684,-0.6666666666666666,0.4072398190045249,0.0
1.0,-0.5,-0.8864871541501976,0.0,-0.3,0.0,0.0,-0.9347826086956522,0.35135135135135137,0.0,0.0,0.25,0.2,0.0,-1.0,-2.0,-1.0,1.0,-3.0,0.21691821691821692,-0.34102564102564104,-0.3492537313432836,0.0,0.0,0.0,-0.5321551300932744,0.0,-1.0011587485515643,0.0,-1.0,0.0,-1.0,0.0,0.0,-0.5,0.0,-1.0,1.0,0.5641025641025641,0.5,-1.0,-0.19875776397515527,0.0,0.0,0.0,0.0,-0.36764705882352944,96.0,0.0,0.0,0.0,0.0,-1.1084427767354592,-1.0,-0.8516842634489693,0.0
0.0,0.15,1.0428606719367588,-1.0,0.0,1.0,0.5,-0.17391304347826086,-0.16216216216216217,0.0,0.0,0.0,0.0,1.7534246575342465,0.0,0.0,0.0,1.0,-2.0,0.09898209898209898,-0.11538461538461539,-0.2537313432835821,1.0,0.0,0.0,-0.3632793323514973,1.260989010989011,0.5500193124758594,0.0,-1.0,2.0,1.0,0.0,-1.0,1.0,0.0,1.0,0.0,-0.38461538461538464,0.5,0.0,0.049689440993788817,0.0,0.0,0.0,0.35714285714285715,0.8676470588235294,0.0,273.0,0.0,-4.0,0.0,0.017510944340212622,0.6666666666666666,0.20613373554550024,2.0418433081393896
0.0,1.0,0.31855237154150196,-1.0,1.2,0.0,-0.5,0.06521739130434782,0.2702702702702703,0.0,0.0,-0.75,-0.6,0.0,-1.0,-2.0,0.0,0.0,-2.0,1.085995085995086,-0.33760683760683763,0.8865671641791045,1.0,0.0,0.0,0.6872852233676976,0.0,-0.04171494785631518,1.0,0.0,0.0,0.0,0.0,-1.0,0.0,0.0,0.0,0.0,-0.10256410256410256,0.0,0.0,0.19875776397515527,0.0,0.0,0.0,0.0,-0.058823529411764705,0.0,180.0,0.0,0.0,0.0,0.2276422764227641,0.0,0.39718451483157363,0.0
0.0,0.75,-0.031744071146245056,0.0,0.0,1.6666666666666667,-0.5,-0.17391304347826086,0.13513513513513514,0.0,0.0,-2.25,-2.0,0.0,0.0,-2.0,1.0,1.0,-2.0,0.3502983502983503,0.18547008547008548,0.4527363184079602,0.5,0.0,0.0,0.3495336278841433,0.0,-0.3074546156817304,0.0,0.0,0.0,0.0,0.0,-1.0,0.0,0.0,0.0,0.0,-0.38461538461538464,0.0,0.0,0.09109730848861283,0.0,0.0,0.0,0.0,0.9852941176470589,0.0,0.0,0.0,-2.0,0.0,-0.27433812799666424,0.0,0.005027652086475616,0.0
0.0,-1.8,-1.1061017786561265,-1.0,0.4,0.0,0.5,0.7391304347826086,0.3783783783783784,0.0,0.0,0.0,0.0,1.0106544901065448,-1.0,0.0,1.0,0.0,0.0,0.7307827307827308,-0.11538461538461539,0.6417910447761194,0.0,0.0,0.0,0.44575355915562104,0.0,-0.23174971031286212,1.0,0.0,0.0,-1.0,0.0,-1.0,0.0,0.0,0.0,0.0,0.717948717948718,0.0,0.0,0.6045548654244306,0.0,0.0,0.0,1.0238095238095237,0.5441176470588235,0.0,0.0,0.0,0.0,0.0,-0.13133208255159468,0.0,0.14982403217697335,1.0
0.0,1.1,0.6061017786561265,0.0,0.9,0.0,1.0,0.7391304347826086,0.3783783783783784,0.0,0.0,0.0,0.0,1.1324200913242009,-1.0,0.0,1.0,0.0,0.0,-0.5384345384345385,1.8846153846153846,1.1711442786069652,0.0,0.0,0.0,0.9680903289150712,0.0,0.17921977597528002,0.0,0.0,0.0,0.0,0.0,-1.0,0.5,0.0,-1.0,0.0,0.717948717948718,0.0,1.0,1.4492753623188406,0.0,0.0,0.0,0.0,-0.014705882352941176,0.0,0.0,0.0,0.0,1.0,-0.013758599124452634,0.0,0.6847662141779789,1.2286713089041477
0.0,0.3,-0.08856225296442688,0.0,0.2,1.0,0.0,0.021739130434782608,-0.5405405405405406,2.0,0.0,-1.5,-1.4,1.643835616438356,-1.0,0.0,0.0,1.0,0.0,0.08213408213408213,-0.03162393162393162,-0.18009950248756218,1.0,0.0,0.0,-0.28276877761413843,1.2815934065934067,0.6365392043259946,0.0,0.0,1.0,1.0,0.0,-1.0,1.0,0.0,0.0,0.0,-0.15384615384615385,0.0,0.0,0.2484472049689441,-3.0,0.0,0.0,0.0,0.6470588235294118,0.0,0.0,0.0,0.0,0.0,0.14008755472170098,0.6666666666666666,0.2996480643539467,1.943454648164673
0.0,-2.3,-1.7782855731225296,0.0,0.1,1.0,0.0,0.10869565217391304,-0.43243243243243246,0.0,0.0,-0.75,-2.2,0.0,0.0,0.0,0.0,0.0,0.0,-0.10179010179010178,0.11367521367521367,-0.2716417910447761,0.25,0.0,0.0,-0.45557191948944525,0.8255494505494505,-0.012359984550019312,0.0,0.0,1.0,0.0,0.0,0.0,0.5,0.0,0.0,0.0,-0.05128205128205128,0.5,0.0,-0.16563146997929606,0.0,0.0,0.0,0.15476190476190477,-0.36764705882352944,0.0,0.0,0.0,0.0,0.0,-0.32395247029393354,0.3333333333333333,-0.1689291101055807,0.0
0.0,0.2,1.309165019762846,-1.0,-0.6,0.0,0.0,-0.41304347826086957,0.32432432432432434,2.0,0.0,-1.5,-1.4,0.4383561643835616,-1.0,0.0,0.0,1.0,0.0,0.4836784836784837,0.1547008547008547,0.6059701492537314,0.0,0.0,0.0,1.0859106529209621,0.0,0.2719196601004249,1.0,-1.0,0.0,0.0,0.0,-1.0,0.5,0.0,0.0,1.0,0.3333333333333333,0.5,0.0,1.8385093167701863,0.0,0.0,0.0,0.6428571428571429,-0.36764705882352944,0.0,0.0,0.0,0.0,0.0,0.136335209505941,0.0,0.45952740070387127,0.484561215208131
0.0,1.95,-0.1863883399209486,0.0,0.7,0.0,-0.5,-0.10869565217391304,-0.7027027027027027,0.0,0.0,0.0,0.0,0.0,0.0,0.0,0.0,0.0,0.0,0.15233415233415235,-0.12905982905982907,-0.19402985074626866,0.5,0.0,0.0,-0.3789887088856161,0.0,-0.880648899188876,0.0,-1.0,0.0,0.0,0.0,0.0,-0.5,0.0,0.0,0.0,-0.3076923076923077,-1.0,0.0,-0.12422360248447205,0.0,0.0,0.0,0.0,-0.36764705882352944,0.0,0.0,0.0,0.0,0.0,-0.8352720450281419,-1.0,-0.6948215183509301,0.0
0.0,-0.5,0.8452322134387352,0.0,0.7,1.3333333333333333,-1.0,-0.08695652173913043,-0.6756756756756757,0.0,0.0,-0.75,-0.6,0.0,0.0,0.0,0.0,0.0,-3.0,1.1435591435591435,-0.8162393162393162,0.4109452736318408,1.0,0.0,0.0,0.33578792341678937,0.0,-0.3182696021629973,2.0,-2.0,2.0,-3.0,1.0,0.0,0.0,0.0,-1.0,0.75,-0.28205128205128205,0.5,0.0,-0.33126293995859213,-4.0,0.0,0.0,0.7142857142857143,-0.36764705882352944,0.0,0.0,0.0,0.0,-2.0,-0.294767563060246,0.3333333333333333,-0.023127199597787834,0.0
0.0,-0.1,1.6498270750988142,-1.0,1.2,1.6666666666666667,-0.5,0.10869565217391304,-0.43243243243243246,0.0,0.0,-0.75,-0.6,0.0,0.0,0.0,1.0,0.0,-2.0,0.41628641628641627,-0.32222222222222224,0.7333333333333333,0.0,0.0,0.0,0.6774668630338734,0.0,-0.04943993820007725,1.0,-1.0,1.0,-1.0,0.0,-1.0,-0.5,0.0,0.0,0.0,-0.05128205128205128,0.5,0.0,0.4472049689440994,0.0,0.0,0.0,1.0,2.2794117647058822,0.0,0.0,0.0,0.0,0.0,1.0489055659787356,-0.3333333333333333,0.31473102061337355,0.0
0.0,0.45,0.015439723320158102,-1.0,0.4,0.0,0.5,0.782608695652174,0.40540540540540543,0.0,0.0,0.0,0.0,1.6316590563165905,-1.0,0.0,1.0,0.0,0.0,-0.5384345384345385,1.7512820512820513,1.0159203980099503,0.0,0.0,0.0,0.8149239077074129,0.0,0.05870992661259174,0.0,0.0,0.0,0.0,0.0,-1.0,0.5,0.0,-1.0,0.0,0.7435897435897436,0.0,0.0,0.6790890269151139,0.0,0.0,0.0,0.0,1.3088235294117647,0.0,0.0,0.0,0.0,1.0,-0.20888055034396463,0.0,0.5279034690799397,1.7260921987077078
0.0,-0.3,0.2461709486166008,-1.0,-0.7,0.0,1.0,0.7608695652173914,0.3783783783783784,0.0,0.0,0.0,0.0,0.4383561643835616,-1.0,0.0,1.0,0.0,-3.0,-0.5384345384345385,2.0794871794871796,1.3980099502487562,0.0,0.0,0.0,1.191948944526264,0.0,0.3553495558130552,0.0,0.0,0.0,0.0,0.0,-1.0,0.5,0.0,-1.0,0.0,0.717948717948718,0.0,1.0,1.225672877846791,0.0,0.0,0.0,0.9523809523809523,0.11764705882352941,0.0,0.0,0.0,0.0,0.0,0.27141963727329566,0.0,0.9140271493212669,0.49247413808231244
0.0,-0.6,0.3393033596837945,-1.0,-0.4,1.0,0.0,0.5869565217391305,0.16216216216216217,0.0,0.0,0.0,0.0,0.0,0.0,0.0,1.0,0.0,0.0,0.5651105651105651,-0.5205128205128206,-0.06467661691542288,0.0,0.0,0.0,-0.25135002454590083,0.978021978021978,0.31981460023174973,1.0,0.0,1.0,0.0,0.0,0.0,0.5,0.0,0.0,0.0,0.5128205128205128,-1.0,0.0,-0.033126293995859216,0.0,0.0,0.0,0.0,0.19117647058823528,0.0,0.0,0.0,0.0,0.0,0.21388367729831145,0.6666666666666666,0.1518350930115636,0.0
0.0,2.5,1.0497776679841897,0.0,-0.5,1.0,0.0,-0.8260869565217391,-0.21621621621621623,2.0,0.0,-0.25,-0.2,0.0,0.0,0.0,0.0,1.0,0.0,0.34047034047034047,0.040170940170940174,0.26965174129353237,0.0,0.0,0.0,0.2925871379479627,1.1978021978021978,0.9949787562765546,0.0,0.0,0.0,1.0,0.0,-1.0,0.5,0.0,1.0,0.25,-1.1538461538461537,0.5,0.0,0.2484472049689441,0.0,0.0,0.0,0.0,-0.36764705882352944,0.0,90.0,0.0,0.0,0.0,1.307066916823014,0.0,0.7601809954751131,0.0
0.0,2.4,6.492465415019763,-1.0,0.3,1.0,2.0,0.4782608695652174,0.05405405405405406,2.0,0.0,-1.5,-1.4,8.3896499238965,-1.0,-2.0,1.0,-1.0,-2.0,1.408915408915409,0.11196581196581197,1.8676616915422886,0.0,0.0,0.0,1.4609720176730485,2.467032967032967,3.3418308227114717,1.0,1.0,1.0,1.0,0.0,-1.0,2.0,0.0,0.0,0.0,0.38461538461538464,-1.0,1.0,1.3540372670807452,0.0,0.0,0.0,2.1488095238095237,0.75,0.0,0.0,0.0,0.0,0.0,2.384990619136959,2.0,3.0950226244343892,13.791681676243817
0.0,0.3,0.09918478260869565,0.0,-0.1,1.6666666666666667,0.0,0.08695652173913043,-0.4594594594594595,0.0,0.0,-0.75,-0.6,0.0,0.0,0.0,0.0,1.0,-3.0,0.19445419445419446,0.16495726495726495,0.20796019900497512,1.0,0.0,0.0,0.06087383406971036,0.0,-0.5345693317883352,1.0,-1.0,0.0,0.0,0.0,0.0,0.0,0.0,0.0,0.0,-0.07692307692307693,-1.0,-1.0,-0.505175983436853,0.0,0.0,0.0,1.2083333333333333,-0.36764705882352944,0.0,0.0,-1.0,-4.0,0.0,-0.7033562643318735,-0.3333333333333333,-0.26646556058320764,0.0
0.0,0.3,-0.08856225296442688,0.0,0.0,0.0,0.0,-0.32608695652173914,-0.972972972972973,2.0,0.0,-1.0,-1.0,0.0,0.0,0.0,0.0,1.0,0.0,0.391014391014391,0.2076923076923077,0.536318407960199,0.0,0.0,0.0,0.34167893961708395,0.0,-0.31363460795674003,1.0,-1.0,0.0,0.0,0.0,0.0,0.0,0.0,0.0,0.0,-0.5641025641025641,0.0,0.0,-0.19461697722567287,0.0,0.0,0.0,0.0,-0.36764705882352944,0.0,288.0,0.0,0.0,0.0,-0.2860120908901397,-0.3333333333333333,0.043237807943690296,0.0
-2.0,-1.75,-1.3491847826086956,-1.0,0.9,1.0,0.5,0.717391304347826,0.35135135135135137,0.0,0.0,-1.0,-1.0,0.0,-1.0,0.0,1.0,0.0,0.0,-0.5384345384345385,0.25213675213675213,-0.7293532338308458,0.0,0.0,0.0,-0.9072164948453608,0.8585164835164835,-0.3306295867130166,0.0,0.0,1.0,-1.0,0.0,-1.0,-0.5,0.0,-1.0,1.0,0.6666666666666666,-1.0,0.0,0.6004140786749482,0.0,0.0,0.0,0.0,0.4264705882352941,0.0,0.0,0.0,0.0,0.0,0.41150719199499664,-0.3333333333333333,-0.6073403720462544,0.0
0.0,3.4,2.112524703557312,-1.0,-0.8,-0.6666666666666666,-0.5,-0.5869565217391305,0.0,0.0,0.0,-1.0,-1.0,0.0,0.0,0.0,0.0,1.0,0.0,-0.325026325026325,0.8538461538461538,1.2069651741293532,1.0,0.0,0.0,1.0780559646539027,1.3337912087912087,2.5059868675164156,0.0,1.0,0.0,0.0,0.0,-3.0,3.0,-6.0,0.0,1.25,0.0,-0.5,-2.0,-1.9875776397515528,-2.0,-2.0,0.0,0.7261904761904762,-0.36764705882352944,0.0,0.0,0.0,-2.0,0.0,0.5370022930998541,2.0,2.2171945701357467,0.0
0.0,0.5,1.7493824110671936,-1.0,-0.6,1.0,0.0,-0.8913043478260869,-1.1891891891891893,0.0,0.0,0.25,0.2,0.0,0.0,0.0,-1.0,0.0,0.0,0.16777816777816779,-0.04871794871794872,-0.07860696517412935,1.0,0.0,0.0,0.16298478154148258,1.614010989010989,1.3611432985708767,0.0,0.0,1.0,1.0,0.0,0.0,1.5,0.0,0.0,1.0,-1.2307692307692308,0.5,0.0,-0.4968944099378882,0.0,0.0,0.0,0.0,-0.36764705882352944,0.0,0.0,0.0,0.0,0.0,0.5963449378083518,1.0,0.8225238813474107,0.0
0.0,0.75,0.2963191699604743,0.0,0.3,-0.6666666666666666,1.0,0.41304347826086957,0.16216216216216217,2.0,0.0,-1.5,-1.4,2.051750380517504,-1.0,0.0,1.0,0.0,0.0,0.44436644436644435,0.8641025641025641,1.3761194029850747,0.0,0.0,0.0,2.046146293568974,1.0206043956043955,2.175357280803399,0.0,0.0,1.0,1.0,0.0,-1.0,1.5,0.0,0.0,0.0,0.3076923076923077,-1.0,0.0,0.2525879917184265,0.0,0.0,0.0,0.0,0.11764705882352941,0.0,0.0,0.0,0.0,0.0,1.621708011951913,1.0,2.087481146304676,3.0013479594102117
0.0,-1.65,-0.6243824110671937,-1.0,-0.1,0.0,-0.5,0.2391304347826087,-0.24324324324324326,0.0,0.0,-1.5,-0.6,0.0,0.0,0.0,0.0,1.0,0.0,0.3853983853983854,-0.44358974358974357,-0.2298507462686567,1.0,0.0,0.0,-0.32204221894943547,0.0,-0.835843955195056,1.0,-1.0,0.0,0.0,0.0,0.0,-0.5,0.0,-1.0,0.0,0.10256410256410256,0.5,-1.0,-0.8944099378881988,0.0,0.0,0.0,2.1547619047619047,-0.36764705882352944,0.0,0.0,0.0,-2.0,0.0,-0.733708567854909,-0.6666666666666666,-0.6837606837606838,0.0
1.0,-0.5,-1.365736166007905,0.0,0.5,-0.6666666666666666,0.0,-1.0217391304347827,0.2702702702702703,0.0,0.0,-1.0,-1.0,0.0,0.0,0.0,0.0,1.0,0.0,0.11863811863811864,-0.21794871794871795,-0.345273631840796,1.0,0.0,0.0,-0.5282277859597447,0.5576923076923077,-0.3707995365005794,0.0,-1.0,0.0,0.0,0.0,0.0,-0.5,0.0,-1.0,1.0,-1.3846153846153846,0.5,-1.0,-1.1180124223602483,0.0,0.0,-2.0,0.0,-0.36764705882352944,116.0,0.0,0.0,0.0,0.0,0.3204502814258912,-1.0,-0.4394167923579688,0.0
0.0,-0.8,-0.444046442687747,-1.0,-0.6,-0.6666666666666666,-0.5,-1.1304347826086956,-1.1891891891891893,0.0,0.0,0.25,0.2,0.0,0.0,0.0,-1.0,1.0,0.0,-0.5384345384345385,0.43333333333333335,-0.5184079601990049,0.0,0.0,0.0,-0.524300441826215,0.7184065934065934,-0.1869447663190421,0.0,-1.0,1.0,0.0,0.0,0.0,0.5,0.0,0.0,1.0,-1.5128205128205128,0.5,-1.0,-1.2173913043478262,-4.0,0.0,0.0,1.1428571428571428,-0.36764705882352944,102.0,0.0,0.0,0.0,0.0,-0.6066291432145087,0.0,-0.4072398190045249,0.0
0.0,0.35,-0.28248517786561267,0.0,-0.5,0.0,-0.5,-0.41304347826086957,-1.0810810810810811,0.0,0.0,0.25,0.2,0.0,0.0,0.0,2.0,0.5,1.0,-0.5384345384345385,-0.8162393162393162,-1.973134328358209,0.5,0.0,0.0,0.07265586647029947,0.0,-0.5252993433758207,0.0,-1.0,0.0,0.0,0.0,0.0,-0.5,-3.0,0.0,1.25,0.0,-0.5,-2.0,-1.9875776397515528,-2.0,-2.0,-2.0,0.0,0.16176470588235295,190.0,0.0,0.0,0.0,0.0,-0.02976860537836126,-1.0,-1.362493715434892,0.0
0.0,0.75,0.4178606719367589,-0.6666666666666666,1.1,1.0,0.5,0.3695652173913043,-0.08108108108108109,0.0,0.0,-1.0,-1.0,0.0,0.0,0.0,4.0,0.0,0.0,1.1688311688311688,-0.8162393162393162,0.44676616915422884,0.0,0.0,0.0,0.41433480608738343,1.6703296703296704,1.6222479721900347,0.0,0.0,1.0,1.0,0.0,0.0,1.0,0.0,-1.0,0.0,0.2564102564102564,-1.0,0.0,0.8819875776397516,0.0,0.0,0.0,0.0,-0.36764705882352944,0.0,0.0,0.0,-4.0,0.0,1.5365853658536577,0.6666666666666666,1.257918552036199,0.0
1.0,-0.3,-0.9613389328063241,-1.0,-0.6,0.0,1.0,0.7608695652173914,0.3783783783783784,2.0,0.0,-1.75,-1.6,1.1324200913242009,-3.0,0.0,1.0,-1.0,-2.0,1.5394875394875396,-0.6111111111111112,1.210945273631841,0.0,0.0,0.0,1.1094747177221405,0.0,0.29045963692545385,1.0,0.0,0.0,-1.0,0.0,-1.0,-0.5,0.0,0.0,0.0,0.717948717948718,-1.0,0.0,0.008281573498964804,0.0,0.0,0.0,0.9642857142857143,0.4117647058823529,0.0,0.0,0.0,0.0,1.0,1.819387116948091,0.0,0.7772750125691302,1.2563544867198237
0.0,4.5,1.5179100790513833,-1.0,0.3,1.0,2.0,0.5,0.05405405405405406,2.0,0.0,0.25,-1.2,0.0,-1.0,0.0,1.0,-1.0,-3.0,2.4043524043524043,-0.3034188034188034,2.7950248756218907,0.0,0.0,0.0,2.599901816396662,2.8365384615384617,4.653534183082271,1.0,1.0,1.0,1.0,0.0,-3.0,2.0,0.0,1.0,0.0,0.41025641025641024,-1.0,1.0,1.3788819875776397,0.0,0.0,0.0,1.0178571428571428,0.7794117647058824,0.0,0.0,-3.0,-2.0,-4.0,3.8716697936210114,2.0,4.417295123177476,0.0
0.0,-0.5,0.3264575098814229,0.0,0.5,0.0,-0.5,-1.1521739130434783,-1.1891891891891893,2.0,0.0,-0.25,-0.2,0.0,0.0,0.0,-1.0,1.0,0.0,0.6142506142506142,-0.30512820512820515,0.2557213930348259,0.0,0.0,0.0,0.08443789887088857,0.0,-0.5160293549633063,1.0,-1.0,0.0,-1.0,0.0,0.0,-0.5,0.0,0.0,1.0,-0.2564102564102564,0.5,0.0,0.9937888198757764,0.0,0.0,0.0,1.3630952380952381,-0.36764705882352944,0.0,0.0,0.0,0.0,0.0,-0.008755472170106311,-0.6666666666666666,-0.2302664655605832,0.0
0.0,-1.0,6.3375741106719365,0.0,1.1,0.0,-0.5,-0.21739130434782608,-0.8378378378378378,2.0,0.0,-1.0,-1.0,1.3759512937595129,0.0,0.0,0.0,1.0,-2.0,1.0888030888030888,-0.11025641025641025,1.155223880597015,0.5,0.0,0.0,0.9523809523809523,0.0,0.16685979142526072,1.0,-1.0,1.0,0.0,0.0,0.0,-0.5,0.0,1.0,-0.25,-0.4358974358974359,0.0,1.0,2.132505175983437,0.0,0.0,0.0,0.0,3.5,0.0,263.0,0.0,0.0,0.0,1.5392120075046891,-0.3333333333333333,0.6686777275012569,1.489117403621441
0.0,-0.5,0.06410573122529645,0.0,-0.5,-0.6666666666666666,-0.5,-1.065217391304348,-1.1891891891891893,0.0,0.0,-3.0,-2.6,0.0,0.0,-2.0,-1.0,1.0,0.0,0.011934011934011933,-0.14615384615384616,-0.4129353233830846,0.5,0.0,0.0,-0.2709867452135493,0.37362637362637363,-0.37543453070683663,1.0,-1.0,0.0,1.0,0.0,0.0,0.5,0.0,-1.0,0.0,-0.38461538461538464,0.5,-1.0,-0.36438923395445133,0.0,0.0,0.0,0.0,-0.36764705882352944,236.0,0.0,0.0,0.0,0.0,-0.9118198874296433,0.0,-0.4766214177978884,0.0
0.0,1.85,0.28075592885375494,-1.0,0.5,1.0,-1.5,-1.5869565217391304,-0.6486486486486487,0.0,0.0,-1.5,-1.4,0.0,0.0,0.0,0.0,-0.5,-1.0,0.07932607932607932,0.10341880341880341,-0.026865671641791045,1.0,0.0,0.0,-0.14334806087383406,0.9409340659340659,0.3630745461568173,1.0,0.0,0.0,0.0,1.0,0.0,0.5,0.0,-1.0,0.75,-1.5384615384615385,0.5,0.0,-0.2484472049689441,-4.0,-4.0,0.0,0.0,0.7205882352941176,0.0,0.0,0.0,0.0,-4.0,0.28392745465916197,0.3333333333333333,0.19909502262443438,0.0
0.0,0.95,0.7367835968379447,0.0,0.3,0.0,1.0,0.45652173913043476,0.02702702702702703,0.0,0.0,-1.25,-1.2,0.0,-1.0,0.0,1.0,0.0,0.0,1.505791505791506,-0.5290598290598291,1.2587064676616915,0.0,0.0,0.0,1.0544918998527246,0.0,0.24719969100038625,1.0,0.0,0.0,-1.0,0.0,-1.0,-0.5,0.0,0.0,0.0,0.358974358974359,0.0,1.0,1.1469979296066253,0.0,0.0,0.0,0.0,1.3088235294117647,192.0,0.0,0.0,-4.0,0.0,1.721325828642901,-0.3333333333333333,0.7732528908999498,0.0
0.0,-0.1,-0.13426383399209485,-1.0,-0.7,1.0,0.5,0.6304347826086957,0.21621621621621623,0.0,0.0,0.0,0.0,0.578386605783866,-1.0,0.0,1.0,0.0,0.0,-0.5384345384345385,0.6042735042735042,-0.3194029850746269,0.0,0.0,0.0,-0.5027000490918017,1.1387362637362637,0.30281962147547314,0.0,0.0,1.0,0.0,0.0,-1.0,0.5,0.0,-1.0,0.0,0.5641025641025641,0.0,0.0,0.053830227743271224,0.0,0.0,0.0,0.8571428571428571,0.6323529411764706,0.0,0.0,0.0,0.0,0.0,0.1863664790494057,0.3333333333333333,0.012066365007541479,0.6432382750856366
0.0,-0.5,-0.4887598814229249,0.0,-0.4,1.0,0.5,0.5652173913043478,0.13513513513513514,0.0,0.0,0.0,0.0,0.0,0.0,0.0,1.0,1.0,0.0,-0.5384345384345385,0.8829059829059829,0.004975124378109453,0.5,0.0,0.0,-0.11585665193912617,1.065934065934066,0.5252993433758207,0.0,0.0,1.0,0.0,0.0,-1.0,0.5,0.0,0.0,0.0,0.48717948717948717,-1.0,0.0,-0.15734989648033126,0.0,0.0,0.0,0.8333333333333334,0.5147058823529411,0.0,0.0,0.0,0.0,0.0,0.5465916197623513,0.3333333333333333,0.3207642031171443,0.0
0.0,0.15,5.677989130434782,0.0,-0.1,0.0,-1.0,-0.2608695652173913,-0.5135135135135135,0.0,0.0,-1.0,-1.0,0.9071537290715372,0.0,-2.0,0.0,1.0,-3.0,1.0888030888030888,-0.6623931623931624,0.5124378109452736,0.0,0.0,0.0,1.050564555719195,0.0,0.24410969486288142,1.0,-1.0,0.0,0.0,0.0,0.0,0.5,0.0,0.0,-0.25,-0.1282051282051282,-1.0,2.0,3.627329192546584,0.0,0.0,0.0,2.613095238095238,-0.36764705882352944,0.0,0.0,0.0,0.0,0.0,0.09130706691682311,0.0,0.3941679235796883,0.9972543117203565
-2.0,-2.3,-1.6881175889328064,0.0,0.9,1.0,1.0,0.5652173913043478,0.16216216216216217,0.0,0.0,-1.0,-1.0,2.776255707762557,-1.0,0.0,1.0,0.0,0.0,-0.5384345384345385,0.5102564102564102,-0.42885572139303485,0.0,0.0,0.0,-0.6342660775650466,0.929945054945055,-0.035534955581305525,0.0,0.0,1.0,-1.0,0.0,-1.0,-0.5,0.0,-1.0,1.0,0.48717948717948717,0.5,0.0,0.049689440993788817,0.0,0.0,0.0,1.2261904761904763,-0.36764705882352944,0.0,0.0,0.0,0.0,0.0,1.0804252657911186,-0.3333333333333333,-0.2634489693313223,2.876676744246284
1.0,-0.5,0.030014822134387352,0.0,0.5,-0.6666666666666666,-0.5,-1.0434782608695652,0.0,1.0,0.0,0.0,0.0,0.0,0.0,0.0,1.0,1.0,-1.0,-0.5384345384345385,0.3837606837606838,-0.5761194029850746,0.5,0.0,0.0,-0.48109965635738833,0.8653846153846154,0.012359984550019312,0.0,-1.0,0.0,0.0,0.0,-1.0,0.0,0.0,-1.0,1.0,-1.4102564102564104,0.5,-1.0,-0.9523809523809523,0.0,-4.0,-1.0,0.0,-0.36764705882352944,84.0,0.0,0.0,-3.0,0.0,0.32978945174067126,-0.6666666666666666,-0.3066867772750126,0.0
1.0,0.15,-1.229866600790514,0.0,-0.1,0.0,0.0,0.5652173913043478,0.13513513513513514,2.0,0.0,0.0,0.0,2.5875190258751903,0.0,0.0,1.0,-1.0,0.0,0.7012987012987013,-0.23333333333333334,0.4626865671641791,0.0,0.0,0.0,0.2690230731467845,0.0,-0.3707995365005794,1.0,0.0,0.0,-1.0,0.0,0.0,-0.5,0.0,-1.0,0.0,0.48717948717948717,-1.0,0.0,-0.32298136645962733,0.0,0.0,0.0,0.0,4.102941176470588,0.0,0.0,0.0,0.0,0.0,0.3204502814258912,-0.3333333333333333,-0.03117144293614882,2.4710063889647227
0.0,0.5,-0.028285573122529644,0.0,0.7,1.0,0.0,-0.08695652173913043,-0.6756756756756757,0.0,0.0,-1.5,-1.4,0.8706240487062404,0.0,0.0,0.0,1.0,0.0,-0.01755001755001755,-0.3170940170940171,-0.6537313432835821,1.0,0.0,0.0,-0.8325969563082966,0.9464285714285714,-0.17303978370027037,0.0,-1.0,1.0,1.0,0.0,0.0,0.5,0.0,-1.0,0.0,-0.28205128205128205,-1.0,-1.0,-0.7494824016563147,0.0,0.0,0.0,2.255952380952381,0.16176470588235295,0.0,0.0,0.0,-2.0,0.0,-0.5841150719199497,0.0,-0.46656611362493716,0.8738132234442038
0.0,-0.95,-0.3580780632411067,-1.0,-0.4,1.0,0.0,0.6956521739130435,0.2972972972972973,0.0,0.0,0.0,0.0,0.0,0.0,0.0,1.0,0.0,0.0,-0.5384345384345385,0.4282051282051282,-0.5243781094527363,0.0,0.0,0.0,-0.7049582719685813,1.0,-0.012359984550019312,0.0,0.0,1.0,0.0,0.0,-1.0,1.0,0.0,-1.0,0.0,0.6410256410256411,-1.0,0.0,-0.33126293995859213,0.0,0.0,0.0,0.5952380952380952,-0.014705882352941176,0.0,0.0,0.0,0.0,0.0,-0.7792370231394617,0.6666666666666666,-0.29663147310206134,0.0
0.0,-0.6,1.1303112648221343,-1.0,-0.4,1.0,0.5,0.717391304347826,0.32432432432432434,0.0,0.0,0.0,0.0,0.0,-1.0,0.0,1.0,0.0,-3.0,-0.5384345384345385,0.6863247863247863,-0.22388059701492538,0.0,0.0,0.0,-0.40844378988708885,1.3516483516483517,0.6164542294322132,0.0,0.0,1.0,1.0,0.0,-1.0,1.5,0.0,0.0,0.5,0.6666666666666666,-1.0,1.0,0.7453416149068323,0.0,0.0,0.0,0.5952380952380952,-0.11764705882352941,0.0,0.0,0.0,0.0,1.0,-0.34146341463414615,1.0,0.2644544997486174,0.0
1.0,-0.25,-0.1552618577075099,-1.0,0.5,0.6666666666666666,0.5,-1.2391304347826086,-1.1891891891891893,0.0,0.0,-1.0,-1.0,0.0,0.0,0.0,-1.0,1.0,0.0,-0.5384345384345385,0.5769230769230769,-0.35124378109452736,0.0,0.0,0.0,-0.5341188021600393,1.2019230769230769,0.34916956353804557,0.0,-1.0,0.0,0.0,0.0,0.0,0.5,0.0,0.0,1.0,-1.641025641025641,0.5,-1.0,-1.0559006211180124,0.0,0.0,0.0,0.0,-0.36764705882352944,330.0,0.0,0.0,0.0,0.0,0.2614133833646025,-0.3333333333333333,0.026143790849673203,0.0
0.0,0.0,-0.09350296442687747,0.0,-0.7,0.0,0.5,0.6086956521739131,0.1891891891891892,0.0,0.0,0.0,0.0,0.0,-1.0,0.0,1.0,0.0,0.0,-0.5384345384345385,1.2555555555555555,0.4388059701492537,0.0,0.0,0.0,0.24545900834560627,0.0,-0.38933951332560834,0.0,0.0,0.0,0.0,0.0,-1.0,0.0,0.0,-1.0,0.0,0.5384615384615384,0.0,0.0,0.38509316770186336,0.0,0.0,0.0,2.119047619047619,-0.36764705882352944,0.0,0.0,0.0,0.0,0.0,-0.42901813633520924,-0.3333333333333333,-0.05530417295123177,0.0
0.0,0.25,0.4339179841897233,0.0,0.7,0.0,-1.0,-0.21739130434782608,-0.40540540540540543,0.0,0.0,-1.5,-1.4,0.3105022831050228,0.0,0.0,0.0,1.0,0.0,0.22955422955422955,0.0452991452991453,0.11840796019900497,0.5,0.0,0.0,0.5792832596956309,0.0,-0.12668984163769795,0.0,-1.0,1.0,0.0,0.0,0.0,0.0,0.0,0.0,0.0,-0.15384615384615385,0.5,0.0,-0.08695652173913043,0.0,0.0,0.0,0.0,0.8382352941176471,0.0,0.0,0.0,0.0,0.0,0.06712528663748189,-0.3333333333333333,-0.04625439919557567,0.31507825167518566
0.0,0.05,-0.031002964426877472,0.0,0.0,0.0,-1.0,-0.06521739130434782,-0.6486486486486487,0.0,0.0,-1.0,-1.0,0.0,0.0,0.0,0.0,1.0,0.0,-0.5384345384345385,0.6606837606837607,-0.2537313432835821,0.5,0.0,0.0,-0.4378988708885616,0.0,-0.9269988412514485,0.0,-1.0,0.0,0.0,0.0,0.0,-0.5,0.0,-1.0,0.0,-0.20512820512820512,0.5,-1.0,-0.8281573498964804,0.0,0.0,0.0,0.0,-0.36764705882352944,0.0,0.0,0.0,0.0,-4.0,-0.9403377110694177,-1.0,-0.7551533433886375,0.0
0.0,0.5,0.22764328063241107,0.0,-0.7,1.0,0.5,0.5434782608695652,0.10810810810810811,0.0,0.0,0.0,0.0,0.0,0.0,0.0,1.0,0.0,-3.0,-0.5384345384345385,0.6641025641025641,-0.24975124378109453,0.0,0.0,0.0,-0.4339715267550319,1.254120879120879,0.48667439165701043,0.0,0.0,1.0,0.0,0.0,-1.0,0.0,0.0,-1.0,0.0,0.46153846153846156,0.0,0.0,0.2732919254658385,0.0,0.0,0.0,1.1785714285714286,0.16176470588235295,0.0,0.0,0.0,0.0,0.0,1.2257661038148837,0.0,0.16691804927099044,0.0
1.0,-1.0,-0.8593132411067194,0.0,-0.9,-0.6666666666666666,-0.5,-1.0434782608695652,0.08108108108108109,0.0,0.0,0.25,0.2,0.0,0.0,0.0,-1.0,1.0,0.0,-0.5384345384345385,0.6948717948717948,-0.21393034825870647,0.0,0.0,0.0,-0.39862542955326463,0.6373626373626373,-0.17921977597528002,1.0,-1.0,0.0,0.0,0.0,0.0,-0.5,0.0,0.0,1.0,-0.5128205128205128,0.5,-1.0,-1.093167701863354,0.0,0.0,-2.0,0.0,-0.36764705882352944,208.0,0.0,0.0,0.0,0.0,0.7547217010631645,-0.6666666666666666,-0.24836601307189543,0.0
0.0,0.25,0.0670701581027668,0.0,-0.7,0.0,0.5,0.5869565217391305,0.1891891891891892,0.0,0.0,0.0,0.0,1.0410958904109588,-1.0,0.0,1.0,0.0,0.0,-0.5384345384345385,1.9700854700854702,1.2706467661691543,0.0,0.0,0.0,1.0662739322533137,0.0,0.2564696794129007,0.0,0.0,0.0,0.0,0.0,-1.0,0.0,0.0,0.0,0.0,0.5128205128205128,0.5,0.0,-0.12008281573498965,0.0,0.0,0.0,0.44047619047619047,3.073529411764706,0.0,0.0,0.0,0.0,0.0,0.7909109860329371,-0.3333333333333333,0.7853192559074912,1.1473188843706965
0.0,0.4,0.16341403162055335,0.0,0.2,0.0,-0.5,0.043478260869565216,-0.5135135135135135,0.0,0.0,-1.5,-1.4,0.0,0.0,0.0,0.0,0.0,0.0,0.5679185679185679,-0.3581196581196581,0.12835820895522387,0.0,0.0,0.0,-0.025527736867943053,0.0,-0.6025492468134415,1.0,-1.0,1.0,0.0,0.0,0.0,0.0,0.0,-1.0,0.0,-0.1282051282051282,0.0,0.0,0.062111801242236024,0.0,0.0,0.0,0.0,0.9264705882352942,0.0,0.0,0.0,-2.0,0.0,-0.8317698561600996,0.0,-0.35093011563599796,0.0
0.0,1.0,1.2859436758893281,-1.0,0.8,0.0,0.5,0.3695652173913043,-0.08108108108108109,2.0,0.0,-1.5,-1.4,1.4246575342465753,-1.0,0.0,0.0,0.0,-1.0,0.14250614250614252,1.741025641025641,2.3213930348258707,0.5,0.0,0.0,2.1777123220422188,0.0,1.1309385863267671,0.0,0.0,0.0,0.0,0.0,-1.0,0.5,0.0,0.0,0.0,0.2564102564102564,0.0,1.0,0.9151138716356108,0.0,0.0,0.0,0.5,0.6617647058823529,0.0,0.0,0.0,0.0,0.0,1.5272045028142582,0.0,1.885369532428356,1.8223267684783244
-1.0,-0.175,-0.1429100790513834,0.0,0.8,0.0,-1.0,-0.15217391304347827,-0.7567567567567568,0.0,0.0,-1.5,-1.4,0.0,0.0,0.0,0.0,1.0,0.0,0.9441909441909442,-0.8162393162393162,0.12835820895522387,1.0,0.0,0.0,-0.06087383406971036,0.0,-0.6303592120509849,1.0,-1.0,0.0,-1.0,0.0,0.0,-0.5,0.0,-1.0,1.0,-0.358974358974359,0.5,-1.0,-0.39751552795031053,0.0,0.0,0.0,0.0,0.25,0.0,0.0,0.0,-2.0,0.0,-0.26791744840525333,-0.6666666666666666,-0.3690296631473102,0.0
0.0,0.0,-0.08485671936758893,0.0,-0.7,0.0,0.0,0.6521739130434783,0.24324324324324326,0.0,0.0,0.0,0.0,0.730593607305936,-1.0,0.0,1.0,0.0,-3.0,-0.061074061074061076,1.4777777777777779,1.3741293532338308,0.0,0.0,0.0,1.2037309769268532,0.0,0.3646195442255697,1.0,0.0,0.0,0.0,0.0,-1.0,0.5,0.0,-1.0,0.0,0.5897435897435898,0.0,0.0,0.2650103519668737,0.0,0.0,0.0,1.1428571428571428,-0.029411764705882353,0.0,0.0,0.0,0.0,0.0,0.28642901813633515,0.3333333333333333,0.9079939668174962,0.8222425289375244
0.0,0.0,-0.4237895256916996,0.0,0.0,0.0,-0.5,-0.2391304347826087,-0.3783783783783784,0.0,0.0,-1.0,-1.0,0.0,0.0,-2.0,0.0,1.0,0.0,0.1691821691821692,-0.2709401709401709,-0.12039800995024875,1.0,0.0,0.0,0.3848797250859107,0.0,-0.27964465044418696,1.0,-1.0,0.0,0.0,0.0,0.0,0.0,0.0,-1.0,1.0,0.0,0.5,0.0,0.10766045548654245,0.0,0.0,0.0,0.0,-0.36764705882352944,0.0,0.0,0.0,0.0,0.0,-0.22180529497602638,-0.3333333333333333,-0.26646556058320764,0.0
0.0,0.75,0.17378952569169961,-1.0,0.9,0.0,1.0,0.717391304347826,0.32432432432432434,2.0,0.0,0.0,0.0,2.557077625570776,-1.0,0.0,1.0,-1.0,-1.0,1.1744471744471745,-0.0641025641025641,1.3303482587064677,0.0,0.0,0.0,1.1251840942562592,0.0,0.30281962147547314,1.0,0.0,0.0,0.0,0.0,-1.0,1.0,0.0,0.0,0.0,0.6666666666666666,0.0,0.0,0.08281573498964803,0.0,0.0,0.0,1.9166666666666667,0.36764705882352944,0.0,0.0,0.0,0.0,1.0,-0.33270794246403984,0.6666666666666666,0.8456510809451986,2.843790268799656
0.0,0.0,0.4297183794466403,0.0,0.8,1.0,0.0,0.41304347826086957,-0.05405405405405406,0.0,0.0,0.25,0.2,0.0,-1.0,0.0,1.0,0.0,0.0,-0.5384345384345385,0.9871794871794872,0.1263681592039801,0.0,0.0,0.0,-0.06283750613647521,1.085164835164835,0.5886442641946698,0.0,0.0,1.0,0.0,0.0,-1.0,1.0,0.0,0.0,0.0,0.3076923076923077,0.0,0.0,-0.07453416149068323,0.0,0.0,0.0,3.7797619047619047,1.161764705882353,0.0,0.0,0.0,-4.0,0.0,0.07223264540337707,0.6666666666666666,0.42332830568124685,0.0
0.0,4.1,0.6560029644268774,-1.0,-0.4,-0.6666666666666666,1.0,0.32608695652173914,0.2972972972972973,0.0,0.0,0.25,0.2,0.0,-1.0,0.0,4.0,0.0,-3.0,0.061074061074061076,-0.5905982905982906,-0.8606965174129353,0.5,0.0,0.0,-0.013745704467353952,0.9230769230769231,0.44495944380069524,0.0,0.0,0.0,1.0,0.0,0.0,1.0,0.0,-1.0,0.25,0.20512820512820512,0.0,0.0,0.049689440993788817,0.0,0.0,0.0,1.9345238095238095,-0.19117647058823528,0.0,0.0,0.0,0.0,0.0,-0.13133208255159468,0.3333333333333333,-0.1689291101055807,0.0
0.0,-1.0,-0.03421442687747035,0.0,-0.5,0.0,-1.0,-0.6956521739130435,-1.1891891891891893,2.0,0.0,-1.0,-1.0,0.0,0.0,0.0,0.0,1.0,0.0,-0.05545805545805546,-0.25555555555555554,-0.6358208955223881,1.0,0.0,0.0,-0.8149239077074129,0.0,-1.2236384704519119,1.0,-1.0,0.0,-1.0,0.0,0.0,-1.0,0.0,-1.0,0.0,-1.0,0.5,-1.0,-1.0186335403726707,0.0,0.0,-2.0,0.0,1.2941176470588236,0.0,0.0,0.0,0.0,0.0,-1.0243902439024384,-1.0,-1.1412770236299647,0.0
0.0,0.05,0.1895998023715415,-1.0,0.7,1.6666666666666667,-1.0,-0.17391304347826086,0.1891891891891892,0.0,0.0,0.0,0.0,0.0,0.0,-2.0,0.0,1.0,-3.0,0.37135837135837135,-0.8162393162393162,-0.6835820895522388,0.0,0.0,0.0,-0.249386352479136,0.0,-0.7786790266512167,1.0,-2.0,0.0,-3.0,0.0,0.0,-1.5,0.0,-1.0,0.0,-0.38461538461538464,0.5,-1.0,-0.4803312629399586,0.0,0.0,0.0,0.5238095238095238,-0.36764705882352944,0.0,0.0,0.0,0.0,0.0,1.6372732958098803,-1.3333333333333333,-0.8758169934640523,0.0
0.0,-0.05,0.1794713438735178,-1.0,0.0,1.3333333333333333,-0.5,-0.2391304347826087,-0.8648648648648649,0.0,0.0,-1.0,-1.0,0.0,0.0,0.0,0.0,1.0,-3.0,0.5623025623025623,-0.5752136752136752,-0.13233830845771144,1.0,0.0,0.0,-0.17280314187530682,0.0,-0.7184241019698725,1.0,-1.0,0.0,0.0,0.0,0.0,0.0,0.0,-1.0,0.0,-0.46153846153846156,0.5,-1.0,-0.7453416149068323,0.0,0.0,0.0,0.8928571428571429,0.6911764705882353,0.0,0.0,0.0,0.0,0.0,-1.0506566604127574,-0.3333333333333333,-0.5580693815987934,0.0
0.0,1.45,-0.589056324110672,-1.0,0.7,0.0,-0.5,-0.15217391304347827,-0.7567567567567568,0.0,0.0,0.0,0.0,0.0,0.0,0.0,0.0,1.0,0.0,-0.2857142857142857,-0.23504273504273504,-0.19402985074626866,1.0,0.0,0.0,-0.3789887088856161,0.0,-0.880648899188876,0.0,-1.0,0.0,0.0,0.0,0.0,-0.5,0.0,-1.0,1.0,-0.358974358974359,0.0,-1.0,-0.39751552795031053,0.0,0.0,0.0,0.0,-0.36764705882352944,0.0,0.0,0.0,-2.0,0.0,-0.8352720450281419,-1.0,-0.6948215183509301,0.0
1.0,-0.1,-0.13549901185770752,0.0,0.7,-0.6666666666666666,0.0,0.10869565217391304,-0.43243243243243246,0.0,0.0,0.0,0.0,0.0,0.0,0.0,2.0,0.5,1.0,-0.5384345384345385,-0.8162393162393162,-1.973134328358209,1.0,0.0,0.0,0.4536082474226804,0.8021978021978022,0.6767091541135574,0.0,0.0,0.0,1.0,1.0,0.0,1.0,0.0,-1.0,0.0,-0.05128205128205128,0.5,0.0,0.2443064182194617,0.0,0.0,0.0,0.0,-0.36764705882352944,0.0,0.0,0.0,0.0,0.0,0.196998123827392,0.3333333333333333,-0.5801910507792861,0.0
-2.0,0.1,-0.20713932806324112,0.0,0.9,0.0,1.0,0.782608695652174,0.40540540540540543,0.0,0.0,-1.75,-1.6,0.4383561643835616,-1.0,0.0,1.0,0.0,-1.0,0.7757107757107757,-0.19401709401709402,0.6139303482587065,0.0,0.0,0.0,0.44575355915562104,0.0,-0.23174971031286212,1.0,0.0,0.0,0.0,0.0,-1.0,0.0,0.0,-1.0,0.0,0.7435897435897436,0.0,0.0,0.2981366459627329,0.0,0.0,0.0,0.8035714285714286,1.2794117647058822,0.0,0.0,0.0,0.0,1.0,-0.13133208255159468,0.0,0.13574660633484162,0.43373493975903615
1.0,-0.9,-0.8000247035573123,0.0,-0.9,-0.6666666666666666,-1.0,-0.5652173913043478,-1.1891891891891893,0.0,0.0,-3.0,-2.6,0.0,0.0,0.0,2.0,0.5,1.0,-0.5384345384345385,-0.8162393162393162,-1.973134328358209,0.5,-1.0,0.0,-0.8149239077074129,0.32967032967032966,-0.8528389339513326,0.0,-1.0,0.0,-1.0,0.0,0.0,-1.5,0.0,-1.0,1.25,0.0,-0.5,-2.0,-1.9875776397515528,-2.0,-2.0,-2.0,0.0,-0.36764705882352944,0.0,0.0,0.0,0.0,0.0,1.3570981863664784,-1.6666666666666667,-1.575666163901458,0.0
1.0,-2.45,-1.9265069169960474,0.0,-1.0,1.0,0.0,-0.043478260869565216,-0.6216216216216216,0.0,0.0,-1.75,-1.6,1.4368340943683409,0.0,0.0,0.0,1.0,0.0,-0.5384345384345385,0.33247863247863246,-0.6358208955223881,1.0,0.0,0.0,-0.8149239077074129,0.75,-0.38006952491309387,0.0,-1.0,1.0,0.0,0.0,0.0,0.5,0.0,-1.0,1.25,0.0,-0.5,-2.0,-1.9875776397515528,-2.0,-2.0,-2.0,1.1964285714285714,-0.36764705882352944,0.0,0.0,0.0,0.0,-4.0,-0.9193245778611627,0.0,-0.5922574157868276,1.3687681041640347
0.0,-0.2,-0.414649209486166,-1.0,0.0,0.0,-0.5,-0.1956521739130435,-0.8108108108108109,0.0,0.0,0.25,0.2,0.0,0.0,0.0,0.0,1.0,0.0,-0.10038610038610038,-0.8162393162393162,-0.1582089552238806,1.0,0.0,0.0,-0.3436426116838488,0.0,-0.8528389339513326,0.0,-1.0,0.0,-1.0,0.0,0.0,-0.5,0.0,-1.0,0.0,-0.41025641025641024,0.5,-1.0,-0.7950310559006211,0.0,0.0,0.0,0.0,-0.36764705882352944,0.0,0.0,0.0,0.0,-4.0,-0.7722326454033765,-1.0,-0.6586224233283057,0.0
0.0,-0.75,-0.30348320158102765,0.0,0.7,0.0,-0.5,-0.10869565217391304,-0.7027027027027027,2.0,0.0,-1.5,-1.4,0.0,0.0,0.0,0.0,1.0,0.0,-0.18743418743418744,-0.45726495726495725,-0.07860696517412935,0.0,0.0,0.0,0.24349533627884143,0.0,-0.39088451139436076,0.0,-1.0,0.0,0.0,0.0,0.0,-0.5,0.0,0.0,0.0,-0.3076923076923077,0.5,-1.0,-0.6542443064182195,0.0,0.0,0.0,0.0,0.5588235294117647,0.0,0.0,0.0,0.0,0.0,0.274921826141338,-1.0,-0.3177476118652589,0.0
0.0,0.4,0.2513586956521739,0.0,0.0,-0.6666666666666666,0.0,-0.5217391304347826,-1.1891891891891893,0.0,0.0,0.25,0.2,1.948249619482496,0.0,0.0,0.0,1.0,-1.0,-0.26325026325026324,0.6264957264957265,0.09651741293532339,0.0,0.0,0.0,0.15905743740795286,0.9313186813186813,0.5901892622634222,0.0,0.0,0.0,0.0,0.0,0.0,0.5,0.0,0.0,0.0,-0.7948717948717948,0.5,-1.0,-0.6832298136645962,0.0,0.0,0.0,0.0,-0.36764705882352944,0.0,0.0,0.0,-3.0,0.0,0.651657285803627,0.0,0.4092508798391151,2.284862426805522
0.0,0.95,0.29681324110671936,0.0,0.0,0.0,-0.5,-0.4782608695652174,-1.162162162162162,2.0,0.0,0.25,0.2,0.2678843226788432,0.0,0.0,0.0,1.0,0.0,0.522990522990523,1.5427350427350428,2.2776119402985073,1.0,-1.0,-4.0,2.0598919980363277,0.0,1.0382387022016222,0.0,0.0,0.0,1.0,0.0,0.0,0.5,-2.0,-1.0,1.0,-0.7435897435897436,0.5,0.0,0.19875776397515527,0.0,0.0,0.0,0.0,0.07352941176470588,0.0,0.0,0.0,-2.0,0.0,1.3771106941838647,0.0,1.802916038210156,0.3379461708843739
0.0,-0.5,1.4588685770750989,-1.0,-0.4,1.0,0.5,0.6739130434782609,0.2972972972972973,0.0,0.0,0.0,0.0,0.0,-1.0,0.0,1.0,0.0,-3.0,0.47806247806247804,-0.7068376068376069,-0.40497512437810945,0.0,0.0,0.0,-0.5871379479626903,0.9642857142857143,0.04016994978756277,1.0,0.0,1.0,0.0,0.0,-1.0,1.0,0.0,0.0,0.0,0.6153846153846154,-1.0,0.0,-0.38095238095238093,0.0,0.0,0.0,0.5952380952380952,0.7352941176470589,0.0,0.0,0.0,0.0,0.0,-0.7048155096935581,1.0,-0.20211161387631976,0.0
0.0,-0.25,0.2479001976284585,0.0,0.0,1.6666666666666667,0.0,-0.32608695652173914,-0.972972972972973,2.0,0.0,0.0,0.0,0.3835616438356164,0.0,-2.0,0.0,1.0,-3.0,0.1733941733941734,-0.6777777777777778,-0.8029850746268656,0.0,0.0,0.0,0.10014727540500737,0.0,-0.503669370413287,0.0,-1.0,0.0,0.0,0.0,0.0,0.0,0.0,-1.0,0.0,-0.5641025641025641,0.0,-1.0,-0.8944099378881988,0.0,0.0,0.0,1.3333333333333333,-0.36764705882352944,0.0,0.0,0.0,-1.0,0.0,-0.6449864498644985,-0.3333333333333333,-0.7571644042232277,0.3531879759020845
0.0,0.8,1.2646986166007905,-1.0,0.9,1.0,0.0,0.7391304347826086,0.35135135135135137,0.0,0.0,0.0,0.0,0.4505327245053272,-1.0,0.0,1.0,0.0,-1.0,-0.5384345384345385,0.711965811965812,-0.19402985074626866,0.0,0.0,0.0,-0.3789887088856161,1.4271978021978022,0.7246040942448821,0.0,0.0,1.0,1.0,0.0,-1.0,1.5,0.0,0.0,0.5,0.6923076923076923,-1.0,1.0,0.7784679089026915,0.0,0.0,0.0,0.5952380952380952,-0.10294117647058823,0.0,0.0,0.0,0.0,0.0,-0.20526718087693696,1.0,0.34992458521870284,0.5406819558031516
0.0,0.1,-0.14982707509881424,0.0,0.0,0.0,-0.5,-0.17391304347826086,0.3783783783783784,0.0,0.0,0.0,0.0,1.82648401826484,0.0,0.0,0.0,1.0,0.0,0.29694629694629693,-0.2743589743589744,-0.1582089552238806,0.0,0.0,0.0,-0.3436426116838488,0.0,-0.8528389339513326,1.0,-1.0,0.0,-1.0,0.0,-1.0,-0.5,0.0,-1.0,1.0,0.3076923076923077,0.5,0.0,0.39751552795031053,0.0,0.0,0.0,0.0,3.161764705882353,0.0,0.0,0.0,0.0,0.0,-0.7722326454033765,-0.6666666666666666,-0.6586224233283057,1.5056114305067483
0.0,-0.25,-0.17527173913043478,0.0,0.4,0.0,1.5,0.7608695652173914,0.3783783783783784,2.0,0.0,-1.0,-1.0,4.6636225266362255,-3.0,0.0,1.0,-1.0,0.0,1.6237276237276237,-0.5393162393162393,1.4139303482587064,0.0,0.0,0.0,1.2076583210603828,0.0,0.36770954036307457,1.0,-1.0,1.0,-2.0,0.0,-3.0,0.5,0.0,0.0,0.0,0.717948717948718,-1.0,1.0,2.368530020703934,0.0,0.0,0.0,0.0,0.6911764705882353,0.0,224.0,0.0,0.0,1.0,0.29143214509068144,0.3333333333333333,0.930115635997989,5.251734675598499
0.0,0.0,-0.38747529644268774,0.0,0.0,1.6666666666666667,-0.5,-0.2826086956521739,-0.918918918918919,2.0,0.0,-2.25,-1.4,0.0,0.0,0.0,0.0,1.0,0.0,0.3966303966303966,-0.1170940170940171,0.16616915422885573,0.5,0.0,0.0,0.8247422680412371,0.0,0.0664349169563538,0.0,0.0,0.0,1.0,0.0,0.0,0.5,-6.0,-1.0,0.25,-0.5128205128205128,0.5,-1.0,-0.3146997929606625,0.0,0.0,0.0,0.0,-0.36764705882352944,0.0,0.0,0.0,-3.0,0.0,-0.19637273295809884,0.0,0.1035696329813977,0.0
0.0,0.05,2.324975296442688,-1.0,0.7,-0.6666666666666666,-0.5,0.08695652173913043,-0.4594594594594595,4.0,0.0,-0.75,-0.6,0.0060882800608828,0.0,0.0,0.0,0.0,0.0,0.16075816075816077,0.2982905982905983,0.7353233830845771,0.0,0.0,0.0,0.538046146293569,1.7293956043956045,1.7860177674777906,0.0,0.0,2.0,1.0,1.0,0.0,3.0,0.0,0.0,0.5,-0.07692307692307693,0.0,0.0,0.4968944099378882,0.0,0.0,-2.0,0.9226190476190477,-0.014705882352941176,145.0,0.0,0.0,0.0,0.0,-0.1430060454450696,2.3333333333333335,1.510306686777275,0.008506381865447594
0.0,0.0,-0.43243577075098816,0.0,0.0,1.6666666666666667,-0.5,-0.2391304347826087,-0.8648648648648649,2.0,0.0,0.25,0.2,0.730593607305936,0.0,0.0,0.0,1.0,-3.0,0.588978588978589,-0.2982905982905983,0.22786069651741295,1.0,0.0,0.0,0.20225822287677958,0.0,-0.42332947083816147,1.0,-1.0,0.0,0.0,0.0,0.0,0.0,0.0,-1.0,0.0,-0.46153846153846156,0.5,0.0,0.2484472049689441,0.0,0.0,0.0,0.0,-0.10294117647058823,0.0,0.0,0.0,-3.0,0.0,-0.49322493224932207,-0.3333333333333333,-0.18401206636500755,0.6879374560783145
0.0,0.0,0.08979743083003952,0.0,0.0,0.0,-1.0,-0.2391304347826087,-0.8648648648648649,0.0,0.0,-1.5,-1.4,0.0,0.0,0.0,2.0,0.5,1.0,-0.5384345384345385,-0.8162393162393162,-1.973134328358209,1.0,0.0,0.0,0.2690230731467845,0.0,-0.3707995365005794,0.0,0.0,0.0,-1.0,1.0,0.0,0.0,0.0,-1.0,0.75,-0.46153846153846156,0.5,0.0,-0.07453416149068323,0.0,0.0,0.0,0.0,-0.36764705882352944,0.0,0.0,0.0,0.0,0.0,-0.393996247654784,-0.3333333333333333,-1.2619406737053795,0.0
0.0,0.15,0.6624258893280632,-1.0,0.0,0.0,-0.5,-0.30434782608695654,-0.9459459459459459,2.0,0.0,-0.75,-0.6,1.095890410958904,0.0,0.0,0.0,1.0,0.0,0.8655668655668656,-0.4948717948717949,0.39104477611940297,0.25,0.0,0.0,0.19833087874324987,0.0,-0.4264194669756663,1.0,-1.0,0.0,0.0,0.0,0.0,0.0,0.0,-1.0,0.0,-0.5384615384615384,0.0,0.0,0.2111801242236025,0.0,0.0,0.0,0.0,-0.36764705882352944,0.0,0.0,0.0,-2.0,-4.0,-0.49906191369605973,-0.3333333333333333,-0.1035696329813977,1.031038671409173
-1.0,-0.75,-0.235548418972332,0.0,0.6,1.0,-0.5,-1.3478260869565217,-1.1891891891891893,0.0,0.0,-1.0,-1.0,0.0,0.0,0.0,1.0,1.0,-3.0,-0.5384345384345385,0.7905982905982906,-0.10248756218905472,1.0,-1.0,-4.0,-0.12371134020618557,1.2912087912087913,0.772499034376207,0.0,-1.0,1.0,1.0,0.0,0.0,0.5,0.0,-1.0,1.25,0.0,-0.5,-2.0,-1.9875776397515528,-2.0,-2.0,-2.0,0.0,2.4558823529411766,0.0,0.0,0.0,0.0,-4.0,0.9468417761100679,0.0,0.42735042735042733,0.0
0.0,1.3,0.9025444664031621,0.0,-0.6,1.0,-0.5,-1.2826086956521738,-1.1891891891891893,0.0,0.0,0.25,0.2,0.0,0.0,0.0,-1.0,0.0,-1.0,-0.5384345384345385,0.46068376068376066,-0.48656716417910445,0.5,0.0,-3.0,-0.38291605301914583,1.2252747252747254,0.4943993820007725,0.0,-1.0,1.0,1.0,0.0,0.0,1.5,0.0,-1.0,1.0,-1.6923076923076923,0.5,-1.0,-1.2422360248447204,-4.0,-4.0,-2.0,1.2083333333333333,0.22058823529411764,0.0,0.0,0.0,0.0,0.0,-0.49517059273156794,0.6666666666666666,0.05228758169934641,0.0
0.0,-1.7,-1.6923171936758894,0.0,0.4,1.0,0.5,0.6521739130434783,0.24324324324324326,0.0,0.0,0.0,0.4,0.6453576864535768,-1.0,0.0,1.0,0.0,0.0,-0.5384345384345385,0.4897435897435897,-0.4527363184079602,0.0,0.0,0.0,-0.6342660775650466,1.184065934065934,0.25028968713789107,0.0,0.0,1.0,-1.0,0.0,-1.0,0.0,0.0,-1.0,0.5,0.5897435897435898,0.0,0.0,-0.024844720496894408,0.0,0.0,0.0,0.0,0.029411764705882353,0.0,0.0,0.0,0.0,0.0,0.7792370231394617,0.0,-0.08949220713926596,0.7103303405907658
0.0,-1.45,0.7199851778656127,-0.6666666666666666,-0.7,1.0,0.5,0.6739130434782609,0.2972972972972973,0.0,0.0,0.0,0.0,0.0,-1.0,0.0,1.0,0.0,0.0,-0.5384345384345385,0.6316239316239316,-0.28756218905472636,0.0,0.0,0.0,-0.47128129602356406,1.5123626373626373,0.7477790652761684,0.0,0.0,1.0,1.0,0.0,-1.0,1.0,0.0,0.0,0.5,0.6153846153846154,-1.0,0.0,-0.19047619047619047,0.0,0.0,0.0,0.5952380952380952,0.3382352941176471,0.0,0.0,0.0,0.0,0.0,0.29768605378361457,0.6666666666666666,0.3177476118652589,0.0
0.0,-0.35,0.8877223320158103,0.0,0.8,0.0,0.0,0.6956521739130435,0.2972972972972973,0.0,0.0,0.0,0.0,0.0,-1.0,0.0,1.0,0.0,0.0,-0.5384345384345385,1.1341880341880342,0.2975124378109453,0.0,0.0,0.0,0.10603829160530191,0.0,-0.49903437620702973,0.0,-1.0,1.0,0.0,0.0,0.0,0.0,0.0,-1.0,1.0,0.6410256410256411,0.5,0.0,0.016563146997929608,0.0,0.0,0.0,0.0,-0.36764705882352944,0.0,0.0,0.0,0.0,-4.0,-0.6362309776943922,-0.3333333333333333,-0.19808949220713926,0.0
0.0,-0.3,-0.10906620553359683,-1.0,1.1,0.0,1.0,0.717391304347826,0.32432432432432434,2.0,0.0,0.0,0.0,0.1948249619482496,-1.0,0.0,1.0,0.0,-3.0,0.06247806247806248,0.9752136752136752,0.9641791044776119,0.0,0.0,0.0,0.7795778105056456,0.0,0.03089996137504828,0.0,0.0,0.0,-1.0,0.0,-3.0,0.0,0.0,0.0,0.0,0.6666666666666666,0.0,0.0,-0.033126293995859216,0.0,0.0,0.0,0.7142857142857143,0.11764705882352941,0.0,0.0,0.0,0.0,0.0,0.3648113404210965,-0.3333333333333333,0.48366013071895425,0.20486188200795355
0.0,-0.25,-0.3262104743083004,0.0,-0.7,1.0,0.5,0.6521739130434783,0.24324324324324326,0.0,0.0,0.0,0.0,1.5342465753424657,-1.0,0.0,1.0,0.0,0.0,0.23376623376623376,-0.2452991452991453,-0.21393034825870647,0.0,0.0,0.0,-0.39862542955326463,1.2142857142857142,0.4696794129007339,1.0,0.0,1.0,0.0,0.0,-1.0,1.0,0.0,-1.0,0.0,0.5897435897435898,0.0,0.0,0.2608695652173913,0.0,0.0,0.0,0.0,0.5588235294117647,0.0,0.0,0.0,0.0,0.0,-0.09631019387116943,1.0,0.1739567621920563,1.7609048939824932
0.0,0.65,0.09152667984189723,0.0,0.9,0.0,0.5,0.7391304347826086,0.35135135135135137,2.0,0.0,0.0,0.0,0.0,-1.0,0.0,1.0,0.0,-3.0,-0.5384345384345385,2.070940170940171,1.3880597014925373,0.0,0.0,0.0,1.1821305841924399,0.0,0.34762456546929316,0.0,0.0,0.0,0.0,0.0,-1.0,0.5,0.0,-1.0,0.0,0.6923076923076923,0.0,1.0,1.9627329192546583,0.0,0.0,0.0,0.0,0.45588235294117646,0.0,0.0,0.0,0.0,1.0,0.25891181988742934,0.0,0.9039718451483157,0.0
0.0,0.75,0.2832262845849802,0.0,0.2,1.3333333333333333,0.5,0.021739130434782608,-0.5405405405405406,0.0,0.0,-0.75,-0.6,0.4931506849315068,0.0,0.0,0.0,0.0,-2.0,0.7041067041067041,-0.8162393162393162,0.12238805970149254,1.0,0.0,0.0,0.16887579774177713,0.0,-0.4495944380069525,1.0,0.0,0.0,0.0,0.0,-1.0,0.0,0.0,1.0,0.0,-0.15384615384615385,0.0,0.0,0.19875776397515527,0.0,0.0,0.0,0.0,1.3970588235294117,0.0,0.0,0.0,-2.0,-1.0,-0.5428392745465913,0.0,-0.25439919557566615,0.46102901030855176
0.0,1.85,1.090044466403162,0.0,0.4,0.0,2.0,0.717391304347826,0.32432432432432434,0.0,0.0,0.0,0.0,0.0,-3.0,0.0,1.0,-1.0,-2.0,1.4075114075114075,0.36324786324786323,2.1582089552238806,0.0,0.0,0.0,1.942071674030437,0.0,0.9455388180764774,1.0,0.0,1.0,-1.0,0.0,-3.0,0.5,0.0,0.0,0.0,0.6666666666666666,-1.0,1.0,1.5320910973084887,0.0,0.0,0.0,1.2857142857142858,3.0,0.0,0.0,0.0,0.0,1.0,1.22701688555347,0.6666666666666666,1.682252388134741,0.0
0.0,0.2,0.48332509881422925,-1.0,-0.6,1.0,1.0,-0.9565217391304348,-1.1891891891891893,0.0,0.0,-2.25,-0.2,0.0,0.0,0.0,1.0,0.0,0.0,-0.5384345384345385,0.5376068376068376,-0.3970149253731343,0.25,0.0,0.0,-0.5792832596956309,0.9958791208791209,0.08188489764387795,0.0,-1.0,0.0,0.0,0.0,-1.0,0.5,0.0,1.0,1.0,-1.2564102564102564,0.5,0.0,-0.33126293995859213,0.0,0.0,0.0,0.0,-0.36764705882352944,0.0,0.0,0.0,0.0,0.0,-0.17135709818636624,-0.3333333333333333,-0.17094017094017094,0.0
0.0,0.4,0.6451333992094862,0.0,0.2,1.6666666666666667,0.0,0.2391304347826087,0.24324324324324326,2.0,0.0,0.0,0.0,0.4505327245053272,0.0,0.0,0.0,0.0,0.0,-0.5384345384345385,0.18376068376068377,-0.808955223880597,0.0,0.0,0.0,0.10407461953853707,1.0,0.6241792197759752,0.0,1.0,1.0,0.0,0.0,0.0,0.5,0.0,0.0,0.5,0.10256410256410256,-1.0,0.0,-0.012422360248447204,0.0,0.0,0.0,1.5952380952380953,1.2794117647058822,0.0,147.0,0.0,0.0,-4.0,0.7066916823014375,0.6666666666666666,-0.026143790849673203,0.5315136044055225
-2.0,-0.25,-0.33436264822134387,0.0,0.9,1.0,0.5,0.6956521739130435,0.32432432432432434,0.0,0.0,0.0,0.0,0.0,-1.0,0.0,1.0,0.0,0.0,-0.5384345384345385,0.47606837606837604,-0.46865671641791046,0.0,0.0,0.0,-0.6499754540991655,1.0947802197802199,0.13750482811896486,0.0,0.0,1.0,0.0,0.0,-1.0,0.0,0.0,-1.0,0.0,0.6410256410256411,0.0,0.0,0.5590062111801242,0.0,0.0,0.0,0.0,0.29411764705882354,0.0,0.0,0.0,0.0,1.0,0.5661872003335412,0.0,-0.17094017094017094,0.0
0.0,0.15,0.7039278656126482,-1.0,-0.1,1.6666666666666667,0.0,0.06521739130434782,-0.4864864864864865,0.0,0.0,-1.5,-1.4,2.0395738203957383,0.0,0.0,0.0,1.0,-3.0,0.21832221832221832,-0.007692307692307693,0.04079601990049751,1.0,0.0,0.0,-0.10407461953853707,0.0,-0.6643491695635381,1.0,-1.0,0.0,0.0,0.0,0.0,0.0,0.0,-1.0,0.0,-0.10256410256410256,0.5,1.0,1.68944099378882,0.0,0.0,0.0,0.0,-0.36764705882352944,0.0,0.0,0.0,0.0,0.0,-0.9485094850948502,-0.3333333333333333,-0.43539467068878834,1.7901907375752255
1.0,-0.5,0.030014822134387352,0.0,0.5,0.6666666666666666,0.0,-1.2173913043478262,-1.1891891891891893,0.0,0.0,-3.0,-2.6,0.0,0.0,0.0,-1.0,0.0,0.0,-0.09055809055809055,-0.10512820512820513,-0.5104477611940299,0.25,-1.0,0.0,0.09229258713794797,1.2692307692307692,0.9177288528389339,0.0,-1.0,1.0,0.0,0.0,0.0,1.0,0.0,0.0,1.0,-0.7692307692307693,0.5,0.0,-0.34782608695652173,-4.0,-4.0,-1.0,0.0,-0.36764705882352944,259.0,0.0,0.0,0.0,0.0,0.5384615384615381,0.3333333333333333,0.31573655103066867,0.0
0.0,-0.5,-0.5628705533596838,0.0,0.0,0.0,-0.5,-0.5,-1.1891891891891893,0.0,0.0,-1.0,-1.0,0.0,0.0,0.0,0.0,1.0,0.0,0.2113022113022113,-0.3957264957264957,-0.2298507462686567,1.0,0.0,0.0,-0.19440353460972018,0.0,-0.7354190807261491,0.0,-1.0,0.0,0.0,0.0,0.0,0.0,0.0,-1.0,0.0,-0.7692307692307693,0.5,-1.0,-0.84472049689441,0.0,0.0,0.0,0.0,0.8088235294117647,0.0,0.0,0.0,0.0,0.0,-1.082760058369814,-0.6666666666666666,-0.6184012066365008,0.0
0.0,1.15,0.41539031620553357,0.0,0.0,0.0,0.5,-0.10869565217391304,-0.7027027027027027,2.0,0.0,-2.25,-2.0,0.0,-1.0,0.0,0.0,1.0,0.0,0.9568269568269568,0.9700854700854701,2.225870646766169,0.0,0.0,0.0,2.008836524300442,0.0,0.9980687524140595,1.0,0.0,1.0,0.0,0.0,-3.0,1.0,0.0,1.0,0.0,-0.3076923076923077,-1.0,0.0,0.17391304347826086,0.0,0.0,0.0,0.0,-0.36764705882352944,0.0,0.0,0.0,0.0,0.0,0.6522826766729202,1.0,1.7506284565108094,0.0
0.0,0.925,-1.5668231225296443,-1.0,0.4,0.0,0.5,0.6521739130434783,0.24324324324324326,0.0,0.0,0.0,0.4,0.9923896499238964,-1.0,0.0,1.0,0.0,0.0,-0.5384345384345385,1.5854700854700854,0.8228855721393035,0.0,0.0,0.0,0.6244477172312224,0.0,-0.09115488605639242,0.0,0.0,0.0,-1.0,0.0,-1.0,0.0,0.0,0.0,0.0,0.5897435897435898,0.0,0.0,-0.008281573498964804,0.0,0.0,0.0,0.8809523809523809,0.16176470588235295,0.0,0.0,0.0,0.0,0.0,0.1342505732749633,-0.3333333333333333,0.33283056812468576,1.01535987246995
0.0,-0.4,0.09375,0.0,-0.1,0.0,-0.5,-0.10869565217391304,-0.7027027027027027,0.0,0.0,-1.5,-1.4,0.0,0.0,0.0,0.0,1.0,0.0,0.1776061776061776,-0.2111111111111111,-0.2537313432835821,1.0,0.0,0.0,-0.4182621502209131,0.0,-0.9115488605639243,1.0,-1.0,0.0,0.0,0.0,0.0,-0.5,0.0,-1.0,0.0,-0.3076923076923077,0.0,-1.0,-0.7950310559006211,0.0,0.0,0.0,0.19642857142857142,-0.36764705882352944,0.0,0.0,0.0,-3.0,0.0,-0.9053158223889924,-0.6666666666666666,-0.7450980392156863,0.0
0.0,-0.1,1.9919713438735178,-1.0,1.2,1.0,0.5,0.021739130434782608,0.24324324324324326,0.0,0.0,0.25,0.2,0.0,-1.0,0.0,0.0,1.0,-2.0,-0.36293436293436293,-0.7547008547008547,0.3990049751243781,1.0,0.0,0.0,0.8424153166421208,0.8942307692307693,1.086133642332947,1.0,0.0,1.0,0.0,0.0,-1.0,1.5,0.0,1.0,0.0,-0.15384615384615385,0.0,0.0,0.15734989648033126,0.0,0.0,0.0,1.3095238095238095,0.3235294117647059,0.0,0.0,0.0,-2.0,0.0,0.25001737196859125,1.3333333333333333,0.8848667672197084,0.0
0.0,-0.5,-0.6293231225296443,0.0,-0.5,1.0,0.5,0.6521739130434783,0.2702702702702703,0.0,0.0,0.0,0.0,0.5601217656012176,-1.0,0.0,1.0,0.0,0.0,-0.5384345384345385,0.45897435897435895,-0.48855721393034823,0.0,0.0,0.0,-0.6421207658321061,1.2307692307692308,0.2966396292004635,0.0,0.0,1.0,0.0,0.0,-1.0,0.5,0.0,0.0,0.5,0.5897435897435898,-1.0,0.0,-0.34368530020703936,0.0,0.0,0.0,1.0595238095238095,1.5147058823529411,0.0,0.0,0.0,0.0,0.0,0.17636022514071306,0.3333333333333333,-0.07742584213172449,0.6221745221542844
1.0,-0.9,-0.8000247035573123,0.0,-0.9,-0.6666666666666666,0.0,-0.9130434782608695,-1.1891891891891893,0.0,0.0,0.25,0.2,0.0,0.0,0.0,-1.0,1.0,0.0,0.05826605826605827,-0.03162393162393162,-0.21393034825870647,1.0,0.0,-4.0,-0.25135002454590083,0.5604395604395604,-0.14986481266898416,0.0,-1.0,0.0,0.0,0.0,0.0,0.0,0.0,0.0,1.0,-0.05128205128205128,0.5,-1.0,0.33126293995859213,0.0,0.0,0.0,0.0,-0.36764705882352944,0.0,120.0,0.0,0.0,0.0,0.02334792578695033,-0.6666666666666666,-0.22926093514328807,0.0
0.0,1.05,1.1918231225296443,-1.0,0.3,0.0,1.0,0.45652173913043476,0.0,2.0,0.0,-1.5,-1.4,3.3729071537290714,-1.0,0.0,1.0,0.0,-2.0,1.3064233064233064,0.33247863247863246,1.9791044776119402,0.0,0.0,0.0,1.7673048600883652,0.0,0.8080339899575125,1.0,0.0,0.0,-1.0,0.0,-1.0,0.5,0.0,0.0,0.0,0.358974358974359,-1.0,0.0,0.8737060041407867,0.0,0.0,0.0,1.5595238095238095,0.16176470588235295,0.0,0.0,0.0,0.0,0.0,1.004377736085052,0.3333333333333333,1.502262443438914,4.10395818979328
0.0,-0.7,-1.3385622529644268,0.0,-0.5,0.0,-0.5,-1.108695652173913,-1.1891891891891893,0.0,0.0,0.25,0.2,0.0,0.0,0.0,1.0,-0.5,0.0,-0.5384345384345385,0.6606837606837607,-0.2537313432835821,0.0,0.0,0.0,-0.4378988708885616,0.0,-0.9269988412514485,0.0,-1.0,0.0,-1.0,0.0,0.0,-1.0,0.0,-1.0,1.25,0.0,-0.5,-2.0,-1.9875776397515528,-2.0,-2.0,0.0,0.0,1.0441176470588236,0.0,0.0,0.0,0.0,0.0,-0.18386491557223253,-1.3333333333333333,-0.7551533433886375,0.0
0.0,-0.55,0.026803359683794468,-1.0,-0.4,1.6666666666666667,0.5,0.6956521739130435,0.2972972972972973,0.0,0.0,0.0,0.0,1.1080669710806696,-1.0,0.0,1.0,0.0,-2.0,0.3811863811863812,-0.47264957264957264,-0.26965174129353237,0.0,0.0,0.0,0.15513009327442318,0.0,-0.46040942448821937,1.0,0.0,0.0,-1.0,0.0,-1.0,-0.5,0.0,-1.0,0.0,0.6410256410256411,-1.0,0.0,-0.33126293995859213,0.0,0.0,0.0,1.2619047619047619,-0.36764705882352944,0.0,0.0,0.0,0.0,0.0,0.11732332707942437,-0.3333333333333333,-0.45952740070387127,1.0327968211527645
0.0,-0.25,0.0670701581027668,0.0,0.0,0.0,0.0,-0.08695652173913043,-0.6756756756756757,0.0,0.0,-1.5,-1.4,0.0,0.0,0.0,0.0,0.0,0.0,0.3067743067743068,-0.7923076923076923,0.12437810945273632,0.5,0.0,0.0,-0.06480117820324006,0.0,-0.6334492081884897,1.0,-1.0,1.0,0.0,0.0,0.0,0.0,0.0,-1.0,0.0,-0.28205128205128205,0.5,0.0,-0.08281573498964803,0.0,0.0,0.0,1.0714285714285714,-0.36764705882352944,0.0,80.0,0.0,0.0,0.0,-0.8901396706274751,0.0,-0.3730517848164907,0.0
0.0,-0.25,3.7558053359683794,-0.3333333333333333,-0.4,1.0,0.0,0.5652173913043478,0.13513513513513514,0.0,0.0,0.0,0.0,0.0,0.0,0.0,1.0,0.0,0.0,-0.5384345384345385,0.6213675213675214,-0.29950248756218906,0.0,0.0,0.0,-0.38291605301914583,1.0755494505494505,0.3259945925067594,0.0,0.0,1.0,0.0,0.0,0.0,0.5,0.0,0.0,0.5,0.48717948717948717,-1.0,0.0,0.09109730848861283,0.0,0.0,0.0,0.0,1.1470588235294117,0.0,0.0,0.0,0.0,0.0,0.2238899312070041,0.3333333333333333,0.03720462543991956,0.0
0.0,0.5,0.030014822134387352,0.0,0.0,0.0,-0.5,-0.3695652173913043,-1.027027027027027,2.0,0.0,-1.0,-1.0,0.0,0.0,0.0,0.0,1.0,0.0,0.1691821691821692,0.1170940170940171,0.11641791044776119,0.5,0.0,0.0,-0.07265586647029947,0.0,-0.6396292004634995,0.0,-1.0,0.0,-1.0,0.0,0.0,-0.5,0.0,-1.0,0.0,-0.6153846153846154,0.5,-1.0,-0.587991718426501,0.0,0.0,0.0,0.0,-0.36764705882352944,0.0,0.0,0.0,0.0,0.0,-0.28893058161350826,-1.0,-0.38109602815485166,0.0
0.0,0.5,0.4376235177865613,0.0,-0.8,-0.6666666666666666,-1.0,-0.34782608695652173,-0.13513513513513514,0.0,0.0,0.25,0.2,0.0,0.0,0.0,0.0,1.0,-3.0,-0.5384345384345385,1.070940170940171,0.22388059701492538,0.0,0.0,-4.0,0.033382425135002454,0.9395604395604396,0.5005793742757821,1.0,-1.0,0.0,2.0,0.0,0.0,1.0,-3.0,1.0,0.0,-0.5897435897435898,0.5,-1.0,-0.7287784679089027,0.0,0.0,0.0,0.7142857142857143,-0.36764705882352944,0.0,0.0,0.0,0.0,0.0,-0.05253283302063787,0.3333333333333333,0.4152840623428859,0.0
0.0,-0.5,0.9971590909090909,0.0,-0.9,1.0,0.0,-1.173913043478261,-1.1891891891891893,1.0,0.0,0.25,0.2,0.0,0.0,0.0,1.0,1.0,0.0,-0.5384345384345385,0.4897435897435897,-0.4527363184079602,0.0,0.0,-4.0,-0.053019145802650956,1.0494505494505495,0.5561993047508691,0.0,-1.0,0.0,0.0,0.0,0.0,1.0,0.0,0.0,1.0,-1.0256410256410255,0.5,0.0,0.16563146997929606,0.0,0.0,-2.0,0.0,-0.36764705882352944,126.0,0.0,0.0,-4.0,0.0,0.026266416510318934,0.0,0.10960281548516843,0.0
-1.0,-1.8,-1.3385622529644268,0.0,0.0,0.0,0.0,0.5434782608695652,0.13513513513513514,0.0,0.0,-1.0,-1.0,0.0,-1.0,0.0,1.0,0.0,0.0,-0.16497016497016498,1.1307692307692307,0.8228855721393035,0.0,0.0,0.0,0.49091801669121254,0.0,-0.19621475473155658,1.0,0.0,0.0,-1.0,0.0,-1.0,-0.5,0.0,-1.0,0.0,0.46153846153846156,-1.0,0.0,0.12836438923395446,0.0,0.0,0.0,0.8571428571428571,0.6323529411764706,0.0,0.0,0.0,0.0,-4.0,0.7161976235146958,-0.3333333333333333,0.2644544997486174,0.0
-2.0,-1.75,-1.418848814229249,0.0,0.9,1.0,0.5,0.5652173913043478,0.13513513513513514,2.0,0.0,-1.0,-1.0,1.3272450532724505,-1.0,0.0,1.0,0.0,0.0,0.09336609336609336,-0.4042735042735043,-0.5980099502487563,0.0,0.0,0.0,-0.7344133529700541,1.01510989010989,-0.01853997682502897,1.0,0.0,1.0,0.0,0.0,-1.0,0.0,0.0,-1.0,1.0,0.48717948717948717,0.5,0.0,0.10766045548654245,0.0,0.0,0.0,0.0,0.1323529411764706,0.0,0.0,0.0,0.0,0.0,0.27141963727329566,0.3333333333333333,-0.3378582202111614,1.3804924351769359
1.0,-0.5,0.15847332015810275,-1.0,0.5,0.6666666666666666,0.5,-1.3695652173913044,-1.1891891891891893,2.0,0.0,0.25,0.2,0.0,-2.0,0.0,0.0,1.0,0.0,-0.5384345384345385,0.7649572649572649,-0.13233830845771144,1.0,-1.0,-3.0,-0.24153166421207659,1.2706043956043955,0.656624179219776,0.0,-1.0,1.0,1.0,1.0,0.0,1.5,0.0,0.0,1.0,-0.5128205128205128,0.5,-1.0,-0.7122153209109731,0.0,0.0,-2.0,0.0,-0.36764705882352944,264.0,0.0,0.0,-2.0,0.0,-0.2908762420957542,0.6666666666666666,0.3368526897938663,0.0
0.0,0.95,0.9228013833992095,-1.0,1.1,0.0,1.5,0.7608695652173914,0.40540540540540543,2.0,0.0,-0.25,-1.6,0.0,-3.0,0.0,1.0,-1.0,-2.0,-0.5384345384345385,2.605982905982906,2.0109452736318407,0.0,0.0,0.0,1.8281786941580755,0.0,0.8559289300888374,0.0,0.0,0.0,0.0,0.0,-3.0,2.0,0.0,0.0,0.0,0.7435897435897436,-1.0,1.0,1.1014492753623188,0.0,0.0,0.0,0.8571428571428571,0.75,0.0,0.0,0.0,0.0,0.0,-0.43252032520325157,1.0,1.5495223730517849,0.0
0.0,0.2,1.1416749011857708,-1.0,-0.6,-0.6666666666666666,1.0,-0.8260869565217391,0.08108108108108109,0.0,0.0,-0.25,-0.2,3.8477929984779298,0.0,-2.0,0.0,1.0,-1.0,-0.26886626886626885,0.1,-0.5243781094527363,0.0,0.0,0.0,1.7299950908198332,2.0315934065934065,3.063731170336037,0.0,1.0,1.0,1.0,0.0,-1.0,2.5,0.0,1.0,0.5,0.05128205128205128,0.5,1.0,2.2111801242236027,0.0,0.0,0.0,1.869047619047619,-0.19117647058823528,0.0,0.0,0.0,-3.0,0.0,1.5210643015521057,2.0,1.7053795877325288,6.166403639956443
0.0,0.4,0.46084486166007904,0.0,0.0,-0.6666666666666666,-0.5,-0.32608695652173914,-0.972972972972973,0.0,0.0,-1.0,-1.0,1.095890410958904,0.0,0.0,0.0,1.0,0.0,0.10740610740610741,-0.10854700854700855,-0.23383084577114427,1.0,0.0,-4.0,-0.4182621502209131,0.8928571428571429,0.09269988412514485,0.0,-1.0,1.0,0.0,0.0,0.0,0.5,0.0,-1.0,0.0,-0.5641025641025641,0.5,-1.0,-0.6832298136645962,0.0,0.0,0.0,0.0,-0.36764705882352944,0.0,0.0,0.0,-3.0,0.0,-0.1538461538461536,0.0,-0.08144796380090498,1.1677751194305024
0.0,0.5,3.48727766798419,0.0,-0.8,0.0,0.5,0.13043478260869565,-0.40540540540540543,4.0,5.0,-0.75,-0.6,0.0,-1.0,0.0,1.0,0.0,-2.0,1.2277992277992278,-0.6897435897435897,0.6776119402985075,1.0,0.0,0.0,0.48109965635738833,0.26373626373626374,0.09269988412514485,2.0,-2.0,1.0,-3.0,0.0,-1.0,-1.0,0.0,0.0,0.0,-0.02564102564102564,-1.0,0.0,0.4389233954451346,0.0,0.0,0.0,1.5952380952380953,-0.36764705882352944,0.0,0.0,0.0,0.0,0.0,2.7054409005628504,-0.6666666666666666,0.3790849673202614,0.0
0.0,0.5,-0.07966897233201581,-1.0,0.2,0.0,0.0,-0.10869565217391304,-0.7027027027027027,2.0,0.0,-2.25,-2.0,0.0,0.0,0.0,0.0,1.0,0.0,-0.5384345384345385,1.7290598290598291,0.9900497512437811,0.5,0.0,0.0,0.7893961708394698,0.0,0.03862495171881035,0.0,0.0,0.0,0.0,0.0,-1.0,0.5,0.0,0.0,0.0,-0.3076923076923077,0.0,0.0,-0.07453416149068323,0.0,0.0,0.0,0.0,-0.36764705882352944,0.0,0.0,0.0,0.0,0.0,-0.24140087554721673,0.0,0.5017596782302665,0.0
0.0,0.05,0.9998764822134387,-1.0,0.7,0.0,-0.5,-0.17391304347826086,-0.7837837837837838,2.0,0.0,-1.5,-0.6,0.6940639269406392,0.0,0.0,0.0,1.0,0.0,0.2478062478062478,-0.8162393162393162,-0.11243781094527364,1.0,0.0,0.0,-0.29847815414825724,0.0,-0.817303978370027,1.0,-1.0,0.0,0.0,0.0,0.0,-0.5,0.0,-1.0,0.0,-0.38461538461538464,0.5,-1.0,-0.7950310559006211,0.0,0.0,0.0,1.0714285714285714,-0.36764705882352944,0.0,0.0,0.0,-2.0,0.0,-0.6916823014383986,-0.6666666666666666,-0.6123680241327301,0.5793018109175572
0.0,2.7,0.5023468379446641,-1.0,-0.5,1.6666666666666667,0.0,-0.30434782608695654,0.32432432432432434,0.0,0.0,-0.75,-0.6,0.5114155251141552,0.0,0.0,0.0,1.0,-3.0,0.47104247104247104,-0.3034188034188034,0.05472636815920398,0.5,0.0,0.0,0.5301914580265096,0.0,-0.1653147933565083,1.0,-1.0,0.0,-1.0,0.0,-3.0,-0.5,0.0,0.0,0.25,-0.5384615384615384,0.0,-1.0,-0.6956521739130435,0.0,0.0,0.0,0.0,-0.36764705882352944,0.0,163.0,0.0,-4.0,0.0,0.7862414008755464,-0.6666666666666666,-0.1035696329813977,0.5142371394527787
0.0,-0.85,-1.0169219367588933,0.0,-0.6,-0.6666666666666666,-0.5,-1.3695652173913044,0.24324324324324326,0.0,0.0,0.25,0.4,0.0,0.0,0.0,1.0,1.0,0.0,-0.5384345384345385,0.31367521367521367,-0.6577114427860696,0.0,0.0,0.0,-0.8365243004418262,0.8090659340659341,-0.3306295867130166,0.0,0.0,0.0,0.0,0.0,0.0,1.0,0.0,0.0,1.0,0.1282051282051282,0.5,0.0,0.2981366459627329,0.0,0.0,0.0,1.4404761904761905,-0.36764705882352944,81.0,0.0,0.0,0.0,0.0,-1.2301438398999367,0.3333333333333333,-0.5711412770236299,0.0
0.0,1.25,0.4610918972332016,0.0,0.0,1.0,-0.5,-0.5434782608695652,-1.1891891891891893,0.0,3.0,-3.0,-2.6,3.452054794520548,0.0,0.0,0.0,1.0,0.0,-0.22955422955422955,0.394017094017094,-0.1263681592039801,0.5,0.0,-4.0,-0.3122238586156112,1.3626373626373627,0.7045191193511008,0.0,0.0,0.0,1.0,1.0,0.0,2.0,0.0,-1.0,1.0,-0.8205128205128205,0.5,0.0,-0.33126293995859213,0.0,-4.0,0.0,0.0,-0.36764705882352944,0.0,0.0,0.0,0.0,0.0,-0.6041275797373354,1.0,0.37104072398190047,4.128838565267327
0.0,0.5,0.8541254940711462,-1.0,0.2,1.0,0.0,-0.021739130434782608,-0.5945945945945946,0.0,0.0,-1.5,-0.6,0.0,0.0,0.0,0.0,1.0,0.0,0.2941382941382941,-0.594017094017094,-0.5343283582089552,1.0,0.0,0.0,-0.6912125675012273,0.9065934065934066,-0.10660486674391657,0.0,-1.0,1.0,0.0,0.0,0.0,0.0,0.0,0.0,0.0,-0.20512820512820512,0.5,0.0,0.07039337474120083,0.0,0.0,0.0,1.75,1.338235294117647,0.0,0.0,0.0,0.0,0.0,0.10506566604127573,0.0,-0.36299648064353945,0.0
0.0,0.5,2.07324604743083,-1.0,0.2,1.6666666666666667,0.0,-0.13043478260869565,-0.4864864864864865,0.0,0.0,-1.5,-1.4,2.1856925418569255,0.0,0.0,0.0,0.0,-3.0,0.20287820287820288,1.152991452991453,1.3701492537313433,0.25,0.0,0.0,1.2508591065292096,0.0,0.40169949787562764,1.0,-1.0,1.0,0.0,0.0,0.0,0.5,0.0,0.0,0.0,-0.3333333333333333,0.0,0.0,0.0,0.0,0.0,0.0,0.0,-0.36764705882352944,0.0,0.0,0.0,0.0,0.0,0.3464665415884925,0.3333333333333333,0.930115635997989,2.4771785379777618
0.0,0.25,-0.001358695652173913,0.0,-0.7,1.0,1.0,0.6304347826086957,0.21621621621621623,0.0,0.0,0.0,0.0,0.0,-1.0,0.0,1.0,0.0,0.0,0.5903825903825903,-0.2623931623931624,0.2716417910447761,0.0,0.0,0.0,0.08051055473735887,1.2403846153846154,0.8760139049826188,1.0,0.0,1.0,0.0,0.0,-1.0,0.5,0.0,0.0,0.0,0.5641025641025641,0.0,0.0,0.40165631469979296,0.0,0.0,0.0,0.0,2.735294117647059,0.0,0.0,0.0,0.0,0.0,1.1144465290806753,0.6666666666666666,0.6837606837606838,0.0
-3.0,-0.5,-0.4887598814229249,0.0,-0.3,-0.6666666666666666,-1.0,-1.1521739130434783,-1.1891891891891893,0.0,0.0,-1.0,-1.0,0.0,0.0,-2.0,0.0,1.0,0.0,-0.5384345384345385,0.3769230769230769,-0.5840796019900497,1.0,0.0,-4.0,-0.7638684339715267,0.5906593406593407,-0.5191193511008111,0.0,-1.0,0.0,-1.0,0.0,0.0,0.0,0.0,-1.0,1.0,0.0,0.0,0.0,0.19875776397515527,0.0,0.0,0.0,0.17857142857142858,-0.36764705882352944,164.0,0.0,0.0,0.0,-4.0,-0.674171357098186,-0.6666666666666666,-0.6566113624937154,0.0
0.0,-0.15,0.08139822134387352,-1.0,-0.7,0.0,0.5,0.6304347826086957,0.21621621621621623,0.0,0.0,0.0,0.0,0.669710806697108,-1.0,0.0,1.0,0.0,0.0,0.5679185679185679,0.5256410256410257,1.1572139303482587,0.0,0.0,0.0,0.9543446244477173,0.0,0.16840478949401314,1.0,0.0,0.0,0.0,0.0,-1.0,0.0,0.0,-1.0,0.0,0.5641025641025641,0.0,0.0,0.2650103519668737,0.0,0.0,0.0,0.0,0.6911764705882353,0.0,0.0,0.0,0.0,0.0,0.6245570148009172,0.0,0.6706887883358471,0.725022151676797
0.0,-1.0,-0.35313735177865613,-1.0,1.1,0.0,0.5,0.3695652173913043,-0.10810810810810811,2.0,0.0,-1.5,-1.4,0.3287671232876712,0.0,0.0,0.0,0.0,0.0,0.93997893997894,-0.3786324786324786,0.6318407960199005,1.0,0.0,0.0,0.4948453608247423,0.0,-0.19312475859405176,1.0,0.0,0.0,-1.0,0.0,0.0,0.0,0.0,0.0,0.0,0.2564102564102564,-1.0,0.0,0.016563146997929608,-3.0,-3.0,0.0,0.0,0.4852941176470588,0.0,90.0,0.0,0.0,0.0,-0.058369814467375575,0.0,0.16993464052287582,0.32838119403430865
0.0,-0.45,-0.16761363636363635,-1.0,-0.7,0.0,-0.5,0.08695652173913043,0.3783783783783784,0.0,0.0,-1.5,-1.4,0.0,0.0,0.0,0.0,0.0,-1.0,0.2084942084942085,-0.19401709401709402,0.09651741293532339,1.0,0.0,0.0,-0.09229258713794797,0.0,-0.6550791811510236,0.0,0.0,0.0,0.0,0.0,-1.0,-0.5,0.0,-1.0,1.0,-0.07692307692307693,0.5,0.0,0.016563146997929608,0.0,0.0,0.0,0.0,-0.36764705882352944,0.0,288.0,0.0,0.0,0.0,-0.32395247029393354,-0.6666666666666666,-0.40120663650075417,0.0
0.0,1.2,-0.019392292490118576,0.0,-0.1,1.0,0.0,-0.043478260869565216,-0.6216216216216216,3.0,0.0,-1.0,0.4,0.0,0.0,0.0,0.0,1.0,-3.0,-0.5384345384345385,0.7427350427350428,-0.1582089552238806,1.0,0.0,0.0,-0.3436426116838488,1.2527472527472527,0.5561993047508691,0.0,0.0,2.0,1.0,1.0,0.0,1.0,0.0,-1.0,1.25,0.0,-0.5,-2.0,-1.9875776397515528,-2.0,-2.0,0.0,0.7619047619047619,-0.36764705882352944,0.0,0.0,0.0,0.0,0.0,0.026266416510318934,1.0,0.2584213172448467,0.0
0.0,-1.0,0.03940217391304348,0.0,0.6,-0.6666666666666666,0.0,-1.173913043478261,-0.10810810810810811,0.0,0.0,0.25,0.4,0.0,0.0,0.0,1.0,1.0,0.0,-0.5384345384345385,0.5581196581196581,-0.373134328358209,0.0,0.0,0.0,1.2017673048600883,1.0274725274725274,1.518733101583623,0.0,0.0,0.0,1.0,0.0,-1.0,2.0,-3.0,0.0,1.0,-0.28205128205128205,0.5,-1.0,-0.5962732919254659,0.0,0.0,0.0,1.619047619047619,-0.36764705882352944,42.0,116.0,0.0,0.0,0.0,0.31869918699186955,1.0,0.7762694821518351,0.0
1.0,-1.0,-0.8593132411067194,0.0,-0.9,-0.6666666666666666,0.0,-0.7391304347826086,-1.1891891891891893,0.0,0.0,-1.0,-1.0,0.0,0.0,-3.0,0.0,1.0,0.0,-0.5384345384345385,0.5170940170940171,-0.4208955223880597,0.0,0.0,-3.0,-0.5144820814923907,0.8063186813186813,-0.08033989957512554,0.0,-1.0,0.0,1.0,0.0,0.0,0.0,0.0,0.0,1.0,-1.0512820512820513,0.5,-1.0,-0.8281573498964804,0.0,0.0,0.0,0.26785714285714285,-0.36764705882352944,0.0,0.0,0.0,0.0,0.0,0.154680008338545,-0.6666666666666666,-0.2885872297637003,0.0
0.0,0.5,0.07695158102766798,0.0,0.2,0.0,0.0,-0.21739130434782608,-0.8378378378378378,2.0,0.0,-1.5,-1.4,2.745814307458143,0.0,0.0,0.0,1.0,0.0,0.26044226044226043,0.34273504273504274,0.6696517412935323,1.0,0.0,0.0,0.4732449680903289,0.0,-0.21011973735032832,1.0,-1.0,1.0,0.0,0.0,0.0,0.0,0.0,1.0,0.0,-0.4358974358974359,0.5,0.0,0.19875776397515527,0.0,0.0,0.0,0.0,0.014705882352941176,0.0,0.0,0.0,0.0,0.0,-0.09047321242443172,0.0,0.1779788838612368,2.731302540961507
0.0,0.5,6.675271739130435,-1.0,-0.8,0.0,-0.5,-0.1956521739130435,-0.8108108108108109,0.0,0.0,0.25,0.2,3.780821917808219,0.0,-2.0,0.0,1.0,-3.0,0.6016146016146016,0.5717948717948718,1.2587064676616915,0.25,0.0,0.0,0.9720176730486009,0.0,0.18230977211278485,0.0,0.0,0.0,1.0,0.0,0.0,0.5,0.0,-1.0,0.0,-0.41025641025641024,0.5,0.0,-0.37267080745341613,0.0,0.0,-2.0,1.0,2.5441176470588234,0.0,0.0,0.0,0.0,0.0,-0.008755472170106311,0.3333333333333333,0.7310206133735545,4.10477228273057
0.0,-1.5,-0.9423171936758893,-1.0,1.0,0.0,1.0,0.5869565217391305,0.16216216216216217,0.0,0.0,-1.75,-1.6,0.0,-1.0,0.0,1.0,0.0,0.0,1.0873990873990873,-0.2299145299145299,1.0139303482587065,0.0,0.0,0.0,1.1232204221894944,0.0,0.30127462340672073,1.0,0.0,0.0,-1.0,0.0,-3.0,-0.5,0.0,0.0,0.0,0.5128205128205128,-1.0,0.0,0.07867494824016563,0.0,0.0,0.0,1.2619047619047619,0.5,0.0,0.0,0.0,0.0,0.0,1.8439024390243894,-0.3333333333333333,0.6847662141779789,0.0
0.0,0.8,0.3919219367588933,-1.0,0.4,1.0,1.0,0.717391304347826,0.32432432432432434,0.0,0.0,0.0,0.0,4.797564687975647,-1.0,0.0,1.0,0.0,-1.0,-0.5384345384345385,1.0384615384615385,0.18606965174129353,0.0,0.0,0.0,0.06480117820324006,1.1675824175824177,0.7817690227887215,0.0,0.0,1.0,0.0,0.0,-3.0,1.0,0.0,0.0,0.5,0.6666666666666666,-1.0,1.0,1.1304347826086956,0.0,0.0,0.0,1.0535714285714286,0.7205882352941176,0.0,0.0,0.0,0.0,1.0,0.3458411507191993,0.6666666666666666,0.579185520361991,5.812374113840658
0.0,0.15,1.1446393280632412,-1.0,0.0,1.6666666666666667,-0.5,-0.1956521739130435,-0.8108108108108109,2.0,0.0,0.25,-1.4,0.5235920852359208,0.0,0.0,1.0,1.0,-3.0,0.8852228852228852,-0.5803418803418804,0.3194029850746269,1.0,0.0,0.0,0.12763868433971526,0.0,-0.4820393974507532,1.0,-1.0,0.0,0.0,0.0,0.0,0.0,0.0,0.0,0.0,-0.41025641025641024,0.0,0.0,0.016563146997929608,0.0,0.0,0.0,1.3511904761904763,-0.36764705882352944,0.0,0.0,0.0,0.0,0.0,-0.6041275797373354,-0.3333333333333333,-0.17596782302664657,0.4850862004273363
1.0,-2.45,-1.9265069169960474,0.0,-1.0,1.0,-0.5,-0.021739130434782608,-0.5945945945945946,0.0,0.0,-1.75,-1.6,1.6316590563165905,0.0,0.0,0.0,1.0,0.0,-0.2141102141102141,-0.13418803418803418,-0.7194029850746269,1.0,0.0,0.0,-0.8973981345115366,0.9230769230769231,-0.25028968713789107,0.0,0.0,1.0,0.0,0.0,0.0,0.0,0.0,-1.0,1.0,-0.20512820512820512,0.5,-1.0,-0.8944099378881988,0.0,0.0,0.0,1.1011904761904763,-0.36764705882352944,0.0,0.0,0.0,0.0,0.0,-0.16635397123201992,0.0,-0.5500251382604324,1.607068969518275
1.0,-0.5,-0.7110918972332015,0.0,0.5,1.0,-0.5,-1.7608695652173914,-0.7837837837837838,0.0,0.0,0.25,0.2,0.0,0.0,0.0,3.0,1.0,0.0,-0.5384345384345385,0.8829059829059829,0.004975124378109453,1.0,-1.0,0.0,0.5714285714285714,1.3653846153846154,1.402858246427192,0.0,0.0,0.0,1.0,1.0,0.0,2.5,-3.0,-1.0,0.0,0.1282051282051282,0.0,-1.0,-0.19875776397515527,0.0,0.0,0.0,0.0,3.8529411764705883,0.0,0.0,0.0,0.0,0.0,-0.1902325316959464,1.3333333333333333,0.8919054801407743,0.0
0.0,0.4,0.16341403162055335,0.0,0.2,1.0,0.5,0.06521739130434782,-0.4864864864864865,0.0,0.0,-1.5,-1.4,0.0,0.0,0.0,1.0,0.0,0.0,-0.26605826605826605,0.2743589743589744,-0.3174129353233831,1.0,0.0,0.0,-0.5007363770250368,1.1428571428571428,0.3089996137504828,0.0,0.0,1.0,1.0,0.0,0.0,1.0,0.0,0.0,0.0,-0.10256410256410256,0.0,0.0,0.19875776397515527,0.0,0.0,0.0,0.0,0.04411764705882353,0.0,259.0,0.0,-3.0,0.0,-0.32395247029393354,0.6666666666666666,0.017094017094017096,0.0
0.0,-0.5,-0.32275197628458496,0.0,-0.5,0.0,-0.5,-0.391304347826087,-0.10810810810810811,2.0,0.0,0.5,-0.6,0.0,0.0,0.0,0.0,1.0,0.0,-0.303966303966304,0.3752136752136752,-0.2537313432835821,1.0,0.0,0.0,-0.4378988708885616,0.0,-0.9269988412514485,1.0,-1.0,0.0,-1.0,0.0,0.0,-0.5,0.0,-1.0,1.0,-0.5897435897435898,0.5,0.0,0.38095238095238093,0.0,0.0,-2.0,0.0,-0.36764705882352944,0.0,0.0,0.0,0.0,0.0,-0.9403377110694177,-0.6666666666666666,-0.7551533433886375,0.0
0.0,0.0,-0.2664278656126482,0.0,0.0,0.0,-0.5,-0.10869565217391304,-0.7027027027027027,2.0,0.0,-1.5,-1.4,1.0228310502283104,0.0,0.0,0.0,1.0,-3.0,0.888030888030888,-0.7547008547008547,0.12039800995024875,0.5,0.0,0.0,-0.06872852233676977,0.0,-0.6365392043259946,1.0,-1.0,1.0,0.0,0.0,0.0,-0.5,0.0,-1.0,0.0,-0.3076923076923077,0.0,-1.0,-0.7950310559006211,0.0,0.0,0.0,2.119047619047619,-0.36764705882352944,0.0,0.0,0.0,-3.0,0.0,-0.2819262038774231,-0.3333333333333333,-0.3770739064856712,0.9055478024545472
0.0,0.5,-0.19231719367588934,0.0,0.0,0.0,-0.5,-0.21739130434782608,-0.8378378378378378,2.0,0.0,-1.0,-1.0,0.9010654490106544,0.0,-2.0,0.0,1.0,-1.0,0.551070551070551,-0.2282051282051282,0.2557213930348259,0.5,0.0,0.0,0.08051055473735887,0.0,-0.5191193511008111,1.0,0.0,0.0,0.0,0.0,0.0,0.0,0.0,-1.0,0.0,-0.4358974358974359,0.0,0.0,0.18633540372670807,0.0,0.0,0.0,1.1428571428571428,-0.07352941176470588,123.0,0.0,0.0,-2.0,0.0,-0.674171357098186,0.0,-0.23227752639517346,0.8260579107220865
1.0,-1.75,-1.4336709486166008,0.0,-0.5,1.3333333333333333,0.0,0.6956521739130435,0.32432432432432434,0.0,0.0,0.0,0.0,0.4992389649923896,0.0,0.0,1.0,0.0,-2.0,0.22955422955422955,-0.8162393162393162,-0.8845771144278607,0.5,0.0,0.0,-0.029455081001472753,0.0,-0.6056392429509463,1.0,0.0,0.0,-1.0,0.0,0.0,-0.5,0.0,-1.0,0.25,0.6410256410256411,-1.0,0.0,0.18633540372670807,0.0,0.0,0.0,0.0,0.27941176470588236,0.0,0.0,0.0,0.0,1.0,-0.21188242651657263,-0.3333333333333333,-0.864756158873806,0.44617524871624664
0.0,12.15,13.440834980237154,-0.3333333333333333,-0.5,1.0,2.0,0.7608695652173914,0.3783783783783784,2.0,-1.0,-0.25,-0.2,4.846270928462709,-3.0,0.0,1.0,-1.0,-2.0,7.385749385749386,-0.019658119658119658,10.186069651741294,0.0,0.0,0.0,7.079037800687285,1.304945054945055,6.455001931247586,2.0,0.0,1.0,0.0,0.0,-3.0,3.0,0.0,2.0,0.0,0.717948717948718,-1.0,0.0,3.8840579710144927,0.0,0.0,0.0,1.2738095238095237,3.926470588235294,0.0,0.0,-1.0,0.0,1.0,4.266833437565142,2.6666666666666665,9.324283559577678,9.936280383522542
0.0,0.25,-0.4887598814229249,0.0,0.0,0.0,-0.5,-0.30434782608695654,0.0,2.0,0.0,-2.25,-2.0,0.0,0.0,0.0,0.0,1.0,0.0,-0.061074061074061076,-0.8162393162393162,0.5064676616915423,0.0,0.0,0.0,0.3122238586156112,0.0,-0.33680957898802627,1.0,-1.0,1.0,0.0,0.0,-1.0,0.0,0.0,-1.0,0.0,-0.5384615384615384,0.0,-1.0,-0.7246376811594203,0.0,0.0,0.0,1.2976190476190477,-0.36764705882352944,0.0,0.0,0.0,-4.0,0.0,-0.32978945174067126,0.0,0.013071895424836602,0.0
0.0,-0.25,0.3170701581027668,-1.0,-0.4,1.0,0.5,0.5652173913043478,0.13513513513513514,0.0,0.0,0.0,0.0,2.0943683409436833,-1.0,0.0,1.0,0.0,0.0,0.4359424359424359,-0.33076923076923076,-0.026865671641791045,0.0,0.0,0.0,-0.16102110947471773,1.3434065934065933,0.8018539976825029,0.0,0.0,1.0,0.0,0.0,-1.0,1.5,0.0,0.0,0.0,0.48717948717948717,-1.0,0.0,0.041407867494824016,0.0,0.0,0.0,0.0,-0.36764705882352944,0.0,0.0,0.0,0.0,0.0,-0.10798415676464435,1.0,0.48466566113624937,2.5457398976817194
0.0,0.2,-0.4887598814229249,-1.0,-0.6,1.0,0.0,-0.6739130434782609,-1.1891891891891893,0.0,0.0,0.25,0.2,0.0,0.0,0.0,0.0,1.0,0.0,0.22955422955422955,-0.43333333333333335,-0.4388059701492537,0.25,0.0,0.0,-0.65586647029946,1.0178571428571428,0.046349942062572425,0.0,-1.0,0.0,0.0,0.0,-1.0,0.5,0.0,1.0,0.0,-0.9743589743589743,0.5,-1.0,-1.1055900621118013,0.0,0.0,-1.0,0.0,-0.36764705882352944,0.0,224.0,0.0,0.0,0.0,-0.22889305816135092,-0.3333333333333333,-0.21518350930115637,0.0
0.0,1.1,0.15847332015810275,0.0,0.3,1.0,1.0,0.45652173913043476,0.0,2.0,0.0,0.0,0.0,2.380517503805175,-1.0,0.0,1.0,0.0,0.0,0.5005265005265005,-0.08974358974358974,0.345273631840796,0.0,0.0,0.0,0.22778595974472263,1.8173076923076923,1.6407879490150636,1.0,0.0,1.0,1.0,0.0,-1.0,1.0,0.0,0.0,0.0,0.358974358974359,0.0,1.0,1.5072463768115942,0.0,0.0,0.0,1.8392857142857142,0.7794117647058824,0.0,0.0,0.0,0.0,0.0,1.5628517823639767,1.0,1.2187028657616892,3.2657855256005064
0.0,0.15,-0.19528162055335968,0.0,0.9,0.0,0.5,0.6956521739130435,0.2972972972972973,0.0,0.0,0.0,0.0,1.3881278538812785,-1.0,0.0,1.0,0.0,-3.0,-0.5384345384345385,1.9461538461538461,1.2427860696517412,0.0,0.0,0.0,1.0387825233186059,0.0,0.23483970645036695,0.0,0.0,0.0,0.0,0.0,-1.0,0.5,0.0,-1.0,0.0,0.6410256410256411,0.0,1.0,1.4658385093167703,0.0,0.0,0.0,1.2380952380952381,0.5,0.0,0.0,0.0,0.0,0.0,0.07629768605378365,0.0,0.7571644042232277,1.5231748301827426
1.0,-1.9,-1.51074604743083,0.0,-0.5,1.0,0.5,0.6739130434782609,0.2702702702702703,0.0,0.0,0.0,0.0,0.7123287671232876,-1.0,0.0,1.0,0.0,0.0,-0.5384345384345385,0.8521367521367521,-0.030845771144278607,0.0,0.0,0.0,-0.21796759941089838,1.0054945054945055,0.37697952877558905,0.0,0.0,0.0,0.0,0.0,-1.0,0.5,-6.0,-1.0,1.0,0.6153846153846154,0.5,0.0,-0.4140786749482402,0.0,0.0,0.0,0.0,0.22058823529411764,0.0,0.0,0.0,0.0,0.0,0.30644152595372093,0.0,0.20613373554550024,0.8035705728149377
0.0,1.9,0.9126729249011858,-1.0,0.4,0.0,1.5,0.717391304347826,0.35135135135135137,2.0,0.0,0.0,0.0,1.82648401826484,-1.0,0.0,1.0,-1.0,0.0,1.6686556686556686,-0.6794871794871795,1.3144278606965174,0.0,0.0,0.0,1.1094747177221405,0.0,0.29045963692545385,1.0,0.0,0.0,-1.0,0.0,-3.0,0.0,0.0,1.0,0.0,0.6666666666666666,-1.0,0.0,1.4906832298136645,0.0,0.0,0.0,2.4047619047619047,1.1323529411764706,0.0,0.0,0.0,0.0,0.0,0.8551177819470495,0.0,0.8295625942684767,2.0263782043868126
0.0,-1.1,-0.6233942687747036,-1.0,0.4,0.0,0.5,0.6956521739130435,0.32432432432432434,0.0,0.0,0.0,0.0,0.5722983257229832,-1.0,0.0,1.0,0.0,0.0,-0.5384345384345385,1.5222222222222221,0.7492537313432835,0.0,0.0,0.0,0.551791850760923,0.0,-0.14831981460023175,0.0,0.0,0.0,-1.0,0.0,-1.0,0.0,0.0,0.0,0.0,0.6410256410256411,0.0,0.0,-0.024844720496894408,0.0,0.0,0.0,0.7857142857142857,0.14705882352941177,0.0,0.0,0.0,0.0,1.0,0.026266416510318934,-0.3333333333333333,0.2584213172448467,0.5777834950507974
0.0,-0.5,-0.34745553359683795,0.0,-0.7,0.0,-0.5,0.45652173913043476,0.02702702702702703,0.0,0.0,0.0,0.0,0.0,0.0,-2.0,1.0,0.0,0.0,0.508950508950509,-0.39914529914529917,-0.0029850746268656717,0.0,0.0,0.0,-0.19047619047619047,0.0,-0.7323290845886443,1.0,-1.0,0.0,0.0,0.0,0.0,-0.5,0.0,-1.0,1.0,0.5128205128205128,0.5,0.0,0.0,0.0,0.0,0.0,0.0,0.5735294117647058,0.0,0.0,0.0,0.0,0.0,-0.49906191369605973,-0.6666666666666666,-0.5017596782302665,0.0
1.0,1.5,0.6229001976284585,0.0,0.5,0.0,-0.5,-0.5434782608695652,0.2972972972972973,0.0,0.0,-1.0,-1.0,0.0,0.0,0.0,0.0,1.0,0.0,-0.33625833625833623,-0.5222222222222223,-0.13432835820895522,0.0,0.0,0.0,0.06872852233676977,0.0,-0.5283893395133256,1.0,-1.0,0.0,-1.0,0.0,-1.0,0.0,0.0,-1.0,0.0,-0.8205128205128205,0.5,0.0,0.19875776397515527,0.0,0.0,0.0,0.0,0.16176470588235295,0.0,0.0,0.0,-3.0,0.0,-0.6916823014383986,-0.3333333333333333,-0.43539467068878834,0.0
0.0,-0.175,-0.5744812252964426,0.0,0.8,0.0,0.0,0.391304347826087,-0.08108108108108109,0.0,0.0,-1.5,-1.4,0.5357686453576864,0.0,0.0,0.0,0.0,0.0,1.1463671463671463,-0.6829059829059829,0.5701492537313433,0.5,0.0,0.0,0.406480117820324,0.0,-0.26264967168791037,1.0,0.0,0.0,0.0,0.0,-1.0,0.0,0.0,-1.0,0.0,0.28205128205128205,0.0,0.0,0.06625258799171843,0.0,0.0,0.0,0.6666666666666666,0.38235294117647056,0.0,0.0,0.0,-3.0,0.0,-0.18970189701897025,0.0,0.09351432880844646,0.5260706099157395
0.0,1.5,1.9815958498023716,0.0,-0.6,0.0,0.5,-0.30434782608695654,0.21621621621621623,0.0,0.0,-2.25,-1.4,0.0,-1.0,-2.0,1.0,0.0,-3.0,1.4355914355914356,0.03162393162393162,1.8119402985074626,1.0,0.0,0.0,1.600392734413353,0.0,0.6767091541135574,1.0,0.0,0.0,0.0,0.0,-3.0,0.5,0.0,1.0,0.0,-0.5384615384615384,-1.0,0.0,0.36024844720496896,0.0,0.0,0.0,0.0,2.676470588235294,162.0,0.0,0.0,0.0,0.0,0.791744840525328,0.3333333333333333,1.3323278029160381,0.0
0.0,-0.1,-0.16415513833992096,0.0,-0.7,0.0,0.5,0.6956521739130435,0.35135135135135137,0.0,0.0,0.0,0.0,0.487062404870624,-1.0,0.0,1.0,0.0,0.0,0.7602667602667603,-0.21965811965811965,0.5621890547263682,0.0,0.0,0.0,0.36720667648502703,0.0,-0.29354963306295867,1.0,0.0,0.0,0.0,0.0,-1.0,0.0,0.0,-1.0,0.0,0.6410256410256411,0.0,0.0,0.11594202898550725,0.0,0.0,0.0,1.5714285714285714,1.0735294117647058,0.0,0.0,0.0,0.0,1.0,-0.24807171148634533,0.0,0.0693815987933635,0.4745357434350907
0.0,1.05,0.02309782608695652,-1.0,0.3,1.0,1.0,0.3695652173913043,-0.10810810810810811,0.0,0.0,0.25,0.2,2.045662100456621,-1.0,0.0,1.0,-1.0,0.0,0.1382941382941383,0.8435897435897436,0.918407960199005,0.0,0.0,0.0,0.7187039764359352,1.864010989010989,2.0795674005407494,0.0,0.0,1.0,1.0,0.0,-1.0,1.5,0.0,0.0,0.0,0.2564102564102564,0.0,0.0,1.1180124223602483,-3.0,-3.0,0.0,2.9761904761904763,-0.36764705882352944,0.0,0.0,0.0,0.0,0.0,1.501077062052671,1.0,1.7938662644544998,2.9599656195401036
0.0,1.9,1.3081768774703557,-1.0,0.3,1.0,1.5,0.5652173913043478,0.13513513513513514,0.0,0.0,0.0,0.0,1.004566210045662,-1.0,0.0,1.0,0.0,0.0,-0.5384345384345385,1.564957264957265,0.7990049751243781,0.0,0.0,0.0,0.6578301423662248,1.6167582417582418,1.7535728080339898,0.0,0.0,1.0,1.0,0.0,-1.0,2.0,0.0,0.0,0.5,0.48717948717948717,-1.0,1.0,1.2380952380952381,0.0,0.0,0.0,3.9761904761904763,0.07352941176470588,0.0,0.0,0.0,0.0,0.0,0.5848655409631012,1.3333333333333333,1.5213675213675213,1.3979167649021318
0.0,-0.5,-0.31830533596837945,0.0,-0.5,0.0,-1.0,-0.41304347826086957,-1.0810810810810811,2.0,0.0,0.25,0.2,0.0,0.0,0.0,0.0,1.0,0.0,0.4892944892944893,-0.44700854700854703,-0.08656716417910448,0.0,0.0,0.0,-0.27295041728031416,0.0,-0.7972190034762456,1.0,-1.0,0.0,0.0,0.0,0.0,-0.5,0.0,0.0,1.0,-0.6153846153846154,0.5,-1.0,-0.8281573498964804,0.0,0.0,0.0,0.0,0.16176470588235295,0.0,0.0,0.0,0.0,0.0,-0.6461538461538459,-0.6666666666666666,-0.5862242332830568,0.0
0.0,0.75,0.3943922924901186,0.0,0.0,1.0,0.0,-0.08695652173913043,-0.6756756756756757,0.0,0.0,-1.5,-1.4,0.0,0.0,0.0,0.0,-0.5,-1.0,0.16356616356616357,-0.5153846153846153,-0.07860696517412935,1.0,0.0,0.0,0.009818360333824251,1.401098901098901,1.0011587485515643,0.0,0.0,1.0,1.0,0.0,0.0,1.5,0.0,1.0,0.0,-0.28205128205128205,0.5,0.0,0.39751552795031053,0.0,0.0,0.0,1.6666666666666667,-0.36764705882352944,0.0,0.0,0.0,0.0,0.0,0.1430060454450696,1.0,0.5882352941176471,0.0
0.0,-0.45,0.1846590909090909,-1.0,-0.7,0.0,1.0,0.7608695652173914,0.3783783783783784,0.0,0.0,0.0,0.0,1.643835616438356,-1.0,0.0,1.0,-1.0,-2.0,-0.5384345384345385,1.9564102564102563,1.254726368159204,0.0,0.0,0.0,1.0662739322533137,0.0,0.2564696794129007,1.0,0.0,0.0,0.0,0.0,-3.0,1.0,0.0,0.0,0.0,0.717948717948718,0.0,1.0,1.5734989648033126,0.0,0.0,0.0,1.0238095238095237,0.25,0.0,0.0,0.0,0.0,0.0,-0.3983739837398372,0.6666666666666666,0.7772750125691302,1.811556133216889
-2.0,-1.15,-1.296566205533597,0.0,0.9,0.0,0.5,0.717391304347826,0.35135135135135137,0.0,0.0,0.0,0.0,0.0,-1.0,0.0,1.0,-1.0,0.0,-0.5384345384345385,1.494871794871795,0.7174129353233831,0.0,0.0,0.0,0.5203730976926854,0.0,-0.17303978370027037,0.0,0.0,0.0,-1.0,0.0,-1.0,-0.5,0.0,0.0,0.0,0.6666666666666666,0.0,0.0,-0.057971014492753624,0.0,0.0,0.0,0.0,3.176470588235294,0.0,0.0,0.0,0.0,1.0,0.7687304565353338,-0.6666666666666666,0.22624434389140272,0.0
0.0,0.0,1.3099061264822134,-0.6666666666666666,-0.7,0.0,1.0,0.6086956521739131,0.21621621621621623,2.0,0.0,0.0,0.0,1.0837138508371384,-1.0,0.0,1.0,0.0,-2.0,-0.5384345384345385,2.18034188034188,1.5154228855721392,0.0,0.0,0.0,1.3745704467353952,0.0,0.49903437620702973,0.0,0.0,0.0,0.0,0.0,-1.0,0.5,0.0,0.0,0.0,0.5384615384615384,0.0,1.0,1.1097308488612836,0.0,0.0,0.0,1.1785714285714286,1.838235294117647,0.0,0.0,0.0,0.0,0.0,0.504065040650406,0.0,1.0668677727501257,1.2504793027174146
0.0,0.25,0.18194169960474307,0.0,-0.5,0.0,-1.0,-0.41304347826086957,-1.0810810810810811,2.0,0.0,0.25,0.2,0.8036529680365296,0.0,0.0,1.0,1.0,0.0,0.15233415233415235,-0.18034188034188034,-0.2537313432835821,0.0,0.0,0.0,-0.27295041728031416,0.0,-0.7972190034762456,0.0,-1.0,0.0,0.0,0.0,0.0,-0.5,0.0,-1.0,0.0,-0.6666666666666666,0.5,-1.0,-0.9606625258799172,0.0,0.0,0.0,0.0,-0.36764705882352944,0.0,0.0,0.0,0.0,0.0,-0.6461538461538459,-1.0,-0.6706887883358471,0.6754175314946447
0.0,0.0,-0.2664278656126482,0.0,0.0,0.0,0.0,-0.34782608695652173,-1.0,2.0,0.0,-2.25,-2.0,0.0,0.0,0.0,0.0,1.0,0.0,-0.2730782730782731,0.25726495726495724,0.9681592039800995,0.5,0.0,0.0,0.7677957781050565,0.0,0.021629972962533797,1.0,-1.0,1.0,0.0,0.0,0.0,0.0,0.0,1.0,0.0,-0.5897435897435898,0.0,0.0,-0.15734989648033126,0.0,0.0,0.0,0.6785714285714286,-0.36764705882352944,0.0,216.0,0.0,0.0,0.0,0.34730039608088387,0.0,0.4796380090497738,0.0
0.0,-0.9,-0.7044219367588933,-1.0,-0.9,0.0,-1.5,-0.5217391304347826,-1.1891891891891893,2.0,0.0,0.0,0.0,0.0,0.0,0.0,0.0,0.5,1.0,-0.5384345384345385,-0.8162393162393162,-1.973134328358209,1.0,-1.0,0.0,-0.7206676485027,0.0,-1.149478563151796,0.0,-1.0,0.0,-1.0,0.0,0.0,-1.0,0.0,-1.0,1.0,-0.6410256410256411,0.5,-1.0,-0.7991718426501035,0.0,-4.0,0.0,0.0,-0.36764705882352944,0.0,0.0,0.0,0.0,0.0,-0.814258911819887,-1.3333333333333333,-1.7687280040221216,0.0
0.0,1.85,0.17477766798418973,-1.0,0.3,1.0,0.5,0.41304347826086957,-0.05405405405405406,0.0,0.0,-1.5,-1.4,0.0,-1.0,0.0,1.0,0.0,0.0,0.40786240786240785,-0.6863247863247863,-0.48059701492537316,0.0,0.0,0.0,-0.051055473735886106,1.184065934065934,0.709154113557358,1.0,0.0,1.0,0.0,0.0,-1.0,1.0,0.0,0.0,0.0,0.3076923076923077,0.0,0.0,0.34782608695652173,0.0,0.0,0.0,1.4285714285714286,0.20588235294117646,0.0,0.0,0.0,0.0,0.0,0.24296435272045014,1.0,0.1950729009552539,0.0
0.0,-1.0,-1.0248270750988142,0.0,-0.9,0.0,-1.0,-0.717391304347826,-1.1891891891891893,2.0,0.0,0.0,0.0,0.0,-2.0,0.0,0.0,1.0,0.0,-0.14531414531414533,-0.5769230769230769,-1.137313432835821,0.5,0.0,0.0,-0.7442317133038783,0.0,-1.168018539976825,0.0,-1.0,0.0,-1.0,0.0,-2.0,-0.5,0.0,-1.0,1.25,0.0,-0.5,-2.0,-1.9875776397515528,-2.0,-2.0,0.0,0.9761904761904762,-0.36764705882352944,0.0,0.0,0.0,0.0,0.0,-1.4866791744840517,-1.0,-1.3584715937657115,0.0
0.0,0.25,0.1253705533596838,0.0,0.9,0.0,1.0,0.717391304347826,0.35135135135135137,0.0,0.0,0.0,0.0,2.6057838660578385,-1.0,0.0,1.0,-1.0,-3.0,-0.5384345384345385,2.252136752136752,1.599004975124378,0.0,0.0,0.0,1.390279823269514,0.0,0.511394360757049,0.0,0.0,0.0,-1.0,0.0,-1.0,0.5,0.0,0.0,0.0,0.6923076923076923,0.0,1.0,1.7184265010351967,0.0,0.0,0.0,0.0,0.35294117647058826,0.0,0.0,0.0,0.0,1.0,0.5240775484677923,0.0,1.1171442936148819,3.0134932624941557
1.0,-1.5,-1.4433053359683794,0.0,-0.3,0.0,-1.0,-1.108695652173913,-1.1891891891891893,0.0,0.0,-3.0,-2.6,0.0,0.0,0.0,-1.0,1.0,0.0,-0.5384345384345385,0.5444444444444444,-0.3890547263681592,0.25,-1.0,0.0,-0.5714285714285714,0.0,-1.0320587099266125,0.0,-1.0,0.0,-1.0,0.0,0.0,-0.5,0.0,-1.0,1.25,0.0,-0.5,-2.0,-1.9875776397515528,-2.0,-2.0,-2.0,0.0,-0.36764705882352944,100.0,0.0,0.0,-2.0,0.0,-1.1784865540963096,-1.0,-0.8919054801407743,0.0
-1.0,0.0,-1.2866847826086956,0.0,-0.5,0.0,-1.5,-0.9130434782608695,0.32432432432432434,0.0,0.0,-1.0,-1.0,0.0,0.0,0.0,-1.0,1.0,0.0,0.22534222534222534,-0.8162393162393162,-0.8905472636815921,0.0,0.0,0.0,-0.6146293568973982,0.0,-1.0660486674391656,0.0,-1.0,0.0,0.0,0.0,-1.0,0.0,0.0,-1.0,1.25,0.0,-0.5,-2.0,-1.9875776397515528,-2.0,-2.0,0.0,0.0,-0.36764705882352944,286.0,0.0,0.0,0.0,0.0,-1.7073170731707308,-0.6666666666666666,-1.167420814479638,0.0
0.0,-0.5,-0.7110918972332015,0.0,-0.1,0.0,-0.5,0.1956521739130435,0.3783783783783784,0.0,0.0,0.0,0.0,0.0,-1.0,-2.0,0.0,1.0,0.0,0.36153036153036155,-0.5170940170940171,-0.3492537313432836,0.0,0.0,0.0,-0.5321551300932744,0.0,-1.0011587485515643,0.0,-1.0,0.0,0.0,0.0,-1.0,-0.5,0.0,0.0,0.0,0.05128205128205128,0.5,-1.0,-0.8944099378881988,0.0,0.0,0.0,0.0,-0.36764705882352944,0.0,0.0,0.0,-2.0,0.0,-1.1084427767354592,-0.6666666666666666,-0.8516842634489693,0.0
1.0,-0.5,0.23752470355731226,0.0,0.5,-0.6666666666666666,0.0,-1.1521739130434783,-1.1891891891891893,0.0,0.0,-2.25,0.2,0.0,-1.0,-2.0,-1.0,0.0,0.0,0.15373815373815375,0.9222222222222223,1.0318407960199005,0.0,0.0,0.0,0.9759450171821306,1.6593406593406594,2.0517574353032058,0.0,0.0,0.0,2.0,0.0,0.0,1.0,-2.0,1.0,1.0,-1.5384615384615385,0.5,0.0,0.16563146997929606,-4.0,0.0,0.0,0.0,7.676470588235294,0.0,480.0,0.0,-2.0,0.0,2.1450906816760464,0.3333333333333333,1.8330819507290095,0.0
0.0,-0.35,-0.09745553359683795,-1.0,-0.4,1.0,0.5,0.5434782608695652,0.10810810810810811,2.0,0.0,0.0,0.0,0.0,0.0,0.0,1.0,0.0,0.0,-0.5384345384345385,0.782051282051282,-0.11243781094527364,0.5,0.0,0.0,-0.25920471281296026,0.929945054945055,0.25955967555040554,0.0,0.0,1.0,0.0,0.0,0.0,1.0,0.0,0.0,0.0,0.46153846153846156,-1.0,0.0,-0.07453416149068323,0.0,0.0,0.0,0.0,0.04411764705882353,0.0,0.0,0.0,0.0,0.0,-0.393996247654784,0.6666666666666666,0.08848667672197084,0.0
0.0,0.75,0.1288290513833992,0.0,0.9,0.0,1.0,0.717391304347826,0.32432432432432434,2.0,0.0,0.0,0.0,2.496194824961948,-1.0,0.0,1.0,0.0,-3.0,-0.5384345384345385,1.8982905982905982,1.1870646766169155,0.0,0.0,0.0,0.9837997054491899,0.0,0.19157976052529935,0.0,0.0,0.0,0.0,0.0,-1.0,0.5,0.0,0.0,0.0,0.6666666666666666,0.0,1.0,1.4285714285714286,0.0,0.0,0.0,0.8571428571428571,0.29411764705882354,0.0,0.0,0.0,0.0,0.0,0.006253908692933151,0.0,0.7008547008547008,2.7152094413784083
0.0,-0.75,0.32151679841897235,-1.0,-0.7,1.6666666666666667,-0.5,0.06521739130434782,-0.4864864864864865,0.0,0.0,-1.0,-1.0,0.0,0.0,0.0,0.0,1.0,-3.0,0.1396981396981397,-0.08461538461538462,-0.16019900497512438,0.5,0.0,0.0,-0.2611683848797251,0.0,-0.7879490150637312,0.0,-1.0,0.0,0.0,0.0,0.0,0.0,0.0,-1.0,1.0,-0.10256410256410256,0.5,0.0,0.39751552795031053,0.0,0.0,0.0,0.0,-0.36764705882352944,0.0,0.0,0.0,0.0,0.0,-1.181988742964352,-0.6666666666666666,-0.6173956762192057,0.0
0.0,-0.15,-0.14859189723320157,0.0,-0.5,0.0,-1.0,-0.7608695652173914,-0.972972972972973,0.0,0.0,-1.0,-1.0,0.0,0.0,0.0,0.0,1.0,-1.0,0.4303264303264303,-0.6008547008547008,-0.3492537313432836,0.0,0.0,0.0,-0.5321551300932744,0.0,-1.0011587485515643,1.0,-1.0,0.0,-1.0,0.0,0.0,-1.5,0.0,0.0,1.0,-0.5641025641025641,0.5,-1.0,-0.7950310559006211,-4.0,-4.0,0.0,0.0,-0.36764705882352944,0.0,0.0,0.0,0.0,0.0,0.7967479674796744,-1.3333333333333333,-0.8516842634489693,0.0
1.0,-0.5,-0.5628705533596838,0.0,-0.3,-0.6666666666666666,-0.5,-0.7608695652173914,0.02702702702702703,0.0,0.0,0.25,0.2,0.0,0.0,0.0,0.0,1.0,0.0,-0.5384345384345385,0.5564102564102564,-0.37512437810945276,0.0,0.0,0.0,-0.5576828669612175,0.7651098901098901,-0.16067979915025107,0.0,-1.0,1.0,-1.0,0.0,-1.0,0.0,0.0,-1.0,1.0,-0.7435897435897436,0.5,-1.0,-0.7577639751552795,0.0,0.0,0.0,0.0,0.5882352941176471,190.0,0.0,0.0,-2.0,0.0,0.0029184907233686047,-0.3333333333333333,-0.3177476118652589,0.0
1.0,-2.3,-1.756546442687747,0.0,-1.0,1.0,-0.5,-0.06521739130434782,-0.6486486486486487,0.0,0.0,-1.5,-1.4,1.8995433789954337,0.0,0.0,0.0,1.0,0.0,0.5356265356265356,-0.8162393162393162,-0.4507462686567164,1.0,0.0,0.0,-0.6323024054982818,0.8241758241758241,-0.15295480880648898,0.0,-1.0,1.0,0.0,0.0,0.0,0.5,-4.0,-1.0,0.0,-0.2564102564102564,0.5,0.0,-0.16563146997929606,0.0,0.0,0.0,0.0,0.16176470588235295,0.0,0.0,0.0,0.0,0.0,-0.5515947467166976,0.0,-0.35093011563599796,1.915645523345633
0.0,0.5,0.04236660079051383,0.0,0.2,0.0,0.0,0.08695652173913043,-0.4594594594594595,0.0,0.0,-0.75,-0.6,2.191780821917808,0.0,0.0,0.0,0.0,0.0,0.4247104247104247,0.3188034188034188,0.7134328358208956,1.0,0.0,0.0,0.485027000490918,0.0,-0.20084974893781382,0.0,0.0,0.0,-1.0,0.0,0.0,0.0,0.0,0.0,0.0,-0.07692307692307693,0.0,0.0,0.6211180124223602,0.0,0.0,0.0,0.0,-0.1323529411764706,0.0,0.0,0.0,0.0,0.0,-0.0729622680842191,0.0,0.20613373554550024,2.185116743870204
0.0,0.85,-0.057435770750988144,-1.0,0.2,0.0,-0.5,0.0,-0.5675675675675675,0.0,0.0,-0.75,-0.6,3.4337899543378994,0.0,0.0,0.0,1.0,0.0,-0.5384345384345385,2.0145299145299145,1.3223880597014925,1.0,0.0,0.0,1.1173294059891998,0.0,0.2966396292004635,0.0,0.0,0.0,1.0,1.0,0.0,1.0,0.0,-1.0,1.0,-0.1794871794871795,0.5,0.0,0.10766045548654245,0.0,0.0,0.0,0.0,2.735294117647059,0.0,0.0,0.0,0.0,0.0,-0.34146341463414615,0.3333333333333333,0.8376068376068376,3.81420033146757
1.0,4.15,-1.32423418972332,-1.0,0.5,0.0,-1.0,-0.6956521739130435,-1.1891891891891893,0.0,0.0,0.25,0.2,0.0,0.0,0.0,0.0,1.0,0.0,-0.5384345384345385,0.3683760683760684,-0.5940298507462687,0.25,-1.0,-4.0,-0.773686794305351,0.0,-1.1911935110081113,0.0,-1.0,0.0,-1.0,0.0,-2.0,-1.0,0.0,-1.0,1.25,0.0,-0.5,-2.0,-1.9875776397515528,-2.0,-2.0,-2.0,0.0,-0.07352941176470588,0.0,0.0,0.0,0.0,0.0,-0.9324577861163221,-1.3333333333333333,-1.0990447461035697,0.0
0.0,1.25,0.9811017786561265,-1.0,-0.7,1.0,0.5,0.6304347826086957,0.21621621621621623,0.0,0.0,0.0,0.0,0.0,-1.0,0.0,1.0,0.0,0.0,0.44436644436644435,-0.44700854700854703,-0.15024875621890546,0.0,0.0,0.0,-0.32793323514973,1.2925824175824177,0.6133642332947083,1.0,0.0,1.0,0.0,0.0,-1.0,1.0,0.0,-1.0,0.5,0.5641025641025641,0.0,0.0,0.049689440993788817,0.0,0.0,0.0,0.8690476190476191,0.9705882352941176,0.0,0.0,0.0,0.0,0.0,0.10725453408380231,1.0,0.2996480643539467,0.0
0.0,2.5,0.020133399209486168,-1.0,-0.7,0.0,-0.5,-0.021739130434782608,-0.5945945945945946,2.0,0.0,-1.0,-1.0,0.0,0.0,-2.0,0.0,1.0,-1.0,-0.032994032994032994,0.0452991452991453,-0.2537313432835821,0.0,0.0,0.0,-0.4378988708885616,0.0,-0.9269988412514485,0.0,-1.0,0.0,0.0,0.0,0.0,-0.5,0.0,-1.0,0.0,-0.20512820512820512,0.0,-1.0,-0.7950310559006211,0.0,0.0,0.0,0.0,-0.36764705882352944,0.0,0.0,0.0,0.0,0.0,-0.9403377110694177,-1.0,-0.7551533433886375,0.0
0.0,0.0,-0.29261363636363635,0.0,0.0,0.0,-1.0,-0.043478260869565216,-0.6216216216216216,0.0,0.0,-1.0,-1.0,0.0,0.0,0.0,0.0,1.0,0.0,-0.5384345384345385,0.6504273504273504,-0.2656716417910448,1.0,0.0,0.0,-0.4221894943544428,0.0,-0.9146388567014291,0.0,-1.0,0.0,0.0,0.0,0.0,-0.5,0.0,-1.0,1.0,-0.15384615384615385,0.5,2.0,0.0,0.0,0.0,0.0,0.0,-0.36764705882352944,0.0,0.0,0.0,-3.0,0.0,-0.9123202001250775,-1.0,-0.7531422825540472,0.0
0.0,-0.2,1.0416254940711462,0.0,0.8,0.0,0.0,0.6521739130434783,0.2702702702702703,0.0,0.0,0.0,0.0,0.0,0.0,0.0,1.0,0.0,0.0,0.6044226044226044,-0.3034188034188034,0.24378109452736318,0.0,0.0,0.0,0.053019145802650956,0.0,-0.540749324063345,1.0,-1.0,0.0,0.0,0.0,-1.0,0.0,0.0,-1.0,1.0,0.6153846153846154,0.5,0.0,0.39751552795031053,0.0,0.0,0.0,0.0,0.7794117647058824,0.0,0.0,0.0,0.0,0.0,-0.7150302272253489,-0.3333333333333333,-0.2523881347410759,0.0
0.0,0.0,-0.02556818181818182,0.0,-0.7,1.0,1.0,0.6304347826086957,0.21621621621621623,0.0,0.0,0.0,0.0,0.9071537290715372,-1.0,0.0,1.0,0.0,0.0,-0.5384345384345385,1.3786324786324786,0.582089552238806,0.0,0.0,0.0,0.3868433971526755,1.2156593406593406,1.089223638470452,0.0,0.0,1.0,0.0,0.0,-1.0,0.5,0.0,0.0,0.0,0.5641025641025641,0.0,0.0,0.6915113871635611,0.0,0.0,0.0,1.1428571428571428,0.9117647058823529,0.0,0.0,0.0,0.0,0.0,1.4596622889305804,0.3333333333333333,0.9793866264454499,1.1532149763573398
0.0,-0.65,-0.4744318181818182,0.0,-0.6,-0.6666666666666666,0.0,-0.9782608695652174,-1.1891891891891893,0.0,0.0,-2.25,-0.4,0.0,0.0,0.0,-1.0,1.0,0.0,-0.5384345384345385,0.7153846153846154,-0.1900497512437811,0.5,0.0,0.0,0.16691212567501226,1.0178571428571428,0.6937041328698339,0.0,-1.0,1.0,0.0,0.0,0.0,1.5,0.0,0.0,1.0,-1.3076923076923077,0.5,0.0,-0.5714285714285714,-4.0,-4.0,0.0,0.0,-0.36764705882352944,0.0,0.0,0.0,0.0,0.0,-0.24418039052185403,0.6666666666666666,0.33182503770739064,0.0
0.0,0.75,0.4013092885375494,-1.0,-0.7,1.0,0.5,0.717391304347826,0.32432432432432434,0.0,0.0,0.0,0.0,0.0,-1.0,0.0,1.0,0.0,0.0,-0.5384345384345385,0.4282051282051282,-0.5243781094527363,0.0,0.0,0.0,-0.7049582719685813,1.0,-0.012359984550019312,0.0,0.0,1.0,0.0,0.0,-1.0,1.0,0.0,0.0,0.0,0.6666666666666666,-1.0,0.0,-0.16563146997929606,0.0,0.0,0.0,0.0,-0.36764705882352944,0.0,0.0,0.0,0.0,1.0,-0.7792370231394617,0.6666666666666666,-0.29663147310206134,0.0
1.0,-1.0,-0.8593132411067194,0.0,0.5,0.0,-1.0,-1.1521739130434783,-1.1891891891891893,2.0,0.0,-1.0,-1.0,0.0,0.0,0.0,1.0,1.0,0.0,-0.18743418743418744,0.3974358974358974,-0.0626865671641791,0.5,0.0,-4.0,-0.249386352479136,0.0,-0.7786790266512167,0.0,-1.0,0.0,-1.0,0.0,-2.0,-0.5,0.0,-1.0,1.0,0.4358974358974359,0.5,-1.0,-0.7122153209109731,0.0,0.0,0.0,0.0,-0.36764705882352944,168.0,0.0,0.0,0.0,0.0,-0.6041275797373354,-1.0,-0.5620915032679739,0.0
0.0,0.5,2.792119565217391,-0.6666666666666666,0.2,0.0,0.5,-0.10869565217391304,0.24324324324324326,2.0,0.0,-2.25,-1.4,0.0,0.0,0.0,0.0,1.0,0.0,-0.12144612144612145,1.2401709401709402,1.1472636815920398,1.0,0.0,0.0,2.099165439371625,0.0,1.0691386635766704,0.0,0.0,0.0,0.0,0.0,0.0,1.5,0.0,0.0,0.0,-0.3076923076923077,0.0,0.0,0.11594202898550725,-3.0,0.0,0.0,0.0,0.8088235294117647,0.0,0.0,0.0,0.0,0.0,0.2286151066638868,0.6666666666666666,1.2518853695324283,0.0
0.0,1.15,1.4395998023715415,-1.0,1.1,0.0,1.0,0.717391304347826,0.35135135135135137,0.0,0.0,0.0,0.0,0.60882800608828,-1.0,0.0,1.0,-1.0,-2.0,-0.4261144261144261,2.0076923076923077,1.4736318407960198,0.0,0.0,0.0,1.352970054000982,0.0,0.4820393974507532,1.0,0.0,0.0,0.0,0.0,-1.0,0.5,0.0,0.0,0.0,0.6666666666666666,-1.0,1.0,0.9606625258799172,0.0,0.0,0.0,0.0,-0.36764705882352944,0.0,0.0,0.0,0.0,1.0,0.47654784240150083,0.3333333333333333,1.0346907993966818,0.7003509306133786
0.0,-0.175,1.6594614624505928,-0.3333333333333333,0.8,0.0,0.5,0.5434782608695652,0.10810810810810811,0.0,0.0,0.0,0.0,0.0,-1.0,0.0,1.0,0.0,-2.0,1.4875394875394876,-0.7495726495726496,0.9761194029850746,0.0,0.0,0.0,0.7992145311732941,0.0,0.046349942062572425,1.0,0.0,0.0,0.0,0.0,-1.0,-0.5,0.0,0.0,0.0,0.46153846153846156,0.0,0.0,0.14078674948240166,0.0,0.0,0.0,2.392857142857143,0.0,0.0,0.0,0.0,0.0,0.0,1.266041275797373,-0.3333333333333333,0.4997486173956762,0.0
1.0,-1.0,-1.0445899209486167,0.0,0.5,1.0,1.0,-2.1956521739130435,-0.1891891891891892,0.0,0.0,-1.0,-1.0,0.0,0.0,-2.0,-1.0,1.0,0.0,-0.1747981747981748,-0.08974358974358974,-0.6119402985074627,0.25,-1.0,0.0,-0.2925871379479627,1.668956043956044,1.3812282734646582,0.0,0.0,0.0,1.0,0.0,0.0,1.0,0.0,-1.0,1.25,0.0,-0.5,-2.0,-1.9875776397515528,-2.0,-2.0,0.0,0.0,0.4264705882352941,20.0,0.0,0.0,0.0,0.0,1.1951219512195115,0.3333333333333333,0.5661136249371543,0.0
0.0,1.05,0.5347084980237155,0.0,0.0,1.0,-0.5,-0.08695652173913043,-0.6756756756756757,0.0,0.0,-1.0,-1.0,2.2404870624048705,0.0,0.0,0.0,1.0,0.0,0.16356616356616357,0.4623931623931624,0.5104477611940299,1.0,0.0,0.0,0.49288168875797744,1.7802197802197801,1.8076477404403244,1.0,0.0,2.0,3.0,1.0,0.0,3.0,0.0,-1.0,1.0,-0.28205128205128205,0.5,2.0,2.020703933747412,0.0,0.0,0.0,0.0,-0.36764705882352944,0.0,0.0,0.0,0.0,0.0,-0.12257661038148836,3.0,1.410759175465058,3.1387009101834287
0.0,0.0,-0.057188735177865616,-1.0,0.0,1.0,0.0,-0.2391304347826087,-0.8648648648648649,0.0,0.0,-1.5,-1.4,1.9360730593607305,0.0,0.0,0.0,1.0,0.0,-0.09055809055809055,0.10512820512820513,-0.2656716417910448,0.0,0.0,0.0,-0.4496809032891507,1.1785714285714286,0.38933951332560834,0.0,-1.0,1.0,1.0,0.0,0.0,1.0,0.0,0.0,0.0,-0.46153846153846156,-1.0,0.0,0.041407867494824016,0.0,0.0,0.0,0.0,0.8676470588235294,0.0,120.0,0.0,0.0,0.0,-0.21013133208255147,0.3333333333333333,0.0955253896430367,2.189172535865091
1.0,-1.0,-0.8593132411067194,0.0,-0.9,-0.6666666666666666,0.0,-0.782608695652174,0.16216216216216217,0.0,0.0,-1.0,-1.0,0.0,-1.0,0.0,-1.0,1.0,0.0,-0.5384345384345385,0.3769230769230769,-0.5840796019900497,1.0,0.0,0.0,-0.5910652920962199,0.5357142857142857,-0.44495944380069524,0.0,-1.0,0.0,-1.0,0.0,0.0,-1.0,0.0,-1.0,1.0,0.48717948717948717,0.5,0.0,0.5962732919254659,0.0,0.0,-2.0,1.25,-0.36764705882352944,0.0,0.0,0.0,0.0,0.0,1.181988742964352,-1.3333333333333333,-0.6083459024635495,0.0
0.0,-0.7,1.294836956521739,-1.0,0.3,-0.6666666666666666,1.0,0.4782608695652174,0.05405405405405406,2.0,0.0,0.0,0.0,3.5251141552511416,-1.0,0.0,1.0,0.0,-3.0,0.6072306072306072,1.264102564102564,2.072636815920398,0.0,0.0,0.0,1.8969072164948453,1.6277472527472527,2.7408265739667828,1.0,0.0,1.0,1.0,0.0,-1.0,1.5,0.0,0.0,0.0,0.41025641025641024,-1.0,1.0,0.7701863354037267,0.0,0.0,0.0,1.6845238095238095,0.8970588235294118,0.0,0.0,0.0,0.0,0.0,2.333819748453893,1.3333333333333333,2.8074409250879837,5.475341547232376
0.0,0.0,0.2068922924901186,-1.0,-0.7,1.0,0.5,0.5869565217391305,0.16216216216216217,0.0,0.0,0.0,0.0,0.0,-1.0,0.0,1.0,0.0,0.0,0.4935064935064935,-0.3769230769230769,0.0009950248756218905,0.0,0.0,0.0,-0.18654884634266078,1.1991758241758241,0.619544225569718,1.0,0.0,1.0,0.0,0.0,-1.0,0.5,0.0,0.0,0.0,0.5128205128205128,0.0,1.0,1.4865424430641823,0.0,0.0,0.0,0.0,2.338235294117647,0.0,0.0,0.0,0.0,0.0,0.6991869918699186,0.6666666666666666,0.38009049773755654,0.0
0.0,1.6,0.1762598814229249,-1.0,0.2,1.6666666666666667,0.5,-0.10869565217391304,-0.05405405405405406,0.0,0.0,-1.0,-1.0,0.8706240487062404,0.0,0.0,0.0,1.0,0.0,-0.5384345384345385,0.1581196581196581,-0.8388059701492537,0.5,0.0,0.0,0.2650957290132548,0.9587912087912088,0.7045191193511008,0.0,1.0,0.0,1.0,0.0,-1.0,1.0,0.0,0.0,0.0,-0.3076923076923077,0.0,0.0,0.028985507246376812,0.0,0.0,0.0,0.0,1.0735294117647058,0.0,0.0,0.0,-4.0,0.0,0.2363977485928704,0.6666666666666666,0.011060834590246356,1.041312019106222
0.0,0.15,-0.00037055335968379444,0.0,0.0,0.0,-0.5,-0.15217391304347827,-0.7567567567567568,0.0,0.0,-1.5,-1.4,0.395738203957382,0.0,0.0,0.0,1.0,0.0,-0.061074061074061076,0.07948717948717948,-0.2537313432835821,1.0,0.0,0.0,-0.38291605301914583,0.0,-0.8837388953263808,0.0,-1.0,0.0,0.0,0.0,0.0,-0.5,0.0,-1.0,0.0,-0.358974358974359,0.0,-1.0,-0.8944099378881988,0.0,0.0,0.0,0.0,-0.36764705882352944,0.0,0.0,0.0,-3.0,0.0,-0.8422764227642271,-1.0,-0.726998491704374,0.3226190538341356
0.0,0.15,0.755558300395257,-1.0,0.0,0.0,-0.5,-0.043478260869565216,0.3783783783783784,0.0,0.0,0.0,0.0,0.0,0.0,0.0,0.0,1.0,0.0,0.49210249210249213,-0.2282051282051282,0.17213930348258707,0.0,0.0,0.0,-0.017673048600883652,0.0,-0.5963692545384318,1.0,-1.0,1.0,0.0,0.0,0.0,0.0,0.0,0.0,0.0,-0.23076923076923078,-1.0,0.0,0.08281573498964803,0.0,0.0,0.0,0.0,-0.36764705882352944,0.0,0.0,0.0,0.0,0.0,-0.8200958932666247,0.0,-0.3247863247863248,0.0
-2.0,0.175,-1.818552371541502,0.0,0.9,1.0,0.0,0.5869565217391305,0.16216216216216217,0.0,0.0,-1.0,-1.0,1.3150684931506849,-1.0,0.0,1.0,0.0,0.0,-0.007722007722007722,-0.1700854700854701,-0.46865671641791046,0.0,0.0,0.0,-0.6244477172312224,1.1043956043956045,0.16840478949401314,0.0,0.0,1.0,0.0,0.0,-1.0,-0.5,0.0,-1.0,1.0,0.5128205128205128,0.5,0.0,-0.16563146997929606,0.0,0.0,0.0,0.0,0.10294117647058823,0.0,0.0,0.0,0.0,0.0,1.5427141963727324,-0.3333333333333333,-0.15082956259426847,1.4236798614744375
0.0,2.95,1.7931077075098814,0.0,0.4,0.0,1.5,0.6739130434782609,0.2972972972972973,2.0,0.0,0.0,0.0,0.4018264840182648,-1.0,0.0,1.0,-1.0,-3.0,1.4931554931554931,0.09487179487179487,1.9671641791044776,0.0,0.0,0.0,1.7535591556210113,0.0,0.7972190034762456,1.0,0.0,0.0,0.0,0.0,-3.0,1.0,0.0,0.0,0.0,0.6153846153846154,-1.0,1.0,1.2008281573498965,0.0,0.0,0.0,1.1547619047619047,0.29411764705882354,0.0,0.0,0.0,0.0,0.0,0.36772983114446506,0.6666666666666666,1.4891905480140775,0.488057240447767
0.0,-0.95,0.08979743083003952,0.0,0.6,1.0,-0.5,-1.1304347826086956,0.10810810810810811,0.0,0.0,-1.0,0.2,0.0,0.0,0.0,-1.0,1.0,0.0,-0.5384345384345385,0.2299145299145299,-0.755223880597015,0.0,0.0,0.0,-0.19047619047619047,2.212912087912088,1.756662804171495,0.0,1.0,1.0,1.0,0.0,0.0,1.0,0.0,-1.0,0.5,0.46153846153846156,0.0,0.0,0.5838509316770186,0.0,0.0,0.0,1.0892857142857142,-0.36764705882352944,301.0,0.0,0.0,0.0,0.0,1.72701688555347,1.0,0.7380593262946205,0.0
0.0,2.7,1.6500741106719368,-1.0,1.0,0.0,0.5,0.6956521739130435,0.2972972972972973,2.0,0.0,0.0,0.0,0.0974124809741248,-1.0,0.0,1.0,-1.0,-3.0,1.2502632502632502,-0.3786324786324786,1.0716417910447762,0.0,0.0,0.0,0.8699067255768287,0.0,0.10196987253765932,1.0,0.0,0.0,0.0,0.0,-1.0,0.5,0.0,0.0,0.0,0.6410256410256411,-1.0,0.0,-0.2070393374741201,0.0,0.0,0.0,1.0,0.16176470588235295,0.0,0.0,0.0,0.0,0.0,-0.13883677298311414,0.3333333333333333,0.5842131724484666,0.10400636721997941
0.0,0.15,0.7496294466403162,-1.0,0.0,-0.6666666666666666,-1.0,-1.1521739130434783,0.35135135135135137,0.0,0.0,0.0,0.0,0.0,0.0,-2.0,-1.0,1.0,0.0,-0.5384345384345385,0.405982905982906,-0.5502487562189055,0.5,0.0,0.0,0.38095238095238093,0.6277472527472527,0.42332947083816147,0.0,0.0,0.0,1.0,0.0,0.0,0.5,0.0,0.0,0.0,-1.5384615384615385,0.5,-1.0,-0.463768115942029,0.0,0.0,0.0,0.3273809523809524,-0.36764705882352944,0.0,0.0,0.0,0.0,0.0,0.3814884302689177,0.0,-0.026143790849673203,0.0
0.0,0.15,-0.2419713438735178,-1.0,-0.4,1.0,0.0,0.717391304347826,0.35135135135135137,0.0,0.0,0.0,0.0,0.0,0.0,0.0,1.0,0.0,0.0,-0.5384345384345385,0.23675213675213674,-0.7472636815920398,0.0,0.0,0.0,-0.9248895434462445,1.0934065934065933,-0.08033989957512554,0.0,0.0,1.0,0.0,0.0,-1.0,0.0,0.0,0.0,0.5,0.6923076923076923,-1.0,0.0,-0.19875776397515527,0.0,0.0,0.0,0.0,0.16176470588235295,0.0,0.0,0.0,0.0,1.0,0.154680008338545,0.0,-0.45349421820010055,0.0
-2.0,-2.0,-1.555953557312253,0.0,0.9,1.0,0.5,0.6956521739130435,0.2972972972972973,0.0,0.0,-1.0,-1.0,0.0,-1.0,0.0,1.0,0.0,0.0,-0.5384345384345385,0.2094017094017094,-0.7791044776119403,0.0,0.0,0.0,-1.1134020618556701,0.8241758241758241,-0.4078794901506373,0.0,0.0,1.0,-1.0,0.0,-1.0,-1.0,0.0,-1.0,1.0,0.6410256410256411,0.0,0.0,0.0,0.0,0.0,0.0,0.0,2.073529411764706,0.0,0.0,0.0,0.0,-4.0,1.2870544090056277,-0.6666666666666666,-0.6827551533433887,0.0
-2.0,0.175,-0.4887598814229249,0.0,0.9,1.0,0.5,0.5869565217391305,0.16216216216216217,0.0,0.0,0.0,0.0,0.0,-1.0,0.0,1.0,0.0,0.0,0.2098982098982099,-0.33589743589743587,-0.35323383084577115,0.0,0.0,0.0,-0.5360824742268041,1.1813186813186813,0.32444959443800697,1.0,0.0,1.0,0.0,0.0,-1.0,0.5,0.0,-1.0,0.0,0.5128205128205128,0.0,0.0,0.7577639751552795,0.0,0.0,0.0,0.0,1.0441176470588236,0.0,0.0,0.0,0.0,0.0,0.22138836772983095,0.6666666666666666,0.00904977375565611,0.0
0.0,-0.1,-0.07398715415019763,-1.0,-0.7,1.0,0.5,0.5652173913043478,0.13513513513513514,0.0,0.0,0.0,0.0,0.9619482496194824,-1.0,0.0,1.0,0.0,0.0,0.3502983502983503,-0.405982905982906,-0.23582089552238805,0.0,0.0,0.0,-0.4025527736867943,1.2472527472527473,0.503669370413287,1.0,0.0,1.0,0.0,0.0,-1.0,0.5,0.0,-1.0,0.0,0.48717948717948717,0.0,0.0,0.4472049689440994,0.0,0.0,0.0,0.0,0.9264705882352942,0.0,0.0,0.0,0.0,-4.0,0.511569731081926,0.6666666666666666,0.18501759678230267,1.1109073285870443
1.0,-1.45,-1.6831768774703557,0.0,-0.2,1.0,-0.5,0.08695652173913043,-0.4594594594594595,0.0,0.0,-1.75,-1.6,0.0,0.0,0.0,1.0,1.0,0.0,0.23095823095823095,-0.7547008547008547,-0.4666666666666667,0.0,0.0,0.0,-0.3181148748159057,0.7554945054945055,0.016994978756276556,0.0,0.0,0.0,1.0,0.0,0.0,0.0,0.0,0.0,0.0,-0.07692307692307693,0.0,-1.0,-0.5962732919254659,0.0,0.0,0.0,0.6190476190476191,0.014705882352941176,0.0,0.0,0.0,0.0,0.0,0.33854492391077756,-0.3333333333333333,-0.24836601307189543,0.0
1.0,0.0,-1.2459239130434783,0.0,-0.7,0.0,0.0,0.6521739130434783,0.2702702702702703,0.0,0.0,0.0,0.0,1.035007610350076,-1.0,0.0,1.0,0.0,-3.0,0.4233064233064233,-0.5376068376068376,-0.2855721393034826,0.0,0.0,0.0,-0.4693176239567992,0.0,-0.9517188103514871,1.0,-1.0,0.0,-2.0,0.0,-1.0,-1.0,0.0,-1.0,0.0,0.5897435897435898,-1.0,0.0,-0.2484472049689441,0.0,0.0,0.0,0.8333333333333334,-0.36764705882352944,0.0,0.0,0.0,0.0,0.0,-0.25390869293308305,-1.0,-0.7873303167420814,0.8226992035236557
0.0,-1.1,0.2856966403162055,-0.6666666666666666,-0.7,0.0,1.0,0.6521739130434783,0.24324324324324326,2.0,0.0,0.0,0.0,1.0410958904109588,-1.0,0.0,1.0,0.0,-3.0,-0.018954018954018954,-0.2777777777777778,1.3243781094527363,0.0,0.0,0.0,1.140893470790378,0.0,0.31517960602549244,1.0,0.0,0.0,0.0,0.0,-1.0,1.0,0.0,0.0,0.0,0.5897435897435898,-1.0,0.0,0.09109730848861283,0.0,0.0,0.0,0.0,3.485294117647059,0.0,0.0,0.0,0.0,0.0,-0.31519699812382723,0.6666666666666666,0.8506787330316742,1.1606154909899906
0.0,1.0,-1.007534584980237,0.0,0.5,-0.6666666666666666,-1.0,-1.1521739130434783,-1.1891891891891893,0.0,0.0,-2.0,-1.8,0.0,-2.0,0.0,1.0,1.0,0.0,-0.09617409617409617,-0.09829059829059829,-0.30149253731343284,0.0,0.0,0.0,-0.485027000490918,0.7335164835164835,-0.13904982618771727,0.0,-1.0,0.0,-1.0,0.0,0.0,0.0,0.0,-1.0,1.0,-0.3333333333333333,-1.0,-1.0,-0.587991718426501,0.0,0.0,0.0,0.0,-0.36764705882352944,198.0,0.0,0.0,0.0,0.0,0.043777360850531556,-0.6666666666666666,-0.26646556058320764,0.0
0.0,0.5,0.030014822134387352,0.0,0.0,1.6666666666666667,0.0,-0.391304347826087,0.05405405405405406,2.0,0.0,-3.0,-2.6,0.0,0.0,0.0,0.0,1.0,-3.0,0.6282906282906283,-0.541025641025641,0.0009950248756218905,0.5,0.0,0.0,1.127147766323024,0.0,0.30436461954422556,1.0,-1.0,0.0,0.0,0.0,-1.0,1.0,0.0,0.0,0.5,-0.6410256410256411,0.0,-1.0,-0.42650103519668736,0.0,0.0,0.0,0.0,0.04411764705882353,0.0,178.0,0.0,-2.0,0.0,-0.33051907442151324,0.3333333333333333,0.17496229260935142,0.0
0.0,0.25,0.0670701581027668,0.0,-0.7,1.0,0.5,0.5434782608695652,0.10810810810810811,0.0,0.0,0.0,0.0,0.0,0.0,0.0,1.0,0.0,-3.0,0.8304668304668305,-0.5888888888888889,0.23184079601990049,0.0,0.0,0.0,0.041237113402061855,1.3585164835164836,0.9779837775202781,1.0,0.0,1.0,0.0,0.0,-1.0,1.0,0.0,0.0,1.0,0.46153846153846156,0.0,0.0,0.42650103519668736,0.0,0.0,0.0,1.505952380952381,2.1323529411764706,0.0,0.0,0.0,0.0,0.0,0.6238273921200747,1.0,0.7300150829562594,0.0
0.0,1.05,0.47467885375494073,0.0,0.3,0.0,2.0,0.6086956521739131,0.21621621621621623,2.0,0.0,0.0,0.0,4.292237442922374,-3.0,0.0,1.0,-1.0,-2.0,1.2614952614952615,1.4931623931623932,3.2666666666666666,0.0,0.0,0.0,3.0358370152184584,0.0,1.806102742371572,1.0,0.0,1.0,-1.0,0.0,-3.0,1.0,0.0,1.0,0.0,0.5384615384615384,0.0,1.0,1.3416149068322982,0.0,0.0,0.0,1.869047619047619,1.6911764705882353,0.0,0.0,0.0,0.0,0.0,1.7970606629143204,1.0,2.802413273001508,6.011858856675568
-2.0,0.75,0.2832262845849802,0.0,0.9,1.0,0.5,0.6956521739130435,0.2972972972972973,0.0,0.0,-1.75,-1.6,0.0,-1.0,0.0,1.0,0.0,0.0,-0.5384345384345385,0.9376068376068376,0.06865671641791045,0.0,0.0,0.0,-0.11978399607265587,1.2802197802197801,0.7632290459636926,0.0,0.0,1.0,0.0,0.0,-1.0,1.5,0.0,0.0,0.0,0.6410256410256411,-1.0,1.0,1.8881987577639752,0.0,0.0,0.0,0.9166666666666666,2.7205882352941178,0.0,0.0,0.0,0.0,0.0,-0.1566256688207909,1.0,0.5077928607340372,0.0
0.0,0.95,0.3736413043478261,-1.0,1.1,0.0,1.0,0.7391304347826086,0.35135135135135137,0.0,0.0,0.0,0.0,0.487062404870624,-1.0,0.0,1.0,0.0,-2.0,-0.5384345384345385,1.8692307692307693,1.1532338308457712,0.0,0.0,0.0,0.9504172803141875,0.0,0.1653147933565083,0.0,0.0,0.0,0.0,0.0,-1.0,0.5,0.0,0.0,0.0,0.6923076923076923,-1.0,1.0,1.0020703933747412,0.0,0.0,0.0,0.5952380952380952,0.16176470588235295,0.0,0.0,0.0,0.0,1.0,-0.036272670419012075,0.0,0.6666666666666666,0.5269535187335799
0.0,-0.9,-0.7871788537549407,0.0,0.6,0.0,0.0,-0.9347826086956522,-1.1891891891891893,0.0,0.0,0.25,0.2,0.0,0.0,0.0,-1.0,0.0,-1.0,0.000702000702000702,-0.15982905982905982,-0.44477611940298506,1.0,-1.0,0.0,-0.5832106038291606,0.0,-1.041328698339127,0.0,-1.0,0.0,-1.0,0.0,0.0,-1.0,0.0,-1.0,1.0,-1.4102564102564104,0.5,-1.0,-1.3250517598343685,-4.0,0.0,0.0,0.0,1.7058823529411764,0.0,0.0,0.0,0.0,0.0,-0.5078173858661661,-1.3333333333333333,-0.9260935143288085,0.0
0.0,-0.5,0.3753705533596838,0.0,-0.5,-0.6666666666666666,-0.5,-0.6956521739130435,-0.918918918918919,0.0,0.0,0.25,0.2,0.0,0.0,0.0,0.0,1.0,0.0,0.0343980343980344,-0.5495726495726496,-0.014925373134328358,0.0,0.0,0.0,-0.20225822287677958,0.8516483516483516,0.21629972962533797,0.0,0.0,0.0,0.0,0.0,0.0,0.0,-3.0,-1.0,1.0,-0.07692307692307693,0.5,0.0,0.7453416149068323,0.0,0.0,0.0,0.0,0.6323529411764706,0.0,0.0,0.0,0.0,0.0,0.7150302272253485,-0.3333333333333333,0.10960281548516843,0.0
1.0,-2.45,-1.859066205533597,0.0,-1.0,1.0,0.0,0.0,-0.5675675675675675,0.0,0.0,-1.5,-1.4,2.4840182648401825,0.0,0.0,0.0,1.0,0.0,-0.1045981045981046,-0.5188034188034188,-1.0119402985074626,1.0,0.0,0.0,-1.1860579283259696,0.6923076923076923,-0.7369640787949016,0.0,-1.0,1.0,-1.0,0.0,0.0,-0.5,0.0,-1.0,1.0,-0.1794871794871795,0.5,-1.0,-0.8944099378881988,0.0,0.0,0.0,0.42857142857142855,-0.36764705882352944,0.0,0.0,0.0,0.0,0.0,-0.5095684803001872,-0.6666666666666666,-1.0145801910507792,2.130163646775318
0.0,0.15,0.06336462450592885,0.0,1.1,1.6666666666666667,-0.5,0.717391304347826,0.35135135135135137,0.0,0.0,0.0,0.0,0.0,0.0,0.0,1.0,0.0,0.0,-0.5384345384345385,-0.15982905982905982,-1.208955223880597,0.5,0.0,0.0,-0.6539027982326951,0.8791208791208791,-0.10814986481266899,0.0,0.0,1.0,0.0,0.0,-1.0,0.5,0.0,-1.0,0.5,0.6923076923076923,-1.0,0.0,-0.33126293995859213,0.0,0.0,0.0,0.5952380952380952,-0.36764705882352944,0.0,0.0,0.0,0.0,0.0,-0.47904940587867395,0.3333333333333333,-0.7048768225238814,0.0
0.0,-1.25,-0.3128705533596838,0.0,-0.5,0.0,-1.5,-1.2826086956521738,-1.1891891891891893,0.0,0.0,-0.25,-0.2,0.0,0.0,-3.0,-1.0,1.0,0.0,-0.25342225342225344,0.31367521367521367,-0.2537313432835821,1.0,-1.0,-3.0,-0.4378988708885616,0.0,-0.9269988412514485,1.0,-1.0,0.0,-1.0,0.0,0.0,-0.5,0.0,-1.0,1.0,-1.0769230769230769,0.5,-1.0,-1.1594202898550725,0.0,-4.0,0.0,0.0,-0.36764705882352944,96.0,0.0,0.0,0.0,0.0,-0.9403377110694177,-0.6666666666666666,-0.7551533433886375,0.0
0.0,0.15,0.8514081027667985,-1.0,0.0,0.0,0.0,-0.06521739130434782,-0.6486486486486487,0.0,0.0,-2.25,-0.6,0.0,0.0,0.0,0.0,1.0,-1.0,0.676026676026676,-0.23504273504273504,0.4248756218905473,0.0,0.0,0.0,2.0225822287677957,0.0,1.0088837388953265,0.0,0.0,1.0,1.0,0.0,0.0,0.5,0.0,1.0,0.0,-0.2564102564102564,-1.0,0.0,0.2898550724637681,0.0,0.0,0.0,0.0,0.25,0.0,0.0,0.0,0.0,0.0,1.329580988117573,0.3333333333333333,0.8476621417797888,0.0
1.0,-0.5,-0.5628705533596838,0.0,0.5,1.0,0.5,-1.1521739130434783,-1.1891891891891893,2.0,0.0,0.25,0.2,0.0,0.0,0.0,-1.0,-0.5,0.0,-0.5384345384345385,0.20256410256410257,-0.7870646766169154,0.0,0.0,0.0,-0.17476681394207166,1.0494505494505495,0.46040942448821937,1.0,-1.0,1.0,1.0,0.0,-1.0,1.0,0.0,-1.0,1.0,0.23076923076923078,0.5,0.0,0.39751552795031053,0.0,0.0,-2.0,0.21428571428571427,-0.36764705882352944,221.0,0.0,0.0,0.0,0.0,-0.10944340212632889,0.6666666666666666,-0.1216691804927099,0.0
0.0,0.05,3.9181077075098814,0.0,0.7,0.0,-0.5,-1.1956521739130435,0.35135135135135137,0.0,0.0,0.25,0.2,0.0,0.0,-2.0,-1.0,1.0,0.0,-0.5384345384345385,0.5786324786324787,-0.3492537313432836,0.0,0.0,0.0,0.6460481099656358,0.0,-0.07415990730011587,0.0,0.0,0.0,0.0,0.0,-1.0,0.5,0.0,-1.0,0.0,0.6923076923076923,0.5,0.0,0.39751552795031053,0.0,0.0,-2.0,0.0,-0.36764705882352944,112.0,0.0,0.0,0.0,0.0,-0.42401500938086295,0.0,-0.24836601307189543,0.0
0.0,-0.5,-0.10338438735177866,0.0,-0.5,-0.6666666666666666,0.0,-0.7391304347826086,-1.1891891891891893,0.0,0.0,0.5,0.4,0.0,0.0,0.0,-1.0,1.0,-1.0,-0.252018252018252,-0.2076923076923077,-0.8587064676616916,1.0,0.0,0.0,-0.7638684339715267,0.7692307692307693,-0.3182696021629973,0.0,-1.0,0.0,-1.0,0.0,0.0,0.0,0.0,-1.0,1.0,-1.0512820512820513,0.5,-1.0,-0.8281573498964804,0.0,0.0,-1.0,0.0,-0.36764705882352944,0.0,0.0,0.0,-2.0,0.0,-0.294767563060246,-0.6666666666666666,-0.6646556058320764,0.0
1.0,-1.5,-0.998641304347826,0.0,-0.3,-0.6666666666666666,-1.0,-1.108695652173913,0.35135135135135137,0.0,0.0,0.0,0.0,0.0,0.0,-2.0,-1.0,1.0,0.0,0.4935064935064935,-0.711965811965812,-0.3890547263681592,0.5,0.0,0.0,-0.5714285714285714,0.49175824175824173,-0.47894940131324837,1.0,-1.0,0.0,0.0,0.0,-1.0,0.5,0.0,-1.0,1.0,-1.4871794871794872,0.5,-1.0,-0.9937888198757764,0.0,0.0,-2.0,0.0,1.0441176470588236,0.0,0.0,0.0,-2.0,0.0,-1.0794246404002494,0.0,-0.5319255907491202,0.0
0.0,0.5,1.7819911067193677,-1.0,0.2,1.0,0.5,0.10869565217391304,-0.43243243243243246,0.0,0.0,-0.75,-0.6,1.1202435312024352,0.0,0.0,0.0,0.0,0.0,0.5707265707265707,-0.5888888888888889,0.7970149253731343,1.0,0.0,0.0,0.5989199803632793,1.9120879120879122,2.0393974507531865,1.0,1.0,1.0,2.0,0.0,-1.0,3.0,0.0,1.0,0.0,-0.05128205128205128,0.0,0.0,0.34782608695652173,0.0,0.0,0.0,0.0,1.2794117647058822,0.0,440.0,-2.0,-2.0,0.0,0.09631019387116943,2.6666666666666665,1.706385118149824,1.613417145590585
1.0,-0.5,-0.23678359683794467,0.0,0.5,-0.6666666666666666,0.0,-1.2391304347826086,-1.1891891891891893,0.0,0.0,-0.25,-0.2,0.0,0.0,-2.0,-1.0,1.0,0.0,-0.30256230256230254,-0.8162393162393162,-0.5522388059701493,1.0,-1.0,0.0,1.1330387825233186,1.184065934065934,1.6407879490150636,0.0,0.0,0.0,2.0,0.0,-1.0,2.0,0.0,0.0,1.0,-1.641025641025641,0.5,-1.0,-1.093167701863354,0.0,0.0,0.0,0.5238095238095238,-0.14705882352941177,0.0,0.0,0.0,-3.0,-1.0,0.4570356472795494,1.0,0.7652086475615887,0.0
0.0,-1.4,1.3373270750988142,-1.0,-0.4,0.0,1.5,0.717391304347826,0.35135135135135137,0.0,0.0,0.0,0.0,0.974124809741248,-3.0,0.0,1.0,-1.0,-2.0,1.3148473148473148,-0.08803418803418804,1.501492537313433,0.0,0.0,0.0,1.2940598919980364,0.0,0.43568945538818077,1.0,0.0,0.0,0.0,0.0,-3.0,0.5,0.0,1.0,0.0,0.6666666666666666,-1.0,1.0,1.1511387163561078,0.0,0.0,0.0,1.1964285714285714,0.20588235294117646,0.0,0.0,0.0,0.0,0.0,0.4015009380863035,0.3333333333333333,1.0186023127199597,1.1110569789819535
1.0,-0.5,-0.8593132411067194,0.0,-0.9,-0.6666666666666666,0.0,-0.6956521739130435,-1.1891891891891893,0.0,0.0,0.25,0.2,0.0,0.0,-2.0,-1.0,1.0,0.0,-0.011934011934011933,-0.20085470085470086,-0.5104477611940299,0.0,0.0,0.0,-0.42808051055473734,0.4793956043956044,-0.38006952491309387,0.0,-1.0,0.0,0.0,0.0,0.0,0.0,0.0,0.0,1.0,0.5897435897435898,0.5,0.0,-0.16563146997929606,0.0,0.0,0.0,0.0,-0.36764705882352944,0.0,0.0,0.0,0.0,0.0,-0.41150719199499664,-0.3333333333333333,-0.5289089994972348,0.0
0.0,0.0,-0.09350296442687747,0.0,-0.7,0.0,0.5,0.5869565217391305,0.16216216216216217,0.0,0.0,0.0,0.0,1.4855403348554033,-1.0,0.0,1.0,0.0,-3.0,1.427167427167427,-0.6025641025641025,1.061691542288557,0.0,0.0,0.0,0.8600883652430045,0.0,0.09424488219389726,1.0,0.0,0.0,0.0,0.0,-1.0,0.0,0.0,-1.0,0.0,0.5128205128205128,0.0,0.0,0.2525879917184265,0.0,0.0,0.0,1.3035714285714286,0.16176470588235295,0.0,0.0,0.0,0.0,0.0,0.4844694600792157,0.0,0.5741578682755153,1.583503317338715
0.0,-0.25,-0.1320405138339921,0.0,0.0,0.0,-0.5,-0.13043478260869565,-0.7297297297297297,0.0,0.0,-0.75,-0.6,0.0,0.0,0.0,0.0,1.0,0.0,-0.5384345384345385,1.8914529914529914,1.1791044776119404,1.0,0.0,0.0,0.9759450171821306,0.0,0.1853997682502897,0.0,0.0,0.0,1.0,1.0,0.0,1.0,-2.0,-1.0,1.0,-0.3333333333333333,0.5,1.0,1.2919254658385093,0.0,0.0,0.0,0.0,1.8676470588235294,0.0,0.0,0.0,0.0,0.0,-0.49906191369605973,0.3333333333333333,0.6928104575163399,0.0
0.0,-0.1,-0.4052618577075099,0.0,0.0,1.3333333333333333,-0.5,-0.13043478260869565,-0.7297297297297297,0.0,0.0,-1.5,-1.4,0.0,0.0,0.0,0.0,1.0,-3.0,0.5412425412425412,-0.6538461538461539,-0.2537313432835821,1.0,0.0,0.0,-0.36720667648502703,0.0,-0.8713789107763615,1.0,-1.0,0.0,0.0,0.0,0.0,0.0,0.0,0.0,0.0,-0.3333333333333333,0.0,-1.0,-0.7950310559006211,0.0,0.0,0.0,1.0416666666666667,1.75,0.0,0.0,0.0,-1.0,0.0,-1.3395872420262656,-0.3333333333333333,-0.7189542483660131,0.0
1.0,-0.5,0.3264575098814229,0.0,0.5,-0.6666666666666666,0.0,-1.4782608695652173,0.16216216216216217,0.0,0.0,0.25,0.2,0.0,0.0,0.0,-1.0,-0.5,0.0,-0.5384345384345385,0.007692307692307693,-1.0139303482587065,0.0,-1.0,0.0,0.26313205694648995,0.9491758241758241,0.6921591348010815,0.0,0.0,0.0,0.0,1.0,0.0,0.5,0.0,0.0,1.0,0.5897435897435898,0.5,0.0,0.7950310559006211,-3.0,0.0,0.0,0.0,0.0,212.0,0.0,0.0,0.0,0.0,0.8167604752970606,0.0,-0.08547008547008547,0.0
0.0,-0.85,-1.3422677865612649,0.0,-1.2,0.0,0.5,0.717391304347826,0.32432432432432434,2.0,0.0,0.0,0.0,0.273972602739726,-1.0,0.0,1.0,0.0,-3.0,0.9638469638469639,-0.32735042735042735,0.7253731343283583,0.0,0.0,0.0,0.8109965635738832,0.0,0.055619930475086905,1.0,0.0,0.0,-1.0,0.0,-1.0,0.0,0.0,0.0,0.0,0.6666666666666666,-1.0,1.0,0.6956521739130435,0.0,0.0,0.0,0.9583333333333334,-0.07352941176470588,0.0,0.0,0.0,0.0,1.0,0.41150719199499664,0.0,0.3790849673202614,0.2896358876909785
0.0,0.9,0.7871788537549407,-1.0,1.1,1.0,1.0,0.6956521739130435,0.32432432432432434,2.0,0.0,0.0,0.0,1.491628614916286,-1.0,0.0,1.0,0.0,-2.0,-0.5384345384345385,1.0538461538461539,0.20398009950248755,0.0,0.0,0.0,0.09032891507118311,1.853021978021978,1.5728080339899575,0.0,0.0,1.0,1.0,0.0,-1.0,1.5,0.0,0.0,0.5,0.6410256410256411,-1.0,1.0,0.6708074534161491,0.0,0.0,0.0,0.8571428571428571,0.20588235294117646,0.0,0.0,0.0,0.0,0.0,0.862900423876033,1.0,1.1030668677727502,2.028435498546841
0.0,0.75,11.788908102766799,-1.0,1.1,0.0,-0.5,-0.5434782608695652,-1.1891891891891893,0.0,0.0,0.25,0.2,0.0,0.0,0.0,0.0,1.0,-3.0,-0.04282204282204282,-0.7136752136752137,-0.48656716417910445,1.0,0.0,0.0,1.1782032400589102,0.0,0.34453456933178833,1.0,-1.0,0.0,0.0,0.0,0.0,0.5,-4.0,1.0,1.0,-0.358974358974359,0.5,0.0,0.38095238095238093,0.0,0.0,-2.0,0.0,-0.36764705882352944,50.0,0.0,0.0,0.0,0.0,0.25390869293308305,0.0,-0.04524886877828054,0.0
1.0,-0.95,-0.8296689723320159,0.0,-0.9,1.0,-0.5,-1.1521739130434783,0.2702702702702703,0.0,0.0,-1.0,-1.0,0.0,0.0,0.0,-1.0,1.0,-1.0,-0.5384345384345385,0.7888888888888889,-0.1044776119402985,0.0,0.0,0.0,-0.29062346588119786,0.7884615384615384,0.07570490536886829,0.0,-1.0,1.0,1.0,0.0,0.0,1.0,0.0,-1.0,1.0,-1.205128205128205,0.5,-1.0,-1.2422360248447204,-4.0,-4.0,-2.0,0.14285714285714285,-0.36764705882352944,150.0,0.0,0.0,0.0,0.0,-0.6544715447154468,0.3333333333333333,-0.027149321266968326,0.0
0.0,-0.5,-0.5628705533596838,0.0,0.0,-0.6666666666666666,-0.5,-0.5,-0.32432432432432434,0.0,0.0,0.0,0.2,0.0,0.0,0.0,0.0,1.0,0.0,-0.2857142857142857,0.33931623931623933,0.43084577114427863,0.5,0.0,-4.0,0.09621993127147767,1.054945054945055,0.6797991502510622,1.0,-1.0,1.0,0.0,0.0,0.0,0.5,-4.0,-1.0,0.0,-0.7692307692307693,0.5,-1.0,-0.9937888198757764,0.0,0.0,0.0,0.0,-0.36764705882352944,168.0,0.0,0.0,-4.0,0.0,0.7967479674796744,0.3333333333333333,0.6365007541478129,0.0
0.0,-0.95,-0.8170701581027668,0.0,0.6,-0.6666666666666666,0.0,-1.0434782608695652,-0.10810810810810811,0.0,0.0,0.5,0.4,0.0,0.0,0.0,-1.0,1.0,0.0,-0.16777816777816779,0.4008547008547009,-0.030845771144278607,0.0,0.0,0.0,0.14334806087383406,0.6153846153846154,0.22247972190034762,0.0,0.0,1.0,0.0,0.0,-1.0,0.5,0.0,0.0,1.0,-1.4102564102564104,0.5,-1.0,-1.093167701863354,-4.0,0.0,0.0,0.875,-0.1323529411764706,0.0,0.0,0.0,-2.0,0.0,0.05628517823639786,0.3333333333333333,0.10558069381598793,0.0
1.0,-1.0,-0.8593132411067194,0.0,-0.9,-0.6666666666666666,0.0,-0.9565217391304348,-1.1891891891891893,0.0,0.0,0.5,0.4,0.0,0.0,0.0,-1.0,1.0,0.0,-0.5384345384345385,0.6572649572649573,-0.25771144278606967,1.0,0.0,0.0,-0.2690230731467845,0.2857142857142857,-0.4727694090382387,0.0,-1.0,0.0,0.0,0.0,0.0,-0.5,0.0,0.0,0.5,-1.3076923076923077,0.0,-1.0,-1.1262939958592133,0.0,0.0,0.0,0.0,-0.36764705882352944,112.0,0.0,0.0,0.0,0.0,0.08930581613508427,-1.0,-0.46153846153846156,0.0
0.0,-0.4,-0.50975790513834,-1.0,-0.4,1.0,0.0,0.6739130434782609,0.2702702702702703,0.0,0.0,0.0,0.0,0.0,0.0,0.0,1.0,1.0,0.0,0.5272025272025272,-0.6794871794871795,-0.3034825870646766,0.0,0.0,0.0,-0.4378988708885616,1.0013736263736264,0.1993047508690614,1.0,0.0,1.0,0.0,0.0,0.0,1.0,0.0,0.0,0.0,0.6153846153846154,-1.0,0.0,-0.33954451345755693,0.0,0.0,0.0,0.5952380952380952,0.7352941176470589,0.0,0.0,0.0,0.0,0.0,-0.4793621013133206,1.0,-0.04725992961287079,0.0
0.0,-0.3,-0.6710721343873518,0.0,-0.7,0.0,0.5,0.717391304347826,0.32432432432432434,0.0,0.0,0.0,0.0,0.0,-1.0,0.0,1.0,0.0,-3.0,-0.5384345384345385,1.382051282051282,0.5860696517412936,0.0,0.0,0.0,0.406480117820324,0.0,-0.26264967168791037,0.0,0.0,0.0,-1.0,0.0,-1.0,0.0,0.0,0.0,0.0,0.6666666666666666,0.0,0.0,0.7536231884057971,0.0,0.0,0.0,1.0,0.4411764705882353,0.0,0.0,0.0,0.0,1.0,-0.18970189701897025,-0.3333333333333333,0.10155857214680744,0.0
0.0,-1.05,1.427248023715415,-1.0,0.9,0.0,1.0,0.7391304347826086,0.35135135135135137,0.0,0.0,0.0,0.0,0.5114155251141552,-1.0,0.0,1.0,0.0,-2.0,0.7658827658827659,0.13418803418803418,0.982089552238806,0.0,0.0,0.0,0.7403043691703486,0.0,0.0,1.0,0.0,0.0,0.0,0.0,-1.0,0.0,0.0,-1.0,0.0,0.6923076923076923,0.5,1.0,1.134575569358178,0.0,0.0,0.0,1.0,1.9852941176470589,0.0,0.0,0.0,0.0,0.0,0.30644152595372093,0.0,0.4725992961287079,0.5341264118240701
0.0,-0.5,0.23011363636363635,0.0,0.5,-0.6666666666666666,-1.5,-1.2608695652173914,-1.1891891891891893,0.0,0.0,0.25,0.2,0.0,0.0,0.0,1.0,1.0,0.0,-0.5384345384345385,0.33247863247863246,-0.6358208955223881,1.0,0.0,0.0,-0.7717231222385862,0.7142857142857143,-0.3862495171881035,0.0,-1.0,0.0,0.0,0.0,0.0,0.0,0.0,-1.0,1.0,0.46153846153846156,0.5,1.0,1.8881987577639752,0.0,0.0,0.0,1.2857142857142858,-0.36764705882352944,160.0,0.0,0.0,-2.0,-1.0,-0.4231811548884716,-0.6666666666666666,-0.596279537456008,0.0
1.0,-1.3,-1.3924160079051384,-1.0,-0.6,0.0,1.0,0.6739130434782609,0.2972972972972973,2.0,0.0,-1.75,-1.6,1.0593607305936072,-1.0,0.0,1.0,-1.0,-2.0,1.3892593892593892,-0.43846153846153846,1.199004975124378,0.0,0.0,0.0,1.0976926853215514,0.0,0.28118964851293937,1.0,0.0,0.0,-1.0,0.0,-1.0,-0.5,0.0,0.0,0.0,0.6153846153846154,-1.0,0.0,0.008281573498964804,0.0,0.0,0.0,0.7619047619047619,0.4117647058823529,0.0,155.0,0.0,0.0,0.0,1.7983739837398363,0.0,0.7652086475615887,1.173163096205371
0.0,0.0,-0.2553112648221344,0.0,-0.7,1.3333333333333333,-0.5,-0.021739130434782608,0.35135135135135137,0.0,0.0,-1.5,0.4,0.0,0.0,0.0,0.0,0.0,-3.0,0.3825903825903826,-0.6247863247863248,-0.44477611940298506,1.0,0.0,0.0,-0.6264113892979872,0.0,-1.0753186558516803,1.0,-1.0,0.0,-1.0,0.0,0.0,-0.5,0.0,-1.0,1.0,0.20512820512820512,0.5,0.0,-0.34782608695652173,0.0,0.0,0.0,0.34523809523809523,-0.36764705882352944,0.0,0.0,0.0,-2.0,0.0,-1.2765478424015002,-0.6666666666666666,-0.9482151835093011,0.0
0.0,0.15,-0.17255434782608695,-1.0,-0.1,0.0,-0.5,0.2608695652173913,-0.24324324324324326,0.0,0.0,-1.5,-0.6,0.0,0.0,0.0,0.0,1.0,0.0,0.33906633906633904,-0.46068376068376066,-0.3154228855721393,0.0,0.0,0.0,-0.498772704958272,0.0,-0.9748937813827733,1.0,-1.0,0.0,0.0,0.0,0.0,-0.5,0.0,-1.0,1.25,0.0,-0.5,-2.0,-1.9875776397515528,-2.0,-2.0,0.0,0.0,-0.36764705882352944,0.0,0.0,0.0,-2.0,0.0,-1.0489055659787363,-0.6666666666666666,-0.8174962292609351,0.0
1.0,-0.5,-0.42947134387351776,0.0,0.5,1.0,-1.0,-1.3695652173913044,-1.1891891891891893,0.0,0.0,0.0,0.0,0.0,0.0,0.0,0.0,-0.5,0.0,-0.5384345384345385,0.24700854700854702,-0.7353233830845771,0.5,0.0,0.0,-0.6794305351006382,0.8543956043956044,-0.1560448049439938,0.0,-1.0,0.0,0.0,0.0,0.0,0.0,0.0,-1.0,1.0,-0.358974358974359,0.5,0.0,0.19875776397515527,0.0,0.0,0.0,0.0,-0.36764705882352944,0.0,168.0,0.0,0.0,0.0,0.011673962893474917,-0.6666666666666666,-0.49673202614379086,0.0
0.0,-1.2,2.7335721343873516,-1.0,0.2,1.0,0.5,0.2826086956521739,-0.08108108108108109,0.0,0.0,-0.75,-0.6,0.7488584474885844,0.0,-2.0,0.0,0.0,0.0,-0.5384345384345385,0.5358974358974359,-0.3990049751243781,0.5,0.0,0.0,0.2925871379479627,1.1771978021978022,0.9718037852452684,0.0,0.0,1.0,0.0,0.0,0.0,0.5,0.0,0.0,0.0,0.15384615384615385,-1.0,0.0,0.2567287784679089,0.0,0.0,0.0,2.1666666666666665,0.5588235294117647,0.0,0.0,0.0,-2.0,0.0,1.2695434646654151,0.3333333333333333,0.4072398190045249,0.9351557637864749
0.0,0.45,0.7266551383399209,0.0,-0.7,1.0,0.5,0.6086956521739131,0.1891891891891892,0.0,0.0,0.0,0.0,0.0,-1.0,0.0,1.0,0.0,0.0,0.3966303966303966,-0.34102564102564104,-0.0945273631840796,0.0,0.0,0.0,-0.2808051055473736,1.2307692307692308,0.5809192738509077,1.0,0.0,1.0,0.0,0.0,-1.0,0.0,0.0,-1.0,0.0,0.5384615384615384,0.0,0.0,0.587991718426501,0.0,0.0,0.0,0.0,0.29411764705882354,0.0,0.0,0.0,0.0,0.0,1.403794037940379,0.3333333333333333,0.3066867772750126,0.0
0.0,0.5,0.030014822134387352,0.0,0.0,-0.6666666666666666,0.0,-0.5,0.2972972972972973,0.0,0.0,0.0,0.0,0.0,0.0,-2.0,0.0,1.0,0.0,-0.36995436995437,0.44188034188034186,-0.26965174129353237,0.0,0.0,0.0,0.049091801669121256,0.7637362637362637,0.31517960602549244,0.0,-1.0,1.0,0.0,0.0,0.0,0.0,-3.0,-1.0,0.0,-0.7692307692307693,0.5,-1.0,-0.865424430641822,0.0,0.0,0.0,0.0,-0.36764705882352944,0.0,0.0,0.0,-2.0,0.0,0.9018136335209501,-0.3333333333333333,0.04524886877828054,0.0
0.0,-0.5,-0.5628705533596838,0.0,0.0,0.0,-1.0,-0.5217391304347826,-1.1891891891891893,0.0,0.0,-2.25,-0.4,0.0,0.0,0.0,2.0,0.5,1.0,-0.5384345384345385,-0.8162393162393162,-1.973134328358209,0.25,-1.0,-3.0,-0.09229258713794797,0.0,-0.6550791811510236,0.0,0.0,0.0,-1.0,1.0,0.0,0.0,0.0,-1.0,1.0,-0.6153846153846154,0.5,0.0,-0.2484472049689441,0.0,0.0,0.0,0.0,-0.36764705882352944,0.0,0.0,0.0,0.0,0.0,-0.9309985407546376,-0.3333333333333333,-1.4469582704876822,0.0
0.0,0.9,0.37438241106719367,-1.0,0.8,0.0,1.0,0.6956521739130435,0.32432432432432434,0.0,0.0,0.0,0.0,2.228310502283105,-1.0,0.0,1.0,0.0,0.0,0.8318708318708319,0.6675213675213675,1.6965174129353233,0.0,0.0,0.0,1.4864997545409917,0.0,0.5870992661259173,1.0,0.0,0.0,-1.0,0.0,-1.0,0.5,0.0,0.0,0.0,0.6410256410256411,-1.0,0.0,0.5797101449275363,0.0,0.0,0.0,0.9821428571428571,0.27941176470588236,0.0,0.0,0.0,0.0,-4.0,0.6466541588492807,0.3333333333333333,1.2156862745098038,2.611895355363484
0.0,-0.3,0.8830286561264822,0.0,-0.9,-0.6666666666666666,0.0,-1.0869565217391304,0.16216216216216217,1.0,0.0,0.25,0.2,0.0,0.0,0.0,-1.0,1.0,0.0,-0.5384345384345385,0.6076923076923076,-0.3154228855721393,0.5,0.0,0.0,-0.06676485027000491,1.092032967032967,0.593279258400927,0.0,-1.0,1.0,1.0,0.0,-1.0,1.0,0.0,0.0,1.0,-1.4871794871794872,0.5,0.0,-0.4554865424430642,0.0,0.0,-2.0,0.0,-0.36764705882352944,0.0,220.0,0.0,0.0,0.0,0.07879924953095681,0.3333333333333333,0.20311714429361488,0.0
0.0,-0.95,-1.443552371541502,0.0,-1.2,0.0,0.5,0.7391304347826086,0.35135135135135137,2.0,0.0,0.0,0.0,0.791476407914764,-1.0,0.0,1.0,0.0,0.0,0.8487188487188487,-0.1358974358974359,0.7850746268656716,0.0,0.0,0.0,0.9464899361806578,0.0,0.16222479721900349,0.0,0.0,0.0,-2.0,0.0,-1.0,0.5,0.0,0.0,0.0,0.6923076923076923,0.0,1.0,0.7453416149068323,0.0,0.0,0.0,0.8511904761904762,-0.07352941176470588,0.0,0.0,0.0,0.0,0.0,-0.041275797373358396,0.3333333333333333,0.47863247863247865,0.8557542278562578
1.0,-0.5,0.45985671936758893,0.0,0.5,1.0,-1.0,-1.9130434782608696,-1.1891891891891893,0.0,0.0,0.0,-2.6,0.0,0.0,0.0,1.0,1.0,0.0,-0.5384345384345385,0.5119658119658119,-0.42686567164179107,0.5,0.0,0.0,0.3122238586156112,1.434065934065934,1.2761684047894941,0.0,0.0,0.0,1.0,1.0,0.0,2.5,0.0,-1.0,1.0,-0.23076923076923078,0.5,0.0,0.33126293995859213,0.0,0.0,-2.0,0.0,-0.36764705882352944,114.0,0.0,0.0,0.0,0.0,-0.3207686622320766,1.3333333333333333,0.5912518853695324,0.0
0.0,1.05,1.7456768774703557,-1.0,0.3,1.0,1.0,0.5434782608695652,0.10810810810810811,0.0,0.0,0.0,0.0,4.450532724505328,-1.0,0.0,1.0,0.0,-1.0,0.5580905580905581,0.04358974358974359,0.582089552238806,0.0,0.0,0.0,0.4378988708885616,1.565934065934066,1.5233680957898803,1.0,0.0,1.0,0.0,0.0,-1.0,0.5,0.0,0.0,0.0,0.46153846153846156,-1.0,1.0,2.4389233954451344,0.0,0.0,0.0,0.0,1.4852941176470589,0.0,0.0,0.0,0.0,0.0,2.162601626016259,0.6666666666666666,1.2619406737053795,6.01304769279719
0.0,0.05,-0.06781126482213438,0.0,0.0,0.0,-0.5,-0.21739130434782608,-0.8378378378378378,0.0,0.0,-1.5,-1.4,0.0,0.0,0.0,0.0,1.0,0.0,-0.5033345033345034,-0.394017094017094,0.3034825870646766,1.0,0.0,0.0,0.11192930780559647,0.0,-0.4943993820007725,1.0,-1.0,1.0,0.0,0.0,0.0,0.0,0.0,-1.0,1.0,-0.46153846153846156,0.5,-1.0,-0.5962732919254659,0.0,0.0,0.0,0.0,0.9264705882352942,0.0,0.0,0.0,0.0,0.0,-0.6274755055242858,0.0,-0.19205630970336854,0.0
0.0,0.2,1.705163043478261,-1.0,-0.6,0.0,0.0,-0.08695652173913043,-0.6756756756756757,0.0,0.0,-0.75,-0.6,1.8995433789954337,-1.0,-2.0,0.0,1.0,-3.0,1.02000702000702,0.43846153846153846,1.6965174129353233,0.5,0.0,0.0,1.4864997545409917,0.0,0.5870992661259173,1.0,0.0,0.0,0.0,0.0,-1.0,0.5,0.0,0.0,0.0,-0.28205128205128205,0.0,0.0,0.2484472049689441,0.0,0.0,0.0,0.0,0.7058823529411765,216.0,0.0,0.0,0.0,0.0,0.6466541588492807,0.3333333333333333,1.2156862745098038,2.226533745555757
0.0,1.0,0.5487895256916996,0.0,0.2,1.0,0.0,-0.10869565217391304,-0.7027027027027027,0.0,0.0,-1.5,-1.4,2.557077625570776,0.0,0.0,0.0,1.0,0.0,0.028782028782028783,-0.2965811965811966,-0.564179104477612,0.5,0.0,0.0,-0.7442317133038783,0.9725274725274725,-0.07415990730011587,0.0,0.0,1.0,0.0,0.0,0.0,0.5,0.0,0.0,0.0,-0.3076923076923077,0.0,0.0,1.225672877846791,0.0,0.0,0.0,0.0,2.1176470588235294,0.0,119.0,0.0,0.0,0.0,-0.42401500938086295,0.3333333333333333,-0.35696329813976874,2.6264863399072516
0.0,-0.85,-1.3427618577075098,0.0,0.1,0.0,0.0,0.08695652173913043,-0.4594594594594595,0.0,0.0,-0.75,-0.6,0.0,0.0,0.0,0.0,0.0,0.0,-0.032994032994032994,0.3957264957264957,0.15422885572139303,1.0,0.0,0.0,-0.035346097201767304,0.0,-0.6102742371572035,0.0,0.0,0.0,-1.0,0.0,0.0,-1.0,0.0,0.0,0.0,-0.07692307692307693,0.0,0.0,-0.16563146997929606,0.0,0.0,0.0,0.0,0.4411764705882353,0.0,165.0,0.0,0.0,0.0,0.7135709818636644,-1.0,-0.342885872297637,0.0
1.0,-1.65,-1.2459239130434783,0.0,-0.7,0.0,0.0,0.6521739130434783,0.24324324324324326,0.0,0.0,0.0,0.0,1.035007610350076,-1.0,0.0,1.0,0.0,-3.0,0.4247104247104247,-0.5393162393162393,-0.2855721393034826,0.0,0.0,0.0,-0.4693176239567992,0.0,-0.9517188103514871,1.0,-1.0,0.0,-2.0,0.0,-1.0,-1.5,0.0,-1.0,0.0,0.5897435897435898,-1.0,0.0,-0.2484472049689441,0.0,0.0,0.0,0.8333333333333334,-0.36764705882352944,0.0,0.0,0.0,0.0,0.0,0.983531373775276,-1.3333333333333333,-0.7873303167420814,0.8226992035236557
0.0,-0.225,2.5226037549407114,-1.0,-0.5,1.6666666666666667,0.0,-0.15217391304347827,-0.7567567567567568,-1.0,4.0,-0.75,-0.6,0.0,-1.0,-2.0,0.0,0.0,-3.0,-0.5384345384345385,0.3752136752136752,-0.5860696517412936,1.0,0.0,0.0,0.958271968581247,0.8598901098901099,1.138663576670529,0.0,0.0,0.0,1.0,0.0,-1.0,1.0,0.0,0.0,0.0,-0.358974358974359,0.5,0.0,-0.19875776397515527,-3.0,-3.0,0.0,3.488095238095238,3.1029411764705883,0.0,0.0,-1.0,-4.0,-2.0,0.8514696685428388,0.3333333333333333,0.4213172448466566,0.0
0.0,0.15,0.006052371541501976,0.0,0.0,0.0,-0.5,-0.32608695652173914,-0.2972972972972973,2.0,0.0,-1.5,-1.4,0.0,0.0,0.0,0.0,1.0,0.0,0.10319410319410319,-0.4863247863247863,0.06467661691542288,1.0,0.0,0.0,0.5046637211585665,0.0,-0.1853997682502897,1.0,-1.0,0.0,-1.0,0.0,0.0,0.0,-4.0,0.0,1.0,-0.2564102564102564,0.5,-1.0,0.016563146997929608,0.0,0.0,0.0,1.880952380952381,0.04411764705882353,0.0,0.0,0.0,-3.0,0.0,-0.043777360850531556,-0.3333333333333333,-0.11161387631975868,0.0
0.0,0.5,0.3069416996047431,-1.0,0.0,0.0,0.0,-0.30434782608695654,-0.9459459459459459,2.0,0.0,-1.5,-1.4,1.4794520547945205,-1.0,0.0,0.0,1.0,0.0,-0.5384345384345385,1.323931623931624,0.5184079601990049,0.0,0.0,0.0,0.3240058910162003,0.0,-0.3275395905755118,0.0,-1.0,0.0,0.0,0.0,-1.0,0.5,0.0,-1.0,1.0,-0.5128205128205128,0.5,0.0,0.19875776397515527,0.0,0.0,0.0,0.0,0.20588235294117646,0.0,0.0,0.0,0.0,0.0,-0.8342714196372728,-0.3333333333333333,0.02513826043237808,1.4289027346299534
0.0,0.55,0.3620306324110672,-1.0,0.3,1.0,0.5,0.45652173913043476,0.0,0.0,0.0,0.0,0.0,2.7275494672754945,-1.0,0.0,1.0,0.0,0.0,0.8655668655668656,-0.43504273504273505,0.4606965174129353,0.0,0.0,0.0,0.26705940108001963,1.2417582417582418,1.0243337195828506,1.0,0.0,1.0,0.0,0.0,-1.0,-0.5,0.0,1.0,0.0,0.358974358974359,0.0,0.0,0.18633540372670807,0.0,0.0,0.0,1.0178571428571428,1.5735294117647058,0.0,0.0,0.0,0.0,0.0,3.4829268292682904,0.0,0.8758169934640523,3.433649714362552
0.0,-0.5,0.3585721343873518,0.0,0.0,-0.6666666666666666,-0.5,-0.6086956521739131,-1.1891891891891893,0.0,0.0,-1.0,-1.0,0.0,0.0,0.0,0.0,1.0,0.0,0.2758862758862759,-0.24700854700854702,-0.1562189054726368,1.0,0.0,-4.0,-0.07658321060382917,0.7005494505494505,0.14522981846272692,1.0,-1.0,1.0,0.0,0.0,0.0,0.0,0.0,0.0,0.0,-0.46153846153846156,0.5,-1.0,-0.7950310559006211,0.0,0.0,0.0,0.0,-0.36764705882352944,0.0,0.0,0.0,0.0,0.0,0.5807796539503857,0.0,-0.008044243338360985,0.0
1.0,-0.5,-0.5628705533596838,0.0,0.5,0.0,-0.5,-0.717391304347826,-0.05405405405405406,0.0,0.0,-1.0,-1.0,1.7899543378995433,0.0,-2.0,0.0,1.0,0.0,0.1776061776061776,-0.34102564102564104,-0.40497512437810945,1.0,0.0,0.0,-0.5557191948944527,0.0,-1.0196987253765932,1.0,-1.0,0.0,-1.0,0.0,-1.0,-1.0,0.0,1.0,0.0,-1.0256410256410255,0.5,-1.0,-0.9937888198757764,0.0,0.0,0.0,0.0,-0.36764705882352944,154.0,0.0,0.0,-2.0,-4.0,-0.4465290806754219,-1.0,-0.8919054801407743,1.3853821387666376
0.0,0.5,0.7577816205533597,-1.0,0.2,0.0,0.0,0.17391304347826086,-0.35135135135135137,0.0,0.0,-1.0,-1.0,1.887366818873668,-1.0,-2.0,0.0,0.0,0.0,0.41347841347841346,0.4863247863247863,0.8925373134328358,0.0,0.0,0.0,0.6931762395679921,0.0,-0.03707995365005794,0.0,0.0,0.0,0.0,0.0,-1.0,0.5,0.0,0.0,0.0,0.02564102564102564,-1.0,0.0,-0.053830227743271224,0.0,0.0,0.0,0.0,-0.36764705882352944,99.0,0.0,0.0,0.0,0.0,-0.3639774859287051,0.0,0.4032176973353444,1.9549568193128466
0.0,-0.5,3.0759634387351777,-0.3333333333333333,-0.4,1.0,-0.5,0.6956521739130435,0.2972972972972973,0.0,0.0,0.0,0.0,0.0,-1.0,0.0,1.0,0.0,-3.0,-0.5384345384345385,0.43504273504273505,-0.5164179104477612,0.0,0.0,0.0,-0.6931762395679921,1.5164835164835164,0.5778292777134029,0.0,0.0,1.0,1.0,0.0,0.0,0.5,0.0,0.0,0.5,0.6410256410256411,-1.0,0.0,-0.4472049689440994,0.0,0.0,0.0,0.5952380952380952,0.22058823529411764,0.0,0.0,0.0,0.0,0.0,0.6316447779862407,0.3333333333333333,0.0915032679738562,0.0
0.0,-2.3,-1.124135375494071,-1.0,0.1,0.0,0.0,0.06521739130434782,-0.4864864864864865,0.0,0.0,-0.75,-0.6,0.0,0.0,0.0,0.0,0.0,0.0,0.8065988065988066,-0.8162393162393162,-0.06666666666666667,1.0,0.0,0.0,-0.2533136966126657,0.0,-0.7817690227887215,0.0,0.0,0.0,-1.0,0.0,0.0,-0.5,0.0,-1.0,0.0,-0.10256410256410256,0.0,0.0,-0.16563146997929606,0.0,0.0,0.0,0.0,0.5147058823529411,0.0,0.0,0.0,0.0,0.0,-0.6111319574734206,-0.6666666666666666,-0.5661136249371543,0.0
0.0,-0.5,0.3264575098814229,0.0,0.5,0.0,-1.0,-1.0,0.35135135135135137,0.0,0.0,0.25,0.2,0.0,0.0,0.0,-1.0,1.0,0.0,-0.5384345384345385,0.30512820512820515,-0.6676616915422886,1.0,0.0,0.0,-0.23367697594501718,0.0,-0.7663190421011974,0.0,0.0,0.0,1.0,0.0,0.0,-0.5,0.0,-1.0,1.0,-1.3333333333333333,0.5,-1.0,-1.093167701863354,-4.0,-4.0,0.0,0.0,-0.36764705882352944,0.0,0.0,0.0,0.0,0.0,-0.5761100687929954,-0.6666666666666666,-0.8597285067873304,0.0
0.0,1.15,0.19330533596837945,-1.0,-0.4,1.0,0.0,0.5869565217391305,0.16216216216216217,0.0,0.0,0.0,0.0,1.9360730593607305,0.0,0.0,1.0,0.0,0.0,-0.5384345384345385,0.7837606837606838,-0.11044776119402985,0.0,0.0,0.0,-0.24545900834560627,1.14010989010989,0.5067593665507918,1.0,0.0,1.0,0.0,0.0,0.0,1.0,0.0,0.0,0.0,0.5128205128205128,-1.0,0.0,-0.12008281573498965,0.0,0.0,0.0,0.0,-0.36764705882352944,0.0,0.0,0.0,0.0,0.0,-0.043777360850531556,1.0,0.25037707390648567,2.2371255197140822
0.0,0.5,1.9568922924901186,0.0,-0.1,0.0,-0.5,0.08695652173913043,-0.4594594594594595,0.0,0.0,-2.25,-2.0,0.0,0.0,0.0,0.0,1.0,0.0,0.7757107757107757,-0.49145299145299143,0.2676616915422886,0.25,0.0,0.0,0.07658321060382917,0.0,-0.5222093472383159,1.0,0.0,0.0,0.0,0.0,0.0,-0.5,0.0,0.0,0.0,-0.07692307692307693,0.0,0.0,0.016563146997929608,0.0,0.0,-1.0,1.755952380952381,0.23529411764705882,0.0,0.0,0.0,0.0,0.0,-0.02276422764227661,-0.3333333333333333,-0.22825540472599296,0.0
0.0,0.5,-0.2664278656126482,0.0,0.0,0.0,0.0,-0.2391304347826087,0.2972972972972973,0.0,0.0,0.25,0.2,1.4429223744292237,-1.0,-2.0,0.0,1.0,0.0,-0.5384345384345385,1.4384615384615385,0.6517412935323383,1.0,0.0,0.0,0.8836524300441826,0.0,0.11278485901892622,1.0,-1.0,1.0,0.0,0.0,-1.0,0.5,0.0,0.0,0.0,-0.46153846153846156,0.0,0.0,-0.07453416149068323,0.0,0.0,0.0,0.0,0.16176470588235295,0.0,0.0,0.0,-4.0,-4.0,-0.12132582864290153,0.3333333333333333,0.3790849673202614,1.5441145280125632
0.0,-0.5,-0.11820652173913043,0.0,0.0,0.0,-1.0,-0.043478260869565216,-0.6216216216216216,0.0,0.0,-1.5,-1.4,0.0,0.0,0.0,1.0,1.0,0.0,0.32643032643032643,-0.3923076923076923,-0.2537313432835821,1.0,0.0,0.0,-0.4378988708885616,0.0,-0.9269988412514485,0.0,-1.0,0.0,0.0,0.0,0.0,-0.5,0.0,-1.0,1.0,-0.15384615384615385,0.5,0.0,0.19875776397515527,0.0,0.0,0.0,0.0,-0.36764705882352944,0.0,0.0,0.0,-3.0,0.0,-0.9403377110694177,-1.0,-0.7551533433886375,0.0
0.0,1.3,0.7325839920948617,0.0,0.4,0.0,1.0,0.7608695652173914,0.3783783783783784,2.0,0.0,0.0,0.0,2.593607305936073,-3.0,0.0,1.0,-1.0,-3.0,1.3373113373113372,0.20256410256410257,1.871641791044776,0.0,0.0,0.0,1.6593028964162986,0.0,0.7230590961761297,1.0,0.0,0.0,-1.0,0.0,-3.0,0.5,0.0,0.0,0.0,0.717948717948718,-1.0,1.0,1.2173913043478262,0.0,0.0,0.0,0.0,0.6029411764705882,0.0,0.0,0.0,0.0,1.0,0.8667917448405248,0.3333333333333333,1.3926596279537455,3.1117692831943384
1.0,1.0,-0.5117341897233202,0.0,0.5,0.0,0.0,-0.34782608695652173,0.05405405405405406,0.0,0.0,-1.0,-1.0,0.0,0.0,0.0,0.0,1.0,0.0,0.303966303966304,-0.2829059829059829,-0.1582089552238806,1.0,0.0,-4.0,0.2925871379479627,0.0,-0.3522595596755504,1.0,-1.0,0.0,-1.0,0.0,0.0,0.0,0.0,-1.0,0.0,-0.5897435897435898,0.5,0.0,1.834368530020704,0.0,0.0,0.0,0.0,1.9558823529411764,158.0,0.0,0.0,-2.0,0.0,-0.35897435897435875,-0.3333333333333333,-0.33283056812468576,0.0
0.0,0.5,0.5201333992094862,0.0,0.2,1.6666666666666667,0.5,0.13043478260869565,-0.40540540540540543,2.0,0.0,-1.5,-1.4,0.5844748858447488,0.0,0.0,0.0,1.0,0.0,-0.09617409617409617,-0.6213675213675214,-0.900497512437811,1.0,0.0,0.0,-0.09229258713794797,0.9409340659340659,0.40324449594438005,0.0,0.0,1.0,0.0,0.0,0.0,0.0,0.0,0.0,0.0,-0.02564102564102564,0.0,0.0,0.2898550724637681,0.0,0.0,0.0,0.0,0.9264705882352942,216.0,0.0,0.0,0.0,0.0,1.06816760475297,0.0,-0.2161890397184515,0.6626130914078021
0.0,0.45,0.5058053359683794,-1.0,-0.6,0.3333333333333333,0.0,-1.108695652173913,0.0,0.0,0.0,-1.0,-1.0,0.0,0.0,0.0,-1.0,-1.0,0.0,-0.5384345384345385,0.18888888888888888,-0.8029850746268656,0.25,0.0,0.0,0.6597938144329897,1.0274725274725274,1.6855928930088837,0.0,0.0,0.0,0.0,0.0,0.0,2.5,-4.0,0.0,1.0,0.3333333333333333,-1.0,0.0,0.7950310559006211,0.0,0.0,0.0,2.5654761904761907,-0.36764705882352944,0.0,0.0,0.0,0.0,0.0,0.10108590596395482,1.3333333333333333,0.6676721970839617,0.0
1.0,0.0,-1.248147233201581,0.0,-0.7,0.0,0.0,0.6739130434782609,0.2702702702702703,0.0,0.0,0.0,0.0,0.8949771689497716,-1.0,0.0,1.0,0.0,-3.0,0.44015444015444016,-0.5581196581196581,-0.2855721393034826,0.0,0.0,0.0,-0.4693176239567992,0.0,-0.9517188103514871,1.0,-1.0,0.0,-2.0,0.0,-1.0,-1.5,0.0,0.0,0.0,0.6153846153846154,0.0,0.0,-0.2484472049689441,0.0,0.0,0.0,0.8869047619047619,-0.36764705882352944,0.0,0.0,0.0,0.0,0.0,0.983531373775276,-1.3333333333333333,-0.7873303167420814,0.7113928406939846
-2.0,0.75,0.37660573122529645,0.0,0.9,1.0,2.0,0.7608695652173914,0.3783783783783784,0.0,0.0,0.0,0.0,0.974124809741248,-3.0,0.0,1.0,-1.0,-3.0,0.5356265356265356,-0.3854700854700855,0.050746268656716415,0.0,0.0,0.0,-0.11978399607265587,1.3475274725274726,0.8389339513325609,1.0,0.0,1.0,0.0,0.0,-3.0,2.0,0.0,0.0,0.0,0.717948717948718,-1.0,1.0,1.3747412008281574,0.0,0.0,0.0,1.0,0.39705882352941174,0.0,0.0,0.0,0.0,0.0,-0.4517823639774859,1.6666666666666667,0.5480140774258422,1.1912088141568082
0.0,-0.9,-0.15427371541501977,0.0,-0.9,-0.3333333333333333,0.0,-1.2391304347826086,-1.1891891891891893,0.0,0.0,0.25,0.2,0.0,0.0,0.0,-1.0,1.0,0.0,-0.5384345384345385,0.8111111111111111,-0.07860696517412935,0.25,-1.0,-3.0,-0.2650957290132548,0.0,-0.791039011201236,0.0,-1.0,0.0,-1.0,0.0,-2.0,-1.0,0.0,0.0,1.0,-1.641025641025641,0.5,-1.0,-1.1925465838509317,-4.0,-1.0,-1.0,0.0,1.0735294117647058,0.0,40.0,0.0,0.0,0.0,0.20137585991244517,-1.3333333333333333,-0.5781799899446959,0.0
0.0,-0.35,-0.24172430830039526,0.0,-0.7,0.0,0.5,0.6739130434782609,0.2702702702702703,0.0,0.0,0.0,0.0,0.6453576864535768,-1.0,0.0,1.0,0.0,-3.0,-0.5384345384345385,1.6145299145299146,0.8567164179104477,0.0,0.0,0.0,0.6578301423662248,0.0,-0.06488991888760139,0.0,0.0,0.0,0.0,0.0,-1.0,0.5,0.0,-1.0,0.0,0.6153846153846154,0.0,0.0,0.6045548654244306,0.0,0.0,0.0,1.1428571428571428,0.5147058823529411,0.0,0.0,0.0,0.0,0.0,-0.40900562851782346,0.0,0.36701860231271993,0.6642780357657538
0.0,0.0,-0.2664278656126482,0.0,0.7,1.3333333333333333,0.0,-0.15217391304347827,-0.7567567567567568,0.0,0.0,0.0,0.0,0.0,0.0,0.0,0.0,1.0,-2.0,-0.2758862758862759,-0.8162393162393162,-0.35323383084577115,0.5,0.0,0.0,-0.34167893961708395,0.0,-0.8512939358825802,1.0,-1.0,0.0,0.0,0.0,0.0,0.0,0.0,-1.0,1.0,0.2564102564102564,0.5,-1.0,-0.9937888198757764,0.0,0.0,0.0,0.0,-0.36764705882352944,252.0,0.0,0.0,0.0,0.0,-1.3016468626224718,-0.3333333333333333,-0.7561588738059326,0.0
0.0,0.15,4.1164772727272725,-1.0,-0.1,0.0,-0.5,-0.2391304347826087,-0.8648648648648649,0.0,0.0,-1.5,-1.4,1.1506849315068493,0.0,0.0,0.0,1.0,0.0,0.2941382941382941,0.20085470085470086,0.39104477611940297,1.0,0.0,0.0,0.19833087874324987,0.0,-0.4264194669756663,0.0,-1.0,0.0,0.0,0.0,0.0,0.0,0.0,-1.0,0.0,-0.46153846153846156,0.5,-1.0,-0.6956521739130435,0.0,0.0,-1.0,1.5535714285714286,0.20588235294117646,0.0,0.0,0.0,0.0,0.0,-0.49906191369605973,-0.6666666666666666,-0.1035696329813977,1.0825906049796317
0.0,0.5,0.1288290513833992,0.0,-0.7,1.0,1.0,0.4782608695652174,0.05405405405405406,0.0,0.0,0.0,0.0,2.6666666666666665,-1.0,0.0,1.0,0.0,0.0,0.9764829764829764,-0.5752136752136752,0.454726368159204,0.0,0.0,0.0,0.2611683848797251,1.195054945054945,0.9671687910390112,1.0,0.0,1.0,0.0,0.0,-1.0,1.0,0.0,0.0,0.0,0.38461538461538464,0.0,0.0,0.3146997929606625,0.0,0.0,0.0,0.0,0.5882352941176471,0.0,0.0,0.0,0.0,0.0,0.6085053158223886,1.0,0.8355957767722474,3.327679435916101
0.0,0.0,0.5653409090909091,0.0,-0.5,1.0,-1.0,-1.3695652173913044,0.16216216216216217,0.0,0.0,-1.0,-1.4,0.0,0.0,0.0,0.0,-0.5,0.0,-0.5384345384345385,0.14102564102564102,-0.8587064676616916,0.5,-1.0,0.0,-0.5714285714285714,0.7554945054945055,-0.18230977211278485,0.0,-1.0,1.0,-1.0,0.0,0.0,0.0,-3.0,-1.0,1.0,-0.7692307692307693,0.5,-1.0,-0.39751552795031053,-4.0,0.0,0.0,1.0,-0.014705882352941176,0.0,0.0,0.0,-3.0,0.0,-0.03794037940379385,-0.3333333333333333,-0.5761689291101055,0.0
1.0,-2.45,-1.9628211462450593,0.0,-0.2,1.3333333333333333,-0.5,-0.06521739130434782,-0.6486486486486487,0.0,0.0,-1.75,-1.6,0.0,0.0,0.0,0.0,0.0,-3.0,0.23797823797823797,-0.6846153846153846,-0.7194029850746269,0.0,0.0,0.0,-0.8973981345115366,0.0,-1.2885283893395134,1.0,-1.0,0.0,-2.0,0.0,-3.0,-1.5,0.0,-1.0,1.25,0.0,-0.5,-2.0,-1.9875776397515528,-2.0,-2.0,0.0,0.0,-0.36764705882352944,0.0,0.0,0.0,0.0,-4.0,-0.28893058161350826,-1.3333333333333333,-1.2257415786827552,0.0
0.0,-0.5,-0.11820652173913043,0.0,0.0,1.0,-0.5,0.021739130434782608,-0.5405405405405406,0.0,0.0,0.0,0.0,0.0,0.0,0.0,0.0,0.0,0.0,-0.5384345384345385,0.7153846153846154,-0.1900497512437811,1.0,0.0,0.0,-0.3750613647520864,1.2307692307692308,0.5067593665507918,0.0,0.0,2.0,1.0,1.0,0.0,1.0,0.0,-1.0,1.25,0.0,-0.5,-2.0,-1.9875776397515528,-2.0,-2.0,0.0,0.19047619047619047,0.29411764705882354,0.0,0.0,0.0,0.0,0.0,-0.043777360850531556,1.0,0.21015585721468075,0.0
0.0,0.4,-0.053483201581027665,0.0,0.9,0.0,1.0,0.7608695652173914,0.40540540540540543,0.0,0.0,-1.75,-1.6,1.1811263318112633,-1.0,0.0,1.0,0.0,0.0,-0.5384345384345385,1.8726495726495727,1.1572139303482587,0.0,0.0,0.0,0.9641629847815415,0.0,0.1761297798377752,0.0,0.0,0.0,0.0,0.0,-3.0,0.5,0.0,0.0,0.0,0.717948717948718,-1.0,1.0,1.4906832298136645,0.0,0.0,0.0,0.0,0.16176470588235295,0.0,0.0,0.0,0.0,1.0,-0.018761726078799452,0.0,0.6757164404223228,1.2807060429171984
1.0,-1.75,-1.4336709486166008,0.0,-0.5,1.6666666666666667,-0.5,0.6956521739130435,0.2972972972972973,0.0,0.0,0.0,0.0,0.487062404870624,0.0,0.0,1.0,0.0,-2.0,0.22955422955422955,-0.8162393162393162,-0.8845771144278607,0.5,0.0,0.0,-0.029455081001472753,0.0,-0.6056392429509463,1.0,-1.0,0.0,-1.0,0.0,0.0,-0.5,0.0,-1.0,0.25,0.6410256410256411,-1.0,0.0,0.18633540372670807,0.0,0.0,0.0,0.0,0.04411764705882353,0.0,0.0,0.0,0.0,0.0,-0.21188242651657263,-0.6666666666666666,-0.864756158873806,0.43529292557682603
0.0,1.0,1.9116847826086956,0.0,-0.1,0.0,-0.5,0.717391304347826,0.32432432432432434,0.0,0.0,0.0,0.0,0.0,0.0,0.0,1.0,0.0,0.0,-0.5384345384345385,1.1324786324786325,0.2955223880597015,0.0,0.0,0.0,0.10407461953853707,0.0,-0.5005793742757821,0.0,-1.0,0.0,0.0,0.0,0.0,0.0,0.0,-1.0,1.25,0.0,-0.5,-2.0,-1.9875776397515528,-2.0,-2.0,0.0,0.21428571428571427,0.45588235294117646,0.0,0.0,0.0,0.0,-4.0,-0.6391494684177608,-0.6666666666666666,-0.20010055304172952,0.0
-2.0,-0.4,-0.4887598814229249,0.0,0.9,0.0,0.5,0.6739130434782609,0.2972972972972973,0.0,0.0,0.0,0.0,0.0,-1.0,0.0,1.0,0.0,0.0,0.037206037206037205,0.5700854700854701,0.45671641791044776,0.0,0.0,0.0,0.26313205694648995,0.0,-0.37543453070683663,1.0,0.0,0.0,-1.0,0.0,-1.0,0.0,0.0,-1.0,0.0,0.6153846153846154,0.0,0.0,-0.33126293995859213,0.0,0.0,0.0,0.0,1.2941176470588236,0.0,0.0,0.0,0.0,0.0,-0.40275171982489033,0.0,-0.03720462543991956,0.0
0.0,-0.4,-0.38574604743083,0.0,-0.4,1.0,0.0,0.5652173913043478,0.16216216216216217,0.0,0.0,0.0,0.0,0.0,0.0,0.0,1.0,0.0,0.0,-0.5384345384345385,0.8128205128205128,-0.07661691542288557,0.0,0.0,0.0,-0.26313205694648995,0.9532967032967034,0.2827346465816918,0.0,0.0,1.0,0.0,0.0,0.0,0.5,0.0,0.0,0.0,0.48717948717948717,0.0,0.0,-0.08281573498964803,0.0,0.0,0.0,0.0,0.22058823529411764,0.0,0.0,0.0,0.0,0.0,0.1538461538461536,0.3333333333333333,0.1216691804927099,0.0
0.0,0.75,0.9131669960474308,0.0,0.2,0.0,0.0,0.10869565217391304,-0.16216216216216217,0.0,0.0,-0.75,-0.6,0.7245053272450532,0.0,0.0,0.0,0.0,0.0,0.5707265707265707,0.1905982905982906,1.0955223880597016,1.0,0.0,0.0,1.9361806578301424,0.0,0.9409038238702202,1.0,0.0,0.0,0.0,0.0,0.0,0.5,-4.0,1.0,0.0,-0.05128205128205128,0.5,0.0,0.08281573498964803,0.0,0.0,0.0,2.0773809523809526,-0.36764705882352944,0.0,0.0,0.0,-2.0,0.0,1.219512195121951,0.3333333333333333,1.1422825540472599,0.9004111032611612
0.0,-0.2,-0.10783102766798419,0.0,-0.6,1.0,0.5,-0.6956521739130435,0.32432432432432434,0.0,0.0,-1.75,-1.6,0.0,-3.0,-2.0,3.0,1.0,0.0,-0.15233415233415235,0.6829059829059829,0.3194029850746269,0.0,0.0,0.0,0.19833087874324987,1.5824175824175823,1.3534183082271147,0.0,0.0,0.0,1.0,0.0,-1.0,1.5,0.0,1.0,0.0,-1.0,0.0,-1.0,-0.9440993788819876,0.0,0.0,0.0,0.0,0.5147058823529411,0.0,0.0,0.0,-4.0,0.0,0.5866166353971228,0.6666666666666666,1.0186023127199597,0.0
0.0,-0.1,0.05891798418972332,0.0,0.0,0.0,-0.5,-0.5,0.05405405405405406,2.0,0.0,-1.0,-1.0,0.0,0.0,0.0,0.0,1.0,-1.0,-0.4696384696384696,-0.8162393162393162,0.17213930348258707,0.5,0.0,-4.0,-0.017673048600883652,0.0,-0.5963692545384318,1.0,-1.0,0.0,-1.0,0.0,-1.0,-0.5,0.0,-1.0,0.0,-0.7692307692307693,0.5,-1.0,-0.9937888198757764,0.0,0.0,0.0,2.1785714285714284,-0.36764705882352944,112.0,0.0,0.0,0.0,0.0,-0.1908692933083177,-0.6666666666666666,-0.3247863247863248,0.0
0.0,0.25,0.11326581027667984,0.0,-0.5,0.0,-0.5,-0.17391304347826086,-0.7837837837837838,0.0,0.0,-1.5,-1.4,0.0,-1.0,0.0,0.0,1.0,0.0,0.6268866268866269,-0.5837606837606838,0.5263681592039801,0.5,0.0,0.0,0.3318605792832597,0.0,-0.32135959830050215,1.0,-1.0,1.0,0.0,0.0,0.0,0.0,0.0,-1.0,0.0,-0.38461538461538464,-1.0,-1.0,-0.84472049689441,0.0,0.0,0.0,4.380952380952381,0.6323529411764706,0.0,0.0,0.0,0.0,0.0,-0.3006045445069832,0.0,0.033182503770739065,0.0
